Time_stamp(s),Net_transmit(B),Net_receive(B),CPU_time(s),RAM_usage(B),Swap_free(B),Temp(C),Mem_fault,Mem_majfault,,4,3977527296,209711104
0,0.0,2306.0,6.457639,148967424.0,209711104.0,65.244,51107.0,0.0
5,105663.0,13162613.0,10.41583,252833792.0,209711104.0,65.731,81712.0,0.0
10,105705.0,13162725.0,14.964174,355819520.0,209711104.0,66.218,126262.0,0.0
15,105705.0,13162725.0,20.430282,374329344.0,209711104.0,64.757,140930.0,0.0
20,105705.0,13162725.0,25.942567,395894784.0,209711104.0,66.705,162731.0,0.0
25,105705.0,13162795.0,30.058344,407040000.0,209711104.0,64.757,172890.0,0.0
30,105705.0,13162795.0,35.317299,421937152.0,209711104.0,64.757,181900.0,0.0
35,105705.0,13162795.0,40.139464,451661824.0,209711104.0,65.731,199654.0,0.0
40,105705.0,13162795.0,45.466951,464670720.0,209711104.0,65.731,206481.0,0.0
46,105705.0,13162795.0,50.155009,472731648.0,209711104.0,64.757,213939.0,0.0
51,105705.0,13162795.0,56.069487,574746624.0,209711104.0,65.244,238801.0,0.0
56,105705.0,13162865.0,63.700263,695566336.0,209711104.0,66.705,268284.0,0.0
61,105705.0,13162865.0,75.279371,733876224.0,209711104.0,67.679,277643.0,0.0
66,105705.0,13162865.0,86.882493,742277120.0,209711104.0,67.679,279597.0,0.0
71,105705.0,13162865.0,98.072442,744804352.0,209711104.0,68.653,280307.0,0.0
76,105705.0,13162865.0,110.963049,744968192.0,209711104.0,68.166,280346.0,0.0
81,105705.0,13162865.0,121.328305,747106304.0,209711104.0,69.14,280868.0,0.0
86,105705.0,13162865.0,134.724225,752836608.0,209711104.0,69.627,282262.0,0.0
92,105705.0,13162865.0,144.614973,754417664.0,209711104.0,69.14,282648.0,0.0
97,105705.0,13162865.0,153.922301,755240960.0,209711104.0,68.653,283727.0,0.0
102,105705.0,13162865.0,165.515513,666980352.0,209711104.0,69.14,297002.0,0.0
107,105705.0,13162865.0,174.304408,670609408.0,209711104.0,66.705,297949.0,0.0
112,13160163.0,26265297.0,177.728408,746049536.0,209711104.0,67.679,342265.0,0.0
117,13160205.0,26265409.0,188.502912,756461568.0,209711104.0,69.627,344847.0,0.0
122,13160205.0,26265409.0,199.811109,756981760.0,209711104.0,69.627,344974.0,0.0
127,13160205.0,26265409.0,213.981541,758906880.0,209711104.0,70.114,345456.0,0.0
132,13160205.0,26265409.0,226.534581,759328768.0,209711104.0,69.14,345497.0,0.0
137,13160205.0,26265409.0,233.259271,641245184.0,209711104.0,66.705,349488.0,0.0
143,13160506.0,26265584.0,233.57412,588365824.0,209711104.0,65.244,349488.0,0.0
148,13160506.0,26265584.0,233.600295,588365824.0,209711104.0,63.783,349488.0,0.0
153,13160506.0,26265584.0,233.625046,588365824.0,209711104.0,65.244,349488.0,0.0
158,13237333.0,39409770.0,235.115647,751460352.0,209711104.0,65.731,389079.0,0.0
163,13237375.0,39409812.0,249.510451,776765440.0,209711104.0,66.705,395405.0,0.0
168,13237375.0,39409812.0,260.335993,776912896.0,209711104.0,69.14,395441.0,0.0
173,13237375.0,39409812.0,270.864844,777338880.0,209711104.0,69.627,395543.0,0.0
178,13237375.0,39409812.0,282.603778,777383936.0,209711104.0,70.114,395554.0,0.0
183,13237375.0,39409812.0,294.762242,778285056.0,209711104.0,68.166,395774.0,0.0
188,13237375.0,39409812.0,309.971831,778739712.0,209711104.0,69.627,395823.0,0.0
193,13237375.0,39409812.0,318.817649,778518528.0,209711104.0,69.627,395831.0,0.0
198,13237375.0,39409812.0,333.808798,778829824.0,209711104.0,67.679,395921.0,0.0
204,13237375.0,39409812.0,340.91605,778969088.0,209711104.0,68.166,395967.0,0.0
209,26340385.0,52591618.0,349.594894,792158208.0,209711104.0,70.114,435385.0,0.0
214,26340427.0,52591660.0,361.372252,791994368.0,209711104.0,70.601,435408.0,0.0
219,26340427.0,52591660.0,373.529704,792051712.0,209711104.0,66.705,435437.0,0.0
224,26340427.0,52591660.0,373.544967,792018944.0,209711104.0,64.757,435437.0,0.0
229,26340427.0,52591660.0,373.734336,792174592.0,209711104.0,68.653,435444.0,0.0
234,26340427.0,52591660.0,396.784304,792334336.0,209711104.0,66.705,435502.0,0.0
239,26340427.0,52591730.0,399.815106,792428544.0,209711104.0,64.757,435549.0,0.0
244,26340427.0,52591730.0,399.842214,792428544.0,209711104.0,66.705,435549.0,0.0
249,26462831.0,65757277.0,409.163319,830136320.0,209711104.0,68.166,461087.0,0.0
254,26462873.0,65757319.0,421.641572,830169088.0,209711104.0,68.166,461093.0,0.0
260,26462873.0,65757319.0,432.948141,830431232.0,209711104.0,68.653,461094.0,0.0
265,26462873.0,65757319.0,443.066518,830447616.0,209711104.0,69.14,461098.0,0.0
270,26462873.0,65757319.0,457.885736,830214144.0,209711104.0,68.653,461104.0,0.0
275,26462873.0,65757319.0,468.421316,830226432.0,209711104.0,69.14,461107.0,0.0
280,26462873.0,65757319.0,479.630118,830251008.0,209711104.0,70.114,461113.0,0.0
285,26462873.0,65757319.0,491.599778,830263296.0,209711104.0,68.166,461116.0,0.0
290,26462873.0,65757319.0,500.379553,832978944.0,209711104.0,67.679,461728.0,0.0
295,26462873.0,65757319.0,507.735125,833064960.0,209711104.0,69.14,461825.0,0.0
300,39563199.0,78933001.0,516.491998,789704704.0,209711104.0,70.114,488166.0,0.0
305,39563241.0,78933043.0,528.473617,789921792.0,209711104.0,71.575,488219.0,0.0
311,39563241.0,78933043.0,540.833907,790290432.0,209711104.0,72.062,488268.0,0.0
316,39563241.0,78933043.0,556.571916,790102016.0,209711104.0,70.601,488275.0,0.0
321,39563542.0,78933218.0,567.10713,722042880.0,209711104.0,66.705,488315.0,0.0
326,39563542.0,78933218.0,567.128967,721780736.0,209711104.0,66.218,488315.0,0.0
331,39563542.0,78933218.0,567.158469,721780736.0,209711104.0,65.244,488315.0,0.0
336,39641095.0,92017938.0,570.159311,827850752.0,209711104.0,68.653,514123.0,0.0
341,39641095.0,92017938.0,577.673969,827858944.0,209711104.0,68.653,514125.0,0.0
346,39641095.0,92017938.0,592.349141,828125184.0,209711104.0,69.627,514127.0,0.0
351,39641095.0,92017938.0,601.22799,831234048.0,209711104.0,70.114,514946.0,0.0
356,39641095.0,92017938.0,616.373015,831254528.0,209711104.0,69.627,514951.0,0.0
361,39641095.0,92017938.0,626.937087,831291392.0,209711104.0,69.14,514960.0,0.0
367,39641095.0,92017938.0,638.350731,831864832.0,209711104.0,70.114,515037.0,0.0
372,39641095.0,92017938.0,654.039873,833179648.0,209711104.0,69.627,515421.0,0.0
377,39641095.0,92017938.0,663.578567,833216512.0,209711104.0,68.166,515444.0,0.0
382,39641095.0,92017938.0,672.519778,833339392.0,209711104.0,69.627,515486.0,0.0
387,52658235.0,96866125.0,680.088136,729366528.0,209711104.0,70.114,527269.0,0.0
392,52722191.0,105185412.0,693.916377,788385792.0,209711104.0,71.575,541656.0,0.0
397,52722191.0,105185412.0,705.380208,788738048.0,209711104.0,71.088,541681.0,0.0
402,52722191.0,105185412.0,716.431178,788688896.0,209711104.0,71.575,541742.0,0.0
407,52722191.0,105185412.0,729.062275,788713472.0,209711104.0,67.192,541748.0,0.0
412,52722191.0,105185412.0,733.292159,788770816.0,209711104.0,67.192,541786.0,0.0
417,52722191.0,105185412.0,733.31455,788770816.0,209711104.0,69.14,541786.0,0.0
423,52846179.0,118349573.0,740.202798,832552960.0,209711104.0,69.627,567824.0,0.0
428,52846221.0,118349615.0,750.211048,832561152.0,209711104.0,70.114,567826.0,0.0
433,52846221.0,118349615.0,765.664471,832565248.0,209711104.0,69.14,567827.0,0.0
438,52846221.0,118349615.0,777.665129,832831488.0,209711104.0,70.601,567829.0,0.0
443,52846221.0,118349615.0,787.590096,832577536.0,209711104.0,71.088,567830.0,0.0
448,52846221.0,118349615.0,799.174259,832598016.0,209711104.0,70.114,567835.0,0.0
453,52846221.0,118349615.0,810.679956,832716800.0,209711104.0,70.114,567864.0,0.0
458,52846221.0,118349615.0,824.722106,832737280.0,209711104.0,67.192,567869.0,0.0
463,52846221.0,118349615.0,831.785782,833044480.0,209711104.0,70.114,567898.0,0.0
468,52846221.0,118349615.0,843.268444,716095488.0,209711104.0,70.114,574252.0,0.0
473,65930707.0,131522129.0,851.491453,761786368.0,209711104.0,70.114,617947.0,0.0
478,65930749.0,131522241.0,863.791906,762150912.0,209711104.0,71.088,617973.0,0.0
484,65930749.0,131522241.0,873.270085,762036224.0,209711104.0,67.679,618033.0,0.0
489,65930749.0,131522241.0,873.287948,762036224.0,209711104.0,65.731,618033.0,0.0
494,65930749.0,131522241.0,875.787761,762171392.0,209711104.0,70.601,618054.0,0.0
499,65930749.0,131522241.0,890.223633,762499072.0,209711104.0,70.601,618072.0,0.0
504,65931050.0,131522416.0,899.899174,697810944.0,209711104.0,67.679,618172.0,0.0
509,66044615.0,144671726.0,902.158245,816664576.0,209711104.0,69.627,648721.0,0.0
514,66044615.0,144671726.0,927.899775,823664640.0,209711104.0,70.601,648812.0,0.0
519,66044615.0,144671726.0,939.072969,823812096.0,209711104.0,70.601,648848.0,0.0
524,66044615.0,144671726.0,949.263485,823820288.0,209711104.0,69.627,648850.0,0.0
529,66044615.0,144671726.0,963.450755,825794560.0,209711104.0,70.114,649332.0,0.0
534,66044615.0,144671726.0,973.668867,826683392.0,209711104.0,71.088,649549.0,0.0
540,66044615.0,144671726.0,988.190757,829751296.0,209711104.0,69.14,650236.0,0.0
545,66044615.0,144671726.0,994.717659,829698048.0,209711104.0,70.601,650261.0,0.0
550,66044615.0,144671726.0,1007.645206,829702144.0,209711104.0,70.601,650311.0,0.0
555,79128573.0,157837112.0,1015.510783,818032640.0,209711104.0,71.575,683496.0,0.0
560,79128615.0,157837154.0,1029.646205,818143232.0,209711104.0,71.088,683523.0,0.0
565,79128615.0,157837154.0,1039.485297,818147328.0,209711104.0,67.192,683548.0,0.0
570,79128615.0,157837154.0,1039.512696,818147328.0,209711104.0,67.192,683548.0,0.0
575,79128615.0,157837154.0,1039.700097,818110464.0,209711104.0,69.627,683555.0,0.0
580,79128615.0,157837154.0,1054.194632,818327552.0,209711104.0,69.14,683579.0,0.0
585,79128615.0,157837154.0,1065.60697,818409472.0,209711104.0,66.705,683622.0,0.0
591,79128615.0,157837154.0,1065.625676,818409472.0,209711104.0,66.705,683622.0,0.0
596,79128615.0,157837154.0,1065.765368,781422592.0,209711104.0,67.679,683622.0,0.0
601,79222681.0,170976805.0,1076.851252,857866240.0,209711104.0,67.679,710838.0,0.0
606,79222681.0,170976805.0,1085.34967,857608192.0,209711104.0,69.14,710838.0,0.0
611,79222681.0,170976805.0,1098.227578,857612288.0,209711104.0,69.14,710839.0,0.0
616,79222681.0,170976805.0,1110.396013,857624576.0,209711104.0,70.114,710842.0,0.0
621,79222681.0,170976805.0,1122.560873,857759744.0,209711104.0,70.114,710875.0,0.0
626,79222681.0,170976805.0,1132.820704,857772032.0,209711104.0,70.114,710878.0,0.0
631,79222681.0,170976805.0,1145.751167,858415104.0,209711104.0,70.601,710971.0,0.0
636,79222681.0,170976805.0,1159.364279,858169344.0,209711104.0,69.14,710976.0,0.0
641,79222681.0,170976805.0,1165.759638,858259456.0,209711104.0,71.088,711008.0,0.0
647,79222681.0,170976805.0,1177.366492,858185728.0,209711104.0,71.088,711052.0,0.0
652,92339969.0,184155919.0,1188.854382,820150272.0,209711104.0,71.088,737121.0,0.0
657,92340011.0,184155961.0,1200.014013,820441088.0,209711104.0,68.653,737192.0,0.0
662,92340011.0,184155961.0,1204.80328,820432896.0,209711104.0,67.679,737214.0,0.0
667,92340011.0,184155961.0,1204.828226,820432896.0,209711104.0,68.166,737214.0,0.0
672,92340011.0,184155961.0,1210.151024,821243904.0,209711104.0,69.627,737401.0,0.0
677,92340011.0,184155961.0,1223.331141,821264384.0,209711104.0,69.627,737406.0,0.0
682,92340312.0,184156136.0,1231.472485,747671552.0,209711104.0,67.679,737447.0,0.0
687,92460435.0,197320584.0,1239.08095,859078656.0,209711104.0,69.14,764566.0,0.0
692,92460435.0,197320584.0,1250.426984,859099136.0,209711104.0,69.627,764571.0,0.0
697,92460435.0,197320584.0,1262.177771,859140096.0,209711104.0,71.088,764581.0,0.0
702,92460435.0,197320584.0,1273.83855,859148288.0,209711104.0,70.114,764583.0,0.0
708,92460435.0,197320584.0,1286.014334,859160576.0,209711104.0,70.601,764586.0,0.0
713,92460435.0,197320584.0,1297.211369,859168768.0,209711104.0,70.114,764588.0,0.0
718,92460435.0,197320584.0,1308.566944,859176960.0,209711104.0,69.14,764590.0,0.0
723,92460435.0,197320584.0,1320.550925,859189248.0,209711104.0,70.601,764593.0,0.0
728,92460435.0,197320584.0,1332.397677,859308032.0,209711104.0,71.088,764635.0,0.0
733,105565975.0,210489402.0,1343.722512,783921152.0,209711104.0,71.575,782042.0,0.0
738,105565975.0,210489402.0,1352.254439,820969472.0,209711104.0,71.088,791076.0,0.0
743,105566017.0,210489444.0,1366.342298,821612544.0,209711104.0,71.088,791107.0,0.0
748,105566017.0,210489444.0,1380.370304,821190656.0,209711104.0,72.062,791141.0,0.0
753,105566017.0,210489444.0,1390.334899,821215232.0,209711104.0,69.627,791147.0,0.0
759,105566318.0,210489619.0,1396.794138,749760512.0,209711104.0,66.705,791185.0,0.0
764,105684263.0,223655189.0,1398.348865,859402240.0,209711104.0,70.114,817829.0,0.0
769,105684263.0,223655189.0,1407.691962,859213824.0,209711104.0,70.114,817831.0,0.0
774,105684263.0,223655189.0,1421.218381,859480064.0,209711104.0,71.575,817833.0,0.0
779,105684263.0,223655189.0,1434.064815,859234304.0,209711104.0,70.601,817836.0,0.0
784,105684263.0,223655189.0,1444.295318,859246592.0,209711104.0,71.575,817839.0,0.0
789,105684263.0,223655189.0,1470.262848,859295744.0,209711104.0,71.088,817851.0,0.0
794,105684263.0,223655189.0,1482.66085,859303936.0,209711104.0,69.627,817853.0,0.0
799,105684263.0,223655189.0,1490.241018,859283456.0,209711104.0,71.088,817858.0,0.0
804,105684263.0,223655189.0,1501.444037,859500544.0,209711104.0,72.062,817926.0,0.0
809,118760169.0,233787052.0,1509.33355,759910400.0,209711104.0,72.062,830218.0,0.0
814,118788393.0,236827283.0,1520.62549,808681472.0,209711104.0,72.062,842217.0,0.0
820,118788393.0,236827283.0,1533.471292,808787968.0,209711104.0,72.549,842243.0,0.0
825,118788393.0,236827283.0,1548.396281,808898560.0,209711104.0,72.549,842284.0,0.0
830,118788393.0,236827283.0,1559.283954,808923136.0,209711104.0,69.627,842290.0,0.0
835,118788694.0,236827458.0,1562.720783,740057088.0,209711104.0,68.166,842327.0,0.0
840,118788694.0,236827458.0,1562.745543,740057088.0,209711104.0,66.218,842327.0,0.0
845,118788694.0,236827458.0,1562.770477,740057088.0,209711104.0,70.114,842327.0,0.0
850,118887235.0,249963922.0,1573.856947,849936384.0,209711104.0,71.575,869017.0,0.0
855,118887235.0,249963922.0,1584.014297,849694720.0,209711104.0,69.627,869021.0,0.0
860,118887235.0,249963922.0,1596.649465,849731584.0,209711104.0,70.601,869030.0,0.0
865,118887235.0,249963922.0,1610.446773,850006016.0,209711104.0,70.601,869034.0,0.0
870,118887235.0,249963922.0,1622.556607,849747968.0,209711104.0,70.601,869034.0,0.0
876,118887235.0,249963922.0,1632.920567,849752064.0,209711104.0,69.627,869035.0,0.0
881,118887235.0,249963922.0,1646.282417,849776640.0,209711104.0,72.062,869041.0,0.0
886,118887235.0,249963922.0,1658.134996,850132992.0,209711104.0,72.062,869077.0,0.0
891,118887235.0,249963922.0,1665.356175,849874944.0,209711104.0,71.088,869101.0,0.0
896,118887235.0,249963922.0,1674.921128,786026496.0,209711104.0,69.627,871623.0,0.0
901,131987405.0,263138062.0,1682.693148,811909120.0,209711104.0,71.575,896559.0,0.0
906,131987405.0,263138062.0,1692.136758,811986944.0,209711104.0,71.088,896578.0,0.0
911,131987405.0,263138062.0,1706.109547,812171264.0,209711104.0,72.549,896634.0,0.0
916,131987405.0,263138062.0,1717.926244,812191744.0,209711104.0,72.062,896639.0,0.0
921,131987706.0,263138237.0,1728.513947,741158912.0,209711104.0,68.166,896679.0,0.0
926,131987706.0,263138237.0,1728.533397,741158912.0,209711104.0,69.627,896679.0,0.0
931,132069285.0,276248103.0,1736.112929,773279744.0,209711104.0,70.601,938076.0,0.0
937,132069285.0,276248173.0,1747.827221,774668288.0,209711104.0,71.575,938383.0,0.0
942,132069285.0,276248173.0,1761.117582,775376896.0,209711104.0,70.114,938525.0,0.0
947,132069285.0,276248173.0,1773.934077,775831552.0,209711104.0,71.575,938699.0,0.0
952,132069285.0,276248173.0,1786.940156,776077312.0,209711104.0,71.575,938759.0,0.0
957,132069285.0,276248173.0,1795.985386,776499200.0,209711104.0,71.575,938823.0,0.0
962,132069285.0,276248173.0,1806.829297,776515584.0,209711104.0,72.062,938867.0,0.0
967,132069285.0,276248173.0,1820.150836,776540160.0,209711104.0,69.627,938873.0,0.0
972,132069285.0,276248173.0,1827.660636,776667136.0,209711104.0,69.627,938915.0,0.0
977,132069285.0,276248173.0,1834.920697,776802304.0,209711104.0,69.627,938962.0,0.0
982,145156675.0,289421809.0,1846.29896,822546432.0,209711104.0,71.088,982673.0,0.0
987,145156717.0,289421851.0,1857.783286,822636544.0,209711104.0,72.062,982695.0,0.0
993,145156717.0,289421851.0,1870.706562,822796288.0,209711104.0,72.062,982747.0,0.0
998,145156717.0,289421851.0,1881.811137,822947840.0,209711104.0,72.062,982784.0,0.0
1003,145156717.0,289421851.0,1894.53031,785952768.0,209711104.0,69.14,982826.0,0.0
1008,145157018.0,289422026.0,1894.691763,754917376.0,209711104.0,68.653,982826.0,0.0
1013,145236749.0,302506350.0,1899.427731,862990336.0,209711104.0,69.14,1009126.0,0.0
1018,145236749.0,302506350.0,1913.444028,863080448.0,209711104.0,70.601,1009148.0,0.0
1023,145236749.0,302506350.0,1924.254591,863080448.0,209711104.0,69.627,1009148.0,0.0
1028,145236749.0,302506350.0,1935.920884,863694848.0,209711104.0,71.088,1009298.0,0.0
1033,145236749.0,302506350.0,1949.212025,863752192.0,209711104.0,72.062,1009312.0,0.0
1038,145236749.0,302506350.0,1961.844785,863776768.0,209711104.0,71.088,1009318.0,0.0
1043,145236749.0,302506350.0,1971.363578,863821824.0,209711104.0,71.088,1009329.0,0.0
1048,145236749.0,302506350.0,1982.946808,863846400.0,209711104.0,71.088,1009334.0,0.0
1054,145236749.0,302506350.0,1993.938785,863932416.0,209711104.0,71.575,1009368.0,0.0
1059,145236749.0,302506350.0,2006.023668,864382976.0,209711104.0,70.114,1009444.0,0.0
1064,158355753.0,315686982.0,2014.053066,792559616.0,209711104.0,71.575,1034453.0,0.0
1069,158355795.0,315687024.0,2026.436981,792662016.0,209711104.0,72.062,1034478.0,0.0
1074,158355795.0,315687024.0,2038.185788,792793088.0,209711104.0,72.549,1034522.0,0.0
1079,158355795.0,315687024.0,2052.080663,793075712.0,209711104.0,71.088,1034570.0,0.0
1084,158355795.0,315687024.0,2059.871572,792891392.0,209711104.0,67.192,1034570.0,0.0
1089,158355795.0,315687024.0,2060.243547,792809472.0,209711104.0,68.166,1034570.0,0.0
1094,158472127.0,328852241.0,2066.275822,851341312.0,209711104.0,69.627,1065770.0,0.0
1099,158472127.0,328852241.0,2076.897026,859459584.0,209711104.0,70.601,1067674.0,0.0
1104,158472127.0,328852241.0,2088.099321,861949952.0,209711104.0,69.627,1068360.0,0.0
1109,158472127.0,328852241.0,2101.56169,861974528.0,209711104.0,71.575,1068366.0,0.0
1115,158472127.0,328852241.0,2113.888838,862277632.0,209711104.0,70.601,1068440.0,0.0
1120,158472127.0,328852241.0,2122.396108,862289920.0,209711104.0,70.601,1068443.0,0.0
1125,158472127.0,328852241.0,2136.079127,862310400.0,209711104.0,70.601,1068448.0,0.0
1130,158472127.0,328852241.0,2147.352686,862769152.0,209711104.0,71.575,1068560.0,0.0
1135,158472127.0,328852241.0,2157.689636,862838784.0,209711104.0,69.627,1068590.0,0.0
1140,158472127.0,328852241.0,2167.599674,862937088.0,209711104.0,69.14,1068627.0,0.0
1145,171577601.0,342022511.0,2174.876466,809181184.0,209711104.0,72.549,1093109.0,0.0
1150,171577643.0,342022553.0,2189.652517,809295872.0,209711104.0,71.575,1093137.0,0.0
1155,171577643.0,342022553.0,2199.141998,809390080.0,209711104.0,72.549,1093160.0,0.0
1160,171577643.0,342022553.0,2214.056916,809451520.0,209711104.0,71.088,1093188.0,0.0
1165,171577643.0,342022553.0,2225.458565,809529344.0,209711104.0,68.653,1093207.0,0.0
1170,171577944.0,342022728.0,2226.070218,744079360.0,209711104.0,68.166,1093230.0,0.0
1176,171639393.0,355100782.0,2232.965822,855937024.0,209711104.0,70.601,1120463.0,0.0
1181,171639393.0,355100782.0,2242.616456,855949312.0,209711104.0,69.627,1120466.0,0.0
1186,171639393.0,355100782.0,2253.98579,855961600.0,209711104.0,70.114,1120469.0,0.0
1191,171639393.0,355100782.0,2265.827936,855977984.0,209711104.0,69.627,1120473.0,0.0
1196,171639393.0,355100782.0,2276.997634,855977984.0,209711104.0,71.088,1120473.0,0.0
1201,171639393.0,355100782.0,2290.384636,856309760.0,209711104.0,71.575,1120554.0,0.0
1206,171639393.0,355100782.0,2300.74142,856322048.0,209711104.0,72.062,1120557.0,0.0
1211,171639393.0,355100782.0,2314.615221,857333760.0,209711104.0,69.627,1120804.0,0.0
1216,171639393.0,355100782.0,2320.329514,857567232.0,209711104.0,70.601,1120823.0,0.0
1221,171639393.0,355100782.0,2329.721512,857612288.0,209711104.0,70.114,1120868.0,0.0
1227,184722229.0,368260228.0,2339.184316,818253824.0,209711104.0,71.575,1146809.0,0.0
1232,184722271.0,368260270.0,2350.414083,817848320.0,209711104.0,72.062,1146832.0,0.0
1237,184722271.0,368260270.0,2364.183326,817979392.0,209711104.0,72.062,1146864.0,0.0
1242,184722271.0,368260270.0,2378.115608,818049024.0,209711104.0,72.062,1146893.0,0.0
1247,184722271.0,368260270.0,2390.023839,818335744.0,209711104.0,70.114,1146900.0,0.0
1252,184722572.0,368260445.0,2392.161985,746430464.0,209711104.0,67.192,1146936.0,0.0
1257,184722572.0,368260445.0,2392.186519,746430464.0,209711104.0,68.166,1146936.0,0.0
1262,184722572.0,368260445.0,2392.214266,746430464.0,209711104.0,66.705,1146936.0,0.0
1267,184722572.0,368260445.0,2392.236069,746430464.0,209711104.0,66.705,1146936.0,0.0
1272,184835303.0,381416709.0,2395.919542,856469504.0,209711104.0,68.653,1173715.0,0.0
1277,184835345.0,381416751.0,2411.437101,856731648.0,209711104.0,70.114,1173717.0,0.0
1282,184835345.0,381416751.0,2421.634831,856485888.0,209711104.0,70.114,1173719.0,0.0
1288,184835345.0,381416751.0,2434.969384,860110848.0,209711104.0,70.601,1174604.0,0.0
1293,184835345.0,381416751.0,2445.654388,860119040.0,209711104.0,70.601,1174606.0,0.0
1298,184835345.0,381416751.0,2454.991656,860127232.0,209711104.0,70.601,1174608.0,0.0
1303,184835345.0,381416751.0,2471.712585,860405760.0,209711104.0,70.601,1174613.0,0.0
1308,184835345.0,381416751.0,2481.844356,860151808.0,209711104.0,68.166,1174614.0,0.0
1313,184835345.0,381416751.0,2489.011739,860209152.0,209711104.0,71.088,1174641.0,0.0
1318,184835345.0,381416751.0,2500.950276,860319744.0,209711104.0,70.601,1174680.0,0.0
1323,197949993.0,394590519.0,2510.262979,831422464.0,209711104.0,71.088,1203173.0,0.0
1328,197950035.0,394590561.0,2522.138671,831774720.0,209711104.0,72.062,1203196.0,0.0
1333,197950035.0,394590561.0,2535.029155,831647744.0,209711104.0,71.575,1203241.0,0.0
1338,197950035.0,394590561.0,2545.266583,831668224.0,209711104.0,71.575,1203246.0,0.0
1343,197950336.0,394590736.0,2558.204793,758362112.0,209711104.0,67.679,1203324.0,0.0
1348,197950336.0,394590736.0,2558.224151,758362112.0,209711104.0,69.14,1203324.0,0.0
1354,198066631.0,407759078.0,2566.029376,870338560.0,209711104.0,71.575,1230580.0,0.0
1359,198066631.0,407759078.0,2575.967929,870338560.0,209711104.0,70.114,1230580.0,0.0
1364,198066631.0,407759078.0,2588.911229,870342656.0,209711104.0,71.088,1230581.0,0.0
1369,198066631.0,407759078.0,2598.202266,870346752.0,209711104.0,70.601,1230582.0,0.0
1374,198066631.0,407759078.0,2613.322411,870359040.0,209711104.0,69.627,1230585.0,0.0
1379,198066631.0,407759078.0,2638.837534,870629376.0,209711104.0,70.114,1230588.0,0.0
1384,198066631.0,407759078.0,2650.258636,870379520.0,209711104.0,72.549,1230590.0,0.0
1389,198066631.0,407759078.0,2660.658271,870748160.0,209711104.0,73.036,1230631.0,0.0
1394,211054226.0,407776809.0,2670.795891,767045632.0,209711104.0,68.166,1240816.0,0.0
1399,211157693.0,420920942.0,2674.2065,816750592.0,209711104.0,71.575,1252902.0,0.0
1404,211157693.0,420920942.0,2687.414489,816861184.0,209711104.0,72.549,1252929.0,0.0
1409,211157693.0,420920942.0,2697.639565,816898048.0,209711104.0,67.679,1252954.0,0.0
1415,211157693.0,420920942.0,2697.656135,816865280.0,209711104.0,66.705,1252954.0,0.0
1420,211157693.0,420920942.0,2700.449914,686768128.0,209711104.0,70.114,1261128.0,0.0
1425,211157693.0,420920942.0,2709.273466,687050752.0,209711104.0,71.088,1261134.0,0.0
1430,211157693.0,420920942.0,2723.451929,692944896.0,209711104.0,71.088,1262574.0,0.0
1435,211236009.0,434060221.0,2732.009608,811008000.0,209711104.0,70.114,1303734.0,0.0
1440,211236051.0,434060263.0,2746.932114,812974080.0,209711104.0,70.601,1304155.0,0.0
1445,211236051.0,434060263.0,2758.392518,813215744.0,209711104.0,71.088,1304229.0,0.0
1450,211236051.0,434060263.0,2768.383118,813535232.0,209711104.0,70.601,1304293.0,0.0
1455,211236051.0,434060263.0,2782.184692,813436928.0,209711104.0,70.601,1304331.0,0.0
1460,211236051.0,434060263.0,2794.502727,813563904.0,209711104.0,71.575,1304362.0,0.0
1466,211236051.0,434060263.0,2804.852574,813871104.0,209711104.0,71.575,1304374.0,0.0
1471,211236051.0,434060263.0,2818.067497,813539328.0,209711104.0,72.062,1304381.0,0.0
1476,211236051.0,434060263.0,2828.701013,814047232.0,209711104.0,71.088,1304451.0,0.0
1481,224223514.0,434077400.0,2837.199457,764833792.0,209711104.0,70.601,1328425.0,0.0
1486,224348431.0,447237109.0,2847.10856,830226432.0,209711104.0,71.575,1344321.0,0.0
1491,224348431.0,447237109.0,2858.996522,830324736.0,209711104.0,72.062,1344345.0,0.0
1496,224348431.0,447237109.0,2871.103025,830439424.0,209711104.0,72.062,1344386.0,0.0
1501,224348431.0,447237109.0,2884.217169,830468096.0,209711104.0,71.575,1344393.0,0.0
1506,224348732.0,447237284.0,2891.131213,763764736.0,209711104.0,68.166,1344469.0,0.0
1511,224348732.0,447237284.0,2891.158701,763506688.0,209711104.0,67.192,1344469.0,0.0
1516,224348732.0,447237284.0,2891.179436,763506688.0,209711104.0,67.679,1344469.0,0.0
1521,224472353.0,460394274.0,2896.335512,794181632.0,209711104.0,67.679,1369974.0,0.0
1526,224472395.0,460394316.0,2907.181684,795959296.0,209711104.0,70.114,1370407.0,0.0
1531,224472395.0,460394316.0,2922.088604,796012544.0,209711104.0,70.601,1370420.0,0.0
1537,224472395.0,460394316.0,2933.673009,796020736.0,209711104.0,71.088,1370422.0,0.0
1542,224472395.0,460394316.0,2945.42839,796024832.0,209711104.0,71.575,1370423.0,0.0
1547,224472395.0,460394316.0,2956.372394,796049408.0,209711104.0,71.088,1370428.0,0.0
1552,224472395.0,460394316.0,2970.357038,796536832.0,209711104.0,72.062,1370484.0,0.0
1557,224472395.0,460394316.0,2981.638835,796282880.0,209711104.0,71.575,1370485.0,0.0
1562,224472395.0,460394316.0,2993.764924,796356608.0,209711104.0,70.601,1370536.0,0.0
1567,224472395.0,460394316.0,2999.149137,796733440.0,209711104.0,71.088,1370558.0,0.0
1572,237579321.0,473567754.0,3011.21204,821805056.0,209711104.0,70.601,1394133.0,0.0
1577,237579363.0,473567796.0,3025.152214,822308864.0,209711104.0,72.549,1394193.0,0.0
1582,237579363.0,473567796.0,3034.549927,822153216.0,209711104.0,72.549,1394230.0,0.0
1587,237579363.0,473567796.0,3046.630758,822173696.0,209711104.0,72.549,1394235.0,0.0
1592,237579664.0,473567971.0,3057.311186,763015168.0,209711104.0,68.166,1394276.0,0.0
1598,237579706.0,473568013.0,3057.340525,763015168.0,209711104.0,69.14,1394276.0,0.0
1603,237711841.0,486731603.0,3066.795656,867532800.0,209711104.0,71.088,1419705.0,0.0
1608,237711841.0,486731603.0,3076.862152,867545088.0,209711104.0,70.601,1419708.0,0.0
1613,237711841.0,486731603.0,3090.669024,867545088.0,209711104.0,69.627,1419708.0,0.0
1618,237711841.0,486731603.0,3100.323252,867557376.0,209711104.0,72.062,1419711.0,0.0
1623,237711841.0,486731603.0,3111.314007,867819520.0,209711104.0,71.088,1419714.0,0.0
1628,237711841.0,486731603.0,3125.462029,867577856.0,209711104.0,71.575,1419716.0,0.0
1633,237711841.0,486731603.0,3137.833059,867598336.0,209711104.0,71.575,1419721.0,0.0
1638,237711841.0,486731603.0,3149.0263,867606528.0,209711104.0,71.575,1419723.0,0.0
1643,237711841.0,486731603.0,3157.385433,867917824.0,209711104.0,73.036,1419757.0,0.0
1648,237711841.0,486731603.0,3169.500483,793505792.0,209711104.0,71.575,1419803.0,0.0
1653,250831241.0,499912697.0,3179.08252,821481472.0,209711104.0,71.575,1443986.0,0.0
1658,250831283.0,499912739.0,3191.997441,821587968.0,209711104.0,72.062,1444012.0,0.0
1664,250831283.0,499912739.0,3202.656688,821686272.0,209711104.0,73.523,1444049.0,0.0
1669,250831283.0,499912739.0,3213.687402,821706752.0,209711104.0,72.549,1444054.0,0.0
1674,250831584.0,499912914.0,3223.736455,758898688.0,209711104.0,68.166,1444122.0,0.0
1679,250831584.0,499912914.0,3223.758276,758640640.0,209711104.0,69.14,1444122.0,0.0
1684,250927725.0,513045526.0,3234.438017,867225600.0,209711104.0,70.114,1470540.0,0.0
1689,250927725.0,513045526.0,3244.348725,867246080.0,209711104.0,71.088,1470545.0,0.0
1694,250927725.0,513045526.0,3258.286931,867512320.0,209711104.0,71.088,1470548.0,0.0
1699,250927725.0,513045526.0,3279.972274,867753984.0,209711104.0,71.575,1470669.0,0.0
1704,250927725.0,513045526.0,3291.956651,867758080.0,209711104.0,73.036,1470670.0,0.0
1709,250927725.0,513045526.0,3305.73936,867770368.0,209711104.0,71.575,1470673.0,0.0
1714,250927725.0,513045526.0,3315.981494,867774464.0,209711104.0,72.062,1470674.0,0.0
1719,250927725.0,513045526.0,3326.362741,867794944.0,209711104.0,71.575,1470716.0,0.0
1724,250927725.0,513045526.0,3335.437101,867954688.0,209711104.0,68.653,1470752.0,0.0
1730,264043297.0,526225366.0,3339.730604,839536640.0,209711104.0,71.575,1499288.0,0.0
1735,264043339.0,526225408.0,3354.793126,839888896.0,209711104.0,71.088,1499316.0,0.0
1740,264043339.0,526225408.0,3363.29346,839655424.0,209711104.0,68.166,1499342.0,0.0
1745,264043339.0,526225408.0,3363.310829,839655424.0,209711104.0,67.192,1499342.0,0.0
1750,264043339.0,526225408.0,3364.899815,839802880.0,209711104.0,70.114,1499362.0,0.0
1755,264043339.0,526225408.0,3376.625187,839811072.0,209711104.0,72.062,1499367.0,0.0
1760,264043339.0,526225408.0,3389.339939,839835648.0,209711104.0,68.166,1499373.0,0.0
1765,264043339.0,526225408.0,3389.571931,839884800.0,209711104.0,67.192,1499410.0,0.0
1770,264043339.0,526225408.0,3389.667206,802967552.0,209711104.0,69.14,1499410.0,0.0
1775,264148913.0,539361783.0,3398.692451,877219840.0,209711104.0,70.114,1524836.0,0.0
1780,264148913.0,539361783.0,3411.521144,877518848.0,209711104.0,70.601,1524909.0,0.0
1786,264148913.0,539361783.0,3421.364434,877527040.0,209711104.0,71.088,1524911.0,0.0
1791,264148913.0,539361783.0,3437.663365,877547520.0,209711104.0,70.601,1524916.0,0.0
1796,264148913.0,539361783.0,3446.86415,877547520.0,209711104.0,70.114,1524916.0,0.0
1801,264148913.0,539361783.0,3461.264298,877674496.0,209711104.0,71.088,1524947.0,0.0
1806,264148913.0,539361783.0,3471.515322,877699072.0,209711104.0,69.627,1524953.0,0.0
1811,264148913.0,539361783.0,3483.909957,877559808.0,209711104.0,71.575,1524960.0,0.0
1816,264148913.0,539361783.0,3497.286541,877875200.0,209711104.0,70.114,1525020.0,0.0
1821,277136376.0,539378920.0,3502.813781,778911744.0,209711104.0,70.601,1536392.0,0.0
1826,277260435.0,552531765.0,3514.143012,849235968.0,209711104.0,71.088,1553512.0,0.0
1831,277260435.0,552531765.0,3525.977247,849338368.0,209711104.0,72.549,1553537.0,0.0
1836,277260435.0,552531835.0,3538.41414,849428480.0,209711104.0,71.575,1553571.0,0.0
1842,277260435.0,552531835.0,3550.142524,849453056.0,209711104.0,70.114,1553577.0,0.0
1847,277260435.0,552531835.0,3556.181178,849510400.0,209711104.0,68.166,1553616.0,0.0
1852,277260435.0,552531835.0,3556.208177,849510400.0,209711104.0,67.679,1553616.0,0.0
1857,277392343.0,565695468.0,3560.759721,886861824.0,209711104.0,70.114,1579047.0,0.0
1862,277392343.0,565695468.0,3570.563779,886874112.0,209711104.0,70.601,1579050.0,0.0
1867,277392343.0,565695468.0,3583.662083,886874112.0,209711104.0,70.601,1579050.0,0.0
1872,277392343.0,565695468.0,3595.8528,886886400.0,209711104.0,71.088,1579053.0,0.0
1877,277392343.0,565695468.0,3609.322677,886898688.0,209711104.0,71.088,1579056.0,0.0
1882,277392343.0,565695468.0,3618.422678,886902784.0,209711104.0,69.627,1579057.0,0.0
1887,277392343.0,565695468.0,3630.887758,886906880.0,209711104.0,70.114,1579058.0,0.0
1892,277392343.0,565695468.0,3643.295017,886915072.0,209711104.0,71.088,1579060.0,0.0
1898,277392343.0,565695468.0,3658.042216,887021568.0,209711104.0,70.601,1579098.0,0.0
1903,277392343.0,565695468.0,3668.374976,812998656.0,209711104.0,68.166,1579140.0,0.0
1908,290469833.0,578816502.0,3670.907777,723599360.0,209711104.0,71.088,1614713.0,0.0
1913,290469875.0,578816544.0,3681.58851,723714048.0,209711104.0,72.549,1614826.0,0.0
1918,290469875.0,578816544.0,3695.989077,723861504.0,209711104.0,68.653,1614862.0,0.0
1923,290469875.0,578816544.0,3696.269768,723828736.0,209711104.0,65.731,1614878.0,0.0
1928,290469875.0,578816544.0,3696.285208,723828736.0,209711104.0,69.627,1614878.0,0.0
1933,290469875.0,578816544.0,3708.78936,724082688.0,209711104.0,70.114,1614930.0,0.0
1938,290469875.0,578816544.0,3719.592955,724148224.0,209711104.0,68.653,1614946.0,0.0
1943,290469875.0,578816544.0,3722.733257,724455424.0,209711104.0,66.705,1615044.0,0.0
1948,290469875.0,578816544.0,3722.754295,724455424.0,209711104.0,66.705,1615044.0,0.0
1954,290571423.0,591978659.0,3727.968148,824635392.0,209711104.0,69.14,1652690.0,0.0
1959,290571507.0,591978743.0,3739.969261,834387968.0,209711104.0,68.653,1655049.0,0.0
1964,290571507.0,591978743.0,3755.031242,834367488.0,209711104.0,69.627,1655068.0,0.0
1969,290571507.0,591978743.0,3762.991736,834371584.0,209711104.0,71.088,1655069.0,0.0
1974,290571507.0,591978743.0,3777.23504,834650112.0,209711104.0,70.601,1655074.0,0.0
1979,290571507.0,591978743.0,3789.763263,834834432.0,209711104.0,70.114,1655119.0,0.0
1984,290571507.0,591978743.0,3811.355253,834637824.0,209711104.0,68.166,1655134.0,0.0
1989,290571507.0,591978743.0,3817.594661,835104768.0,209711104.0,71.575,1655262.0,0.0
1994,290571507.0,591978743.0,3830.362338,835252224.0,209711104.0,68.166,1655309.0,0.0
1999,303672229.0,605143931.0,3837.819226,840724480.0,209711104.0,70.114,1692132.0,0.0
2004,303672271.0,605143973.0,3848.922493,841068544.0,209711104.0,71.575,1692153.0,0.0
2009,303672271.0,605143973.0,3863.294838,840953856.0,209711104.0,68.166,1692188.0,0.0
2015,303672271.0,605143973.0,3863.322656,840859648.0,209711104.0,66.705,1692189.0,0.0
2020,303672271.0,605143973.0,3863.347302,840859648.0,209711104.0,70.114,1692189.0,0.0
2025,303672271.0,605143973.0,3875.905961,841015296.0,209711104.0,70.601,1692216.0,0.0
2030,303672271.0,605143973.0,3889.807175,804048896.0,209711104.0,71.088,1692264.0,0.0
2035,303789131.0,618300214.0,3898.207075,880508928.0,209711104.0,71.088,1718194.0,0.0
2040,303789131.0,618300214.0,3911.195589,880529408.0,209711104.0,71.088,1718199.0,0.0
2045,303789131.0,618300214.0,3921.430559,880529408.0,209711104.0,70.114,1718199.0,0.0
2050,303789131.0,618300214.0,3933.473089,880549888.0,209711104.0,70.114,1718204.0,0.0
2055,303789131.0,618300214.0,3944.578196,880553984.0,209711104.0,70.601,1718205.0,0.0
2060,303789131.0,618300214.0,3958.626101,882425856.0,209711104.0,70.114,1718662.0,0.0
2065,303789131.0,618300214.0,3970.451658,882438144.0,209711104.0,71.575,1718665.0,0.0
2071,303789131.0,618300214.0,3982.127799,882446336.0,209711104.0,69.627,1718667.0,0.0
2076,303789131.0,618300214.0,3992.922651,882556928.0,209711104.0,72.549,1718707.0,0.0
2081,316776858.0,618317813.0,4002.932976,783130624.0,209711104.0,70.601,1729746.0,0.0
2086,316902369.0,631471450.0,4011.305227,845811712.0,209711104.0,72.062,1744984.0,0.0
2091,316902369.0,631471450.0,4021.610837,845643776.0,209711104.0,71.575,1745003.0,0.0
2096,316902369.0,631471450.0,4033.836549,845762560.0,209711104.0,71.575,1745046.0,0.0
2101,316902369.0,631471450.0,4048.883829,845791232.0,209711104.0,72.549,1745053.0,0.0
2106,316902670.0,631471559.0,4057.075971,778960896.0,209711104.0,68.166,1745093.0,0.0
2111,316902670.0,631471625.0,4057.099598,778698752.0,209711104.0,66.705,1745093.0,0.0
2117,316902670.0,631471625.0,4057.127439,778698752.0,209711104.0,67.192,1745093.0,0.0
2122,317031835.0,644637261.0,4059.705905,883302400.0,209711104.0,69.14,1770516.0,0.0
2127,317031835.0,644637261.0,4071.808146,883281920.0,209711104.0,70.601,1770541.0,0.0
2132,317031835.0,644637261.0,4085.685009,883298304.0,209711104.0,70.601,1770545.0,0.0
2137,317031835.0,644637261.0,4096.34554,883298304.0,209711104.0,71.088,1770545.0,0.0
2142,317031835.0,644637261.0,4108.547056,883314688.0,209711104.0,69.627,1770549.0,0.0
2147,317031835.0,644637261.0,4121.358419,883318784.0,209711104.0,70.601,1770550.0,0.0
2152,317031835.0,644637261.0,4133.222311,883335168.0,209711104.0,69.14,1770554.0,0.0
2157,317031835.0,644637261.0,4146.20766,883347456.0,209711104.0,70.601,1770557.0,0.0
2162,317031835.0,644637261.0,4156.742486,883425280.0,209711104.0,72.062,1770589.0,0.0
2167,317031835.0,644637261.0,4168.860401,883482624.0,209711104.0,70.114,1770634.0,0.0
2173,330147869.0,657819213.0,4174.442403,848617472.0,209711104.0,72.062,1797589.0,0.0
2178,330147911.0,657819255.0,4188.034614,848973824.0,209711104.0,72.062,1797617.0,0.0
2183,330147911.0,657819255.0,4196.811872,848752640.0,209711104.0,67.679,1797640.0,0.0
2188,330147911.0,657819255.0,4196.844147,848732160.0,209711104.0,66.218,1797640.0,0.0
2193,330147911.0,657819255.0,4199.39753,849104896.0,209711104.0,70.601,1797661.0,0.0
2198,330147911.0,657819255.0,4213.869701,849141760.0,209711104.0,70.114,1797667.0,0.0
2203,330148212.0,657819430.0,4223.845757,782053376.0,209711104.0,67.192,1797708.0,0.0
2208,330270687.0,670973756.0,4227.933267,886280192.0,209711104.0,70.114,1823131.0,0.0
2213,330270687.0,670973756.0,4240.305372,886292480.0,209711104.0,70.114,1823134.0,0.0
2218,330270687.0,670973756.0,4250.269162,886296576.0,209711104.0,71.088,1823135.0,0.0
2223,330270687.0,670973756.0,4263.285466,886558720.0,209711104.0,70.114,1823154.0,0.0
2228,330270687.0,670973756.0,4272.913955,886374400.0,209711104.0,72.062,1823154.0,0.0
2233,330270687.0,670973756.0,4286.25651,886374400.0,209711104.0,72.549,1823154.0,0.0
2239,330270687.0,670973756.0,4299.338865,886403072.0,209711104.0,71.575,1823161.0,0.0
2244,330270687.0,670973756.0,4309.896144,886415360.0,209711104.0,71.575,1823164.0,0.0
2249,330270687.0,670973756.0,4322.289117,886489088.0,209711104.0,72.062,1823195.0,0.0
2254,330270687.0,670973756.0,4334.992964,886853632.0,209711104.0,68.653,1823232.0,0.0
2259,343388833.0,684154058.0,4339.5218,854532096.0,209711104.0,72.062,1850813.0,0.0
2264,343388875.0,684154100.0,4350.564106,854372352.0,209711104.0,71.088,1850834.0,0.0
2269,343388875.0,684154100.0,4377.916633,854552576.0,209711104.0,71.575,1850891.0,0.0
2274,343388875.0,684154100.0,4387.821984,854573056.0,209711104.0,67.679,1850896.0,0.0
2279,343389176.0,684154275.0,4390.889894,787566592.0,209711104.0,68.166,1850958.0,0.0
2284,343521287.0,697317247.0,4394.253508,892211200.0,209711104.0,70.114,1876420.0,0.0
2289,343521329.0,697317289.0,4405.35792,892235776.0,209711104.0,71.575,1876426.0,0.0
2294,343521329.0,697317289.0,4420.576427,892465152.0,209711104.0,71.088,1876482.0,0.0
2300,343521329.0,697317289.0,4429.783382,892477440.0,209711104.0,71.088,1876485.0,0.0
2305,343521329.0,697317289.0,4444.717191,892489728.0,209711104.0,71.088,1876488.0,0.0
2310,343521329.0,697317289.0,4457.242716,892489728.0,209711104.0,70.601,1876488.0,0.0
2315,343521329.0,697317289.0,4468.247629,892514304.0,209711104.0,71.088,1876494.0,0.0
2320,343521329.0,697317289.0,4479.360876,892522496.0,209711104.0,71.575,1876496.0,0.0
2325,343521329.0,697317289.0,4490.95845,892612608.0,209711104.0,72.062,1876530.0,0.0
2330,343521329.0,697317289.0,4503.199182,818577408.0,209711104.0,69.14,1876576.0,0.0
2335,356508858.0,697334294.0,4503.587031,789450752.0,209711104.0,69.627,1886725.0,0.0
2340,356603061.0,710447977.0,4512.654879,855875584.0,209711104.0,72.062,1902812.0,0.0
2345,356603061.0,710447977.0,4525.436013,855986176.0,209711104.0,71.575,1902837.0,0.0
2350,356603061.0,710447977.0,4538.631531,855838720.0,209711104.0,72.549,1902875.0,0.0
2356,356603061.0,710447977.0,4550.113552,856121344.0,209711104.0,71.088,1902881.0,0.0
2361,356603362.0,710448152.0,4557.726913,788762624.0,209711104.0,67.679,1902920.0,0.0
2366,356603446.0,710448236.0,4557.760022,788762624.0,209711104.0,66.705,1902920.0,0.0
2371,356603446.0,710448236.0,4557.786247,788762624.0,209711104.0,67.679,1902920.0,0.0
2376,356720137.0,723592620.0,4562.461265,893517824.0,209711104.0,70.601,1928346.0,0.0
2381,356720137.0,723592620.0,4576.644787,893259776.0,209711104.0,69.627,1928346.0,0.0
2386,356720137.0,723592620.0,4588.126325,893263872.0,209711104.0,70.114,1928347.0,0.0
2391,356720137.0,723592620.0,4599.758991,893530112.0,209711104.0,71.088,1928349.0,0.0
2396,356720137.0,723592620.0,4613.531357,893276160.0,209711104.0,71.088,1928350.0,0.0
2401,356720137.0,723592620.0,4623.743049,893276160.0,209711104.0,70.601,1928350.0,0.0
2406,356720137.0,723592620.0,4634.889958,893284352.0,209711104.0,70.601,1928352.0,0.0
2412,356720137.0,723592620.0,4649.412276,893300736.0,209711104.0,68.166,1928356.0,0.0
2417,356720137.0,723592620.0,4655.767445,893366272.0,209711104.0,70.601,1928383.0,0.0
2422,356720137.0,723592620.0,4667.706323,741789696.0,209711104.0,69.627,1935654.0,0.0
2427,369800135.0,736771206.0,4674.351967,812257280.0,209711104.0,70.601,1985337.0,0.0
2432,369800177.0,736771248.0,4686.623457,812113920.0,209711104.0,72.062,1985360.0,0.0
2437,369800177.0,736771248.0,4697.623609,812158976.0,209711104.0,68.166,1985394.0,0.0
2442,369800177.0,736771248.0,4697.640289,812158976.0,209711104.0,66.218,1985394.0,0.0
2447,369800177.0,736771248.0,4697.663101,812158976.0,209711104.0,69.14,1985394.0,0.0
2452,369800177.0,736771248.0,4708.815305,812576768.0,209711104.0,71.575,1985485.0,0.0
2457,369800177.0,736771248.0,4721.659448,812634112.0,209711104.0,68.166,1985499.0,0.0
2462,369904497.0,749922341.0,4724.92122,817057792.0,209711104.0,68.653,2002957.0,0.0
2467,369904497.0,749922341.0,4736.206506,883707904.0,209711104.0,69.627,2019139.0,0.0
2472,369904497.0,749922341.0,4747.446445,884056064.0,209711104.0,71.088,2019274.0,0.0
2478,369904497.0,749922341.0,4760.00478,884527104.0,209711104.0,69.627,2019330.0,0.0
2483,369904497.0,749922341.0,4770.22069,885399552.0,209711104.0,69.627,2019602.0,0.0
2488,369904497.0,749922341.0,4785.265925,885428224.0,209711104.0,71.575,2019609.0,0.0
2493,369904497.0,749922341.0,4796.042503,885452800.0,209711104.0,71.575,2019615.0,0.0
2498,369904497.0,749922341.0,4809.721016,887357440.0,209711104.0,71.575,2020080.0,0.0
2503,369904497.0,749922341.0,4820.159549,887435264.0,209711104.0,71.088,2020112.0,0.0
2508,369904497.0,749922341.0,4832.203014,887570432.0,209711104.0,70.114,2020158.0,0.0
2513,382992613.0,763092941.0,4840.514838,853483520.0,209711104.0,71.088,2047142.0,0.0
2518,382992655.0,763092983.0,4853.75883,853590016.0,209711104.0,72.549,2047168.0,0.0
2523,382992655.0,763092983.0,4866.199492,853987328.0,209711104.0,72.549,2047216.0,0.0
2529,382992655.0,763092983.0,4875.796557,853741568.0,209711104.0,74.01,2047219.0,0.0
2534,382992655.0,763092983.0,4888.10553,853778432.0,209711104.0,68.653,2047225.0,0.0
2539,382992655.0,763092983.0,4889.641582,853827584.0,209711104.0,66.218,2047264.0,0.0
2544,382992655.0,763092983.0,4890.171278,816726016.0,209711104.0,68.166,2047264.0,0.0
2549,383088131.0,776232394.0,4900.495847,891170816.0,209711104.0,71.088,2072769.0,0.0
2554,383088131.0,776232394.0,4911.380474,891174912.0,209711104.0,70.114,2072770.0,0.0
2559,383088131.0,776232394.0,4923.313935,890925056.0,209711104.0,70.114,2072771.0,0.0
2564,383088131.0,776232394.0,4946.206697,890982400.0,209711104.0,70.601,2072785.0,0.0
2569,383088131.0,776232394.0,4957.075538,891002880.0,209711104.0,70.601,2072790.0,0.0
2574,383088131.0,776232394.0,4968.536683,891011072.0,209711104.0,71.575,2072792.0,0.0
2579,383088131.0,776232394.0,4980.047823,891019264.0,209711104.0,72.062,2072794.0,0.0
2584,383088131.0,776232394.0,4994.88409,891285504.0,209711104.0,70.114,2072884.0,0.0
2590,396075462.0,776249597.0,5002.512297,794292224.0,209711104.0,69.14,2084756.0,0.0
2595,396197648.0,789407731.0,5005.677798,857022464.0,209711104.0,71.575,2100055.0,0.0
2600,396197648.0,789407731.0,5021.411683,857387008.0,209711104.0,72.549,2100086.0,0.0
2605,396197648.0,789407731.0,5033.578145,857276416.0,209711104.0,72.549,2100130.0,0.0
2610,396197648.0,789407731.0,5044.628398,857296896.0,209711104.0,72.549,2100135.0,0.0
2615,396197989.0,789407906.0,5056.066569,789909504.0,209711104.0,69.14,2100176.0,0.0
2620,396197989.0,789407906.0,5056.087404,789909504.0,209711104.0,69.14,2100176.0,0.0
2625,396299276.0,802562058.0,5062.25692,895758336.0,209711104.0,71.088,2125931.0,0.0
2630,396299276.0,802562058.0,5072.210775,896028672.0,209711104.0,71.088,2125934.0,0.0
2635,396299276.0,802562058.0,5083.842535,895774720.0,209711104.0,71.575,2125935.0,0.0
2640,396299276.0,802562058.0,5098.227752,895774720.0,209711104.0,70.114,2125935.0,0.0
2645,396299276.0,802562058.0,5109.557671,895778816.0,209711104.0,72.062,2125936.0,0.0
2651,396299276.0,802562058.0,5121.324099,895787008.0,209711104.0,71.088,2125938.0,0.0
2656,396299276.0,802562058.0,5131.264995,896073728.0,209711104.0,71.575,2125946.0,0.0
2661,396299276.0,802562058.0,5144.923074,895856640.0,209711104.0,71.575,2125955.0,0.0
2666,396299276.0,802562058.0,5157.803444,895963136.0,209711104.0,72.549,2125993.0,0.0
2671,409286805.0,802579063.0,5168.428514,796413952.0,209711104.0,71.088,2137166.0,0.0
2676,409402588.0,815742732.0,5176.386014,863395840.0,209711104.0,72.549,2153480.0,0.0
2681,409402588.0,815742732.0,5187.228031,863223808.0,209711104.0,73.036,2153501.0,0.0
2686,409402588.0,815742732.0,5196.670401,863461376.0,209711104.0,73.036,2153544.0,0.0
2691,409402588.0,815742732.0,5213.530003,863375360.0,209711104.0,73.036,2153550.0,0.0
2696,409402889.0,815742907.0,5221.9404,795680768.0,209711104.0,68.653,2153594.0,0.0
2702,409402889.0,815742907.0,5221.96279,795680768.0,209711104.0,67.679,2153594.0,0.0
2707,409402889.0,815742907.0,5221.981634,795680768.0,209711104.0,67.679,2153594.0,0.0
2712,409533678.0,828905045.0,5224.860014,900431872.0,209711104.0,70.114,2179081.0,0.0
2717,409533720.0,828905087.0,5236.370601,900444160.0,209711104.0,71.088,2179084.0,0.0
2722,409533720.0,828905087.0,5248.863005,901447680.0,209711104.0,71.088,2179329.0,0.0
2727,409533720.0,828905087.0,5260.836823,901447680.0,209711104.0,71.575,2179329.0,0.0
2732,409533720.0,828905087.0,5275.121681,901455872.0,209711104.0,70.114,2179331.0,0.0
2737,409533720.0,828905087.0,5286.641535,901734400.0,209711104.0,70.601,2179336.0,0.0
2742,409533720.0,828905087.0,5298.663823,901484544.0,209711104.0,70.601,2179338.0,0.0
2747,409533720.0,828905087.0,5309.950721,901758976.0,209711104.0,71.088,2179342.0,0.0
2752,409533720.0,828905087.0,5323.846423,901611520.0,209711104.0,70.114,2179382.0,0.0
2757,409533720.0,828905087.0,5329.023427,901664768.0,209711104.0,69.14,2179406.0,0.0
2763,422642996.0,842074631.0,5340.701377,865443840.0,209711104.0,72.062,2205996.0,0.0
2768,422643038.0,842074673.0,5351.51118,865566720.0,209711104.0,71.575,2206016.0,0.0
2773,422643038.0,842074673.0,5364.643964,865447936.0,209711104.0,72.549,2206062.0,0.0
2778,422643038.0,842074673.0,5373.310386,865460224.0,209711104.0,73.036,2206065.0,0.0
2783,422643339.0,842074848.0,5387.742924,798400512.0,209711104.0,68.166,2206109.0,0.0
2788,422643339.0,842074848.0,5387.773362,798384128.0,209711104.0,69.14,2206109.0,0.0
2793,422774170.0,855238084.0,5395.48237,902873088.0,209711104.0,70.601,2231534.0,0.0
2798,422774170.0,855238084.0,5406.760875,902877184.0,209711104.0,70.601,2231535.0,0.0
2803,422774170.0,855238084.0,5418.112915,903143424.0,209711104.0,71.575,2231537.0,0.0
2808,422774170.0,855238084.0,5430.033887,902901760.0,209711104.0,72.062,2231541.0,0.0
2813,422774170.0,855238084.0,5441.633202,902901760.0,209711104.0,72.062,2231541.0,0.0
2819,422774170.0,855238084.0,5455.482478,902909952.0,209711104.0,72.062,2231542.0,0.0
2824,422774170.0,855238084.0,5466.653241,902918144.0,209711104.0,70.601,2231544.0,0.0
2829,422774170.0,855238084.0,5477.381555,902930432.0,209711104.0,71.088,2231547.0,0.0
2834,422774170.0,855238084.0,5490.450731,902987776.0,209711104.0,70.601,2231589.0,0.0
2839,422774170.0,855238084.0,5497.697891,903094272.0,209711104.0,69.627,2231613.0,0.0
2844,435837882.0,868337116.0,5511.086486,867528704.0,209711104.0,72.062,2258339.0,0.0
2849,435837882.0,868337116.0,5524.643001,867627008.0,209711104.0,72.549,2258369.0,0.0
2854,435837882.0,868337116.0,5536.253137,867487744.0,209711104.0,73.036,2258403.0,0.0
2859,435837882.0,868337116.0,5547.636007,867508224.0,209711104.0,70.114,2258408.0,0.0
2864,435838183.0,868337291.0,5553.84776,800395264.0,209711104.0,67.192,2258446.0,0.0
2869,435959270.0,881484183.0,5556.605714,789729280.0,209711104.0,70.114,2295871.0,0.0
2874,435959270.0,881484183.0,5564.850735,808165376.0,209711104.0,70.114,2300459.0,0.0
2880,435959270.0,881484183.0,5576.402122,813834240.0,209711104.0,71.088,2301843.0,0.0
2885,435959270.0,881484183.0,5592.771915,814022656.0,209711104.0,71.088,2301889.0,0.0
2890,435959270.0,881484183.0,5604.263596,814235648.0,209711104.0,72.062,2301941.0,0.0
2895,435959270.0,881484183.0,5613.541556,814628864.0,209711104.0,71.088,2301974.0,0.0
2900,435959270.0,881484183.0,5625.719184,814407680.0,209711104.0,70.601,2301983.0,0.0
2905,435959270.0,881484183.0,5637.734775,814424064.0,209711104.0,70.601,2301987.0,0.0
2910,435959270.0,881484183.0,5652.530561,814669824.0,209711104.0,72.549,2302059.0,0.0
2915,435959270.0,881484183.0,5662.822873,814768128.0,209711104.0,68.653,2302097.0,0.0
2920,448946799.0,881501584.0,5667.557255,776753152.0,209711104.0,70.601,2325417.0,0.0
2925,449036512.0,894648951.0,5677.096317,858963968.0,209711104.0,72.549,2345420.0,0.0
2930,449036512.0,894648951.0,5689.560396,859066368.0,209711104.0,69.627,2345445.0,0.0
2935,449036512.0,894648951.0,5694.89015,859041792.0,209711104.0,67.192,2345463.0,0.0
2941,449036512.0,894648951.0,5694.920981,859041792.0,209711104.0,68.653,2345463.0,0.0
2946,449036512.0,894648951.0,5703.99266,859439104.0,209711104.0,70.601,2345486.0,0.0
2951,449036512.0,894648951.0,5716.844933,859209728.0,209711104.0,70.601,2345493.0,0.0
2956,449036813.0,894649126.0,5722.052925,790978560.0,209711104.0,69.14,2345531.0,0.0
2961,449160408.0,907813508.0,5727.059438,898560000.0,209711104.0,70.114,2371712.0,0.0
2966,449160408.0,907813508.0,5741.559142,898838528.0,209711104.0,71.088,2371717.0,0.0
2971,449160408.0,907813508.0,5754.585145,898867200.0,209711104.0,71.575,2371727.0,0.0
2976,449160408.0,907813508.0,5766.813834,898641920.0,209711104.0,71.575,2371732.0,0.0
2981,449160408.0,907813508.0,5777.480505,898650112.0,209711104.0,71.088,2371734.0,0.0
2986,449160408.0,907813508.0,5788.502345,898670592.0,209711104.0,70.601,2371739.0,0.0
2992,449160408.0,907813508.0,5800.472154,898678784.0,209711104.0,71.575,2371741.0,0.0
2997,449160408.0,907813508.0,5813.490803,898691072.0,209711104.0,70.114,2371744.0,0.0
3002,449160408.0,907813508.0,5820.219648,899039232.0,209711104.0,69.627,2371779.0,0.0
3007,449160408.0,907813508.0,5828.637912,898904064.0,209711104.0,70.601,2371819.0,0.0
3012,462266780.0,920984438.0,5839.214095,858603520.0,209711104.0,72.549,2397280.0,0.0
3017,462266864.0,920984522.0,5850.991257,858955776.0,209711104.0,73.036,2397303.0,0.0
3022,462266864.0,920984522.0,5862.615884,858812416.0,209711104.0,67.679,2397331.0,0.0
3027,462266864.0,920984522.0,5862.636745,858710016.0,209711104.0,67.679,2397331.0,0.0
3032,462266864.0,920984522.0,5862.828589,858836992.0,209711104.0,70.601,2397338.0,0.0
3037,462266864.0,920984522.0,5877.034456,858865664.0,209711104.0,71.575,2397357.0,0.0
3042,462266864.0,920984522.0,5889.267612,822116352.0,209711104.0,67.679,2397405.0,0.0
3048,462397888.0,934146505.0,5890.58415,824750080.0,209711104.0,71.088,2423341.0,0.0
3053,462397888.0,934146505.0,5904.791789,824266752.0,209711104.0,70.114,2423348.0,0.0
3058,462397888.0,934146505.0,5914.442696,824266752.0,209711104.0,71.575,2423348.0,0.0
3063,462397888.0,934146505.0,5927.845441,824266752.0,209711104.0,69.627,2423348.0,0.0
3068,462397888.0,934146505.0,5939.418663,824270848.0,209711104.0,71.088,2423349.0,0.0
3073,462397888.0,934146505.0,5952.881193,824274944.0,209711104.0,71.088,2423350.0,0.0
3078,462397888.0,934146505.0,5961.665633,824549376.0,209711104.0,70.601,2423354.0,0.0
3083,462397888.0,934146505.0,5976.475375,824303616.0,209711104.0,71.575,2423357.0,0.0
3088,462397888.0,934146505.0,5986.912319,824614912.0,209711104.0,72.062,2423383.0,0.0
3093,462397888.0,934146505.0,5998.898088,824467456.0,209711104.0,68.653,2423422.0,0.0
3098,475513104.0,947321593.0,6006.864269,864382976.0,209711104.0,71.575,2450551.0,0.0
3103,475513146.0,947321635.0,6017.299358,864718848.0,209711104.0,72.062,2450571.0,0.0
3109,475513146.0,947321635.0,6029.516426,864796672.0,209711104.0,71.088,2450600.0,0.0
3114,475513146.0,947321635.0,6042.843986,864641024.0,209711104.0,72.549,2450626.0,0.0
3119,475513146.0,947321635.0,6054.658749,864665600.0,209711104.0,69.627,2450632.0,0.0
3124,475513146.0,947321635.0,6056.345496,864722944.0,209711104.0,68.166,2450671.0,0.0
3129,475513146.0,947321635.0,6056.370959,864722944.0,209711104.0,67.679,2450671.0,0.0
3134,475618034.0,960461112.0,6070.640765,902844416.0,209711104.0,68.653,2476226.0,0.0
3139,475618034.0,960461112.0,6082.068868,902586368.0,209711104.0,70.601,2476226.0,0.0
3144,475618034.0,960461112.0,6091.792878,902586368.0,209711104.0,70.601,2476226.0,0.0
3149,475618034.0,960461112.0,6106.610477,902598656.0,209711104.0,70.601,2476229.0,0.0
3154,475618034.0,960461112.0,6115.474426,902598656.0,209711104.0,71.575,2476229.0,0.0
3160,475618034.0,960461112.0,6127.59733,902606848.0,209711104.0,72.062,2476231.0,0.0
3165,475618034.0,960461112.0,6138.987473,902635520.0,209711104.0,70.601,2476238.0,0.0
3170,475618034.0,960461112.0,6150.918935,902606848.0,209711104.0,71.088,2476244.0,0.0
3175,475618034.0,960461112.0,6161.627326,903045120.0,209711104.0,71.575,2476305.0,0.0
3180,475618034.0,960461112.0,6169.319694,902770688.0,209711104.0,70.114,2476320.0,0.0
3185,488717806.0,973629930.0,6178.408889,867082240.0,209711104.0,71.575,2503052.0,0.0
3190,488717848.0,973629972.0,6189.277422,867418112.0,209711104.0,71.575,2503073.0,0.0
3195,488717848.0,973629972.0,6203.282143,867299328.0,209711104.0,72.062,2503118.0,0.0
3200,488717848.0,973629972.0,6217.215458,867328000.0,209711104.0,72.549,2503125.0,0.0
3205,488718149.0,973630147.0,6224.156891,800219136.0,209711104.0,67.192,2503164.0,0.0
3211,488718149.0,973630147.0,6224.191548,800219136.0,209711104.0,68.653,2503164.0,0.0
3216,488849928.0,986792747.0,6231.591386,905199616.0,209711104.0,70.114,2528656.0,0.0
3221,488849928.0,986792747.0,6244.046609,904962048.0,209711104.0,70.601,2528661.0,0.0
3226,488849928.0,986792747.0,6256.275668,904970240.0,209711104.0,71.088,2528663.0,0.0
3231,488849928.0,986792747.0,6267.397365,904974336.0,209711104.0,71.088,2528664.0,0.0
3236,488849928.0,986792747.0,6280.163388,904978432.0,209711104.0,72.062,2528665.0,0.0
3241,488849928.0,986792747.0,6292.876928,904986624.0,209711104.0,72.062,2528667.0,0.0
3246,488849928.0,986792747.0,6306.324457,904998912.0,209711104.0,71.575,2528670.0,0.0
3251,488849928.0,986792747.0,6316.15272,905007104.0,209711104.0,73.036,2528672.0,0.0
3256,488849928.0,986792747.0,6330.152398,905154560.0,209711104.0,70.601,2528735.0,0.0
3261,501837589.0,986810214.0,6337.234752,808796160.0,209711104.0,71.088,2540760.0,0.0
3267,501958718.0,999962135.0,6348.16983,870838272.0,209711104.0,72.062,2555841.0,0.0
3272,501958718.0,999962135.0,6358.089341,871165952.0,209711104.0,73.036,2555860.0,0.0
3277,501958718.0,999962135.0,6372.69904,871297024.0,209711104.0,72.062,2555901.0,0.0
3282,501958718.0,999962135.0,6384.280879,871325696.0,209711104.0,72.549,2555908.0,0.0
3287,501959019.0,999962310.0,6391.733594,803954688.0,209711104.0,69.14,2555946.0,0.0
3292,501959019.0,999962310.0,6391.760521,803954688.0,209711104.0,67.679,2555946.0,0.0
3297,501959019.0,999962310.0,6391.782086,803954688.0,209711104.0,68.653,2555946.0,0.0
3302,502081294.0,1013110918.0,6399.240684,908443648.0,209711104.0,70.601,2581370.0,0.0
3307,502081294.0,1013110918.0,6410.072305,908443648.0,209711104.0,70.114,2581370.0,0.0
3312,502081294.0,1013110918.0,6423.410058,908451840.0,209711104.0,71.088,2581372.0,0.0
3317,502081294.0,1013110918.0,6431.434458,908455936.0,209711104.0,71.088,2581373.0,0.0
3323,502081294.0,1013110918.0,6445.272116,908460032.0,209711104.0,71.575,2581374.0,0.0
3328,502081294.0,1013110918.0,6459.684567,908460032.0,209711104.0,70.601,2581374.0,0.0
3333,502081294.0,1013110918.0,6468.503662,908472320.0,209711104.0,69.627,2581377.0,0.0
3338,502081294.0,1013110918.0,6483.422324,908484608.0,209711104.0,71.088,2581380.0,0.0
3343,502081294.0,1013110918.0,6495.202472,908668928.0,209711104.0,71.088,2581444.0,0.0
3348,502081294.0,1013110918.0,6503.842169,908828672.0,209711104.0,67.679,2581459.0,0.0
3353,515195718.0,1026290230.0,6504.781856,812457984.0,209711104.0,70.601,2593215.0,0.0
3358,515195760.0,1026290272.0,6521.019318,874188800.0,209711104.0,72.062,2608327.0,0.0
3363,515195760.0,1026290272.0,6528.830169,874258432.0,209711104.0,68.166,2608344.0,0.0
3368,515195760.0,1026290272.0,6531.808976,874201088.0,209711104.0,67.192,2608353.0,0.0
3373,515195760.0,1026290272.0,6531.832435,874201088.0,209711104.0,70.601,2608353.0,0.0
3379,515195760.0,1026290272.0,6544.932266,725950464.0,209711104.0,71.575,2619779.0,0.0
3384,515195760.0,1026290272.0,6555.668067,725729280.0,209711104.0,68.166,2619788.0,0.0
3389,515195760.0,1026290272.0,6558.787541,726642688.0,209711104.0,67.679,2620037.0,0.0
3394,515195760.0,1026290272.0,6558.805859,726642688.0,209711104.0,68.653,2620037.0,0.0
3399,515292860.0,1039449285.0,6568.244928,851562496.0,209711104.0,70.114,2663606.0,0.0
3404,515292944.0,1039449369.0,6576.035097,858243072.0,209711104.0,71.088,2665228.0,0.0
3409,515292944.0,1039449369.0,6602.204865,859406336.0,209711104.0,70.601,2665632.0,0.0
3414,515292944.0,1039449369.0,6613.477515,859410432.0,209711104.0,69.627,2665633.0,0.0
3419,515292944.0,1039449369.0,6627.206286,859451392.0,209711104.0,69.627,2665643.0,0.0
3424,515292944.0,1039449369.0,6639.978498,859463680.0,209711104.0,69.627,2665646.0,0.0
3429,515292944.0,1039449369.0,6652.458802,859484160.0,209711104.0,67.679,2665651.0,0.0
3435,515292944.0,1039449369.0,6658.761482,859824128.0,209711104.0,71.575,2665685.0,0.0
3440,515292944.0,1039449369.0,6668.969265,859918336.0,209711104.0,68.653,2665720.0,0.0
3445,528379648.0,1052604525.0,6673.518629,871682048.0,209711104.0,70.601,2704054.0,0.0
3450,528379690.0,1052604567.0,6687.949498,871698432.0,209711104.0,71.575,2704082.0,0.0
3455,528379690.0,1052604567.0,6700.316698,871940096.0,209711104.0,72.062,2704138.0,0.0
3460,528379690.0,1052604567.0,6711.5314,871895040.0,209711104.0,72.549,2704142.0,0.0
3465,528379690.0,1052604567.0,6725.573232,871682048.0,209711104.0,68.166,2704152.0,0.0
3470,528379690.0,1052604567.0,6726.040236,871841792.0,209711104.0,67.192,2704214.0,0.0
3475,528379690.0,1052604567.0,6726.070794,871841792.0,209711104.0,65.731,2704214.0,0.0
3480,528379991.0,1052604742.0,6726.635447,804671488.0,209711104.0,66.218,2704214.0,0.0
3485,528380033.0,1052604784.0,6726.656966,804671488.0,209711104.0,68.166,2704214.0,0.0
3490,528468648.0,1065717356.0,6735.927919,910606336.0,209711104.0,68.653,2729990.0,0.0
3495,528468690.0,1065717398.0,6747.818445,910610432.0,209711104.0,69.14,2729991.0,0.0
3500,528468690.0,1065717398.0,6759.478863,910880768.0,209711104.0,70.114,2729994.0,0.0
3506,528468690.0,1065717398.0,6772.139054,910635008.0,209711104.0,70.114,2729996.0,0.0
3511,528468690.0,1065717398.0,6784.560611,899514368.0,209711104.0,70.114,2734296.0,0.0
3516,528468690.0,1065717398.0,6795.208984,903331840.0,209711104.0,70.114,2735228.0,0.0
3521,528468690.0,1065717398.0,6807.404161,906231808.0,209711104.0,69.627,2735936.0,0.0
3526,528468690.0,1065717398.0,6816.226794,906313728.0,209711104.0,70.601,2735956.0,0.0
3531,528468690.0,1065717398.0,6831.678051,906719232.0,209711104.0,71.088,2736020.0,0.0
3536,541456285.0,1065735855.0,6839.537374,804634624.0,209711104.0,67.679,2746521.0,0.0
3541,541587182.0,1078898468.0,6844.374633,871284736.0,209711104.0,70.601,2762662.0,0.0
3546,541587182.0,1078898468.0,6857.310507,871129088.0,209711104.0,71.088,2762687.0,0.0
3551,541587182.0,1078898468.0,6866.74156,871141376.0,209711104.0,67.192,2762714.0,0.0
3556,541587182.0,1078898468.0,6866.767523,871141376.0,209711104.0,66.705,2762714.0,0.0
3562,541587182.0,1078898468.0,6870.313683,871272448.0,209711104.0,69.14,2762735.0,0.0
3567,541587182.0,1078898468.0,6880.491211,871288832.0,209711104.0,69.627,2762739.0,0.0
3572,541587483.0,1078898643.0,6893.630602,802766848.0,209711104.0,67.679,2762783.0,0.0
3577,541716424.0,1092059131.0,6898.168644,907767808.0,209711104.0,69.14,2788269.0,0.0
3582,541716424.0,1092059131.0,6909.902207,907534336.0,209711104.0,70.114,2788275.0,0.0
3587,541716424.0,1092059131.0,6917.906169,907538432.0,209711104.0,69.627,2788276.0,0.0
3592,541716424.0,1092059131.0,6933.313279,907550720.0,209711104.0,71.575,2788278.0,0.0
3597,541716424.0,1092059131.0,6943.311661,907554816.0,209711104.0,71.088,2788279.0,0.0
3602,541716424.0,1092059131.0,6956.370507,907567104.0,209711104.0,71.575,2788282.0,0.0
3607,541716424.0,1092059131.0,6968.204413,907579392.0,209711104.0,72.062,2788285.0,0.0
3612,541716424.0,1092059131.0,6980.1221,907849728.0,209711104.0,71.575,2788289.0,0.0
3617,541716424.0,1092059131.0,6988.549495,907870208.0,209711104.0,71.088,2788310.0,0.0
3622,541716424.0,1092059131.0,6997.894686,907767808.0,209711104.0,70.114,2788355.0,0.0
3628,554830452.0,1105237321.0,7008.936002,871960576.0,209711104.0,72.062,2814909.0,0.0
3633,554830494.0,1105237363.0,7018.894628,872038400.0,209711104.0,72.062,2814928.0,0.0
3638,554830494.0,1105237363.0,7032.756702,872161280.0,209711104.0,72.062,2814958.0,0.0
3643,554830494.0,1105237363.0,7046.359402,872312832.0,209711104.0,73.036,2815007.0,0.0
3648,554830494.0,1105237363.0,7059.885178,872370176.0,209711104.0,68.166,2815021.0,0.0
3653,554830795.0,1105237538.0,7060.575531,805244928.0,209711104.0,67.679,2815054.0,0.0
3658,554830795.0,1105237538.0,7060.596705,805244928.0,209711104.0,66.705,2815054.0,0.0
3663,554958086.0,1118399082.0,7062.401376,909721600.0,209711104.0,69.627,2840477.0,0.0
3668,554958086.0,1118399082.0,7072.451535,909737984.0,209711104.0,69.14,2840481.0,0.0
3673,554958086.0,1118399082.0,7085.713772,909750272.0,209711104.0,70.114,2840484.0,0.0
3678,554958086.0,1118399082.0,7094.901024,911060992.0,209711104.0,69.627,2840804.0,0.0
3683,554958086.0,1118399082.0,7109.52724,911065088.0,209711104.0,71.575,2840805.0,0.0
3689,554958086.0,1118399082.0,7120.908405,911069184.0,209711104.0,71.088,2840806.0,0.0
3694,554958086.0,1118399082.0,7134.119154,911081472.0,209711104.0,71.575,2840809.0,0.0
3699,554958086.0,1118399082.0,7145.964842,911093760.0,209711104.0,71.575,2840812.0,0.0
3704,554958086.0,1118399082.0,7156.237283,911163392.0,209711104.0,70.114,2840841.0,0.0
3709,554958086.0,1118399082.0,7167.859952,911298560.0,209711104.0,69.14,2840887.0,0.0
3714,568034734.0,1131521676.0,7180.669357,874508288.0,209711104.0,71.088,2867137.0,0.0
3719,568034734.0,1131521746.0,7193.045793,874606592.0,209711104.0,71.575,2867161.0,0.0
3724,568034734.0,1131521746.0,7207.760442,874479616.0,209711104.0,71.088,2867206.0,0.0
3729,568034734.0,1131521746.0,7220.845687,874504192.0,209711104.0,70.601,2867212.0,0.0
3734,568035035.0,1131521921.0,7227.918364,807653376.0,209711104.0,67.192,2867252.0,0.0
3740,568035035.0,1131521921.0,7227.949877,807395328.0,209711104.0,70.114,2867252.0,0.0
3745,568159290.0,1144677261.0,7239.520259,911900672.0,209711104.0,70.114,2892677.0,0.0
3750,568159290.0,1144677261.0,7247.89042,911917056.0,209711104.0,71.088,2892681.0,0.0
3755,568159290.0,1144677261.0,7263.885329,911921152.0,209711104.0,70.114,2892682.0,0.0
3760,568159290.0,1144677261.0,7275.407339,911921152.0,209711104.0,70.114,2892682.0,0.0
3765,568159290.0,1144677261.0,7287.096332,911921152.0,209711104.0,70.601,2892682.0,0.0
3770,568159290.0,1144677261.0,7299.559233,911933440.0,209711104.0,70.114,2892685.0,0.0
3775,568159290.0,1144677261.0,7311.719022,911941632.0,209711104.0,71.088,2892687.0,0.0
3780,568159290.0,1144677261.0,7324.021389,911990784.0,209711104.0,72.549,2892711.0,0.0
3785,568159290.0,1144677261.0,7333.934094,912117760.0,209711104.0,69.627,2892755.0,0.0
3790,570979808.0,1144680340.0,7341.159752,842276864.0,209711104.0,71.575,2902912.0,0.0
3795,581277650.0,1157857209.0,7353.790153,875073536.0,209711104.0,71.088,2919007.0,0.0
3801,581277650.0,1157857209.0,7365.637166,875438080.0,209711104.0,71.575,2919033.0,0.0
3806,581277650.0,1157857209.0,7375.797664,875520000.0,209711104.0,72.549,2919097.0,0.0
3811,581277650.0,1157857209.0,7391.129573,875548672.0,209711104.0,69.14,2919136.0,0.0
3816,581277650.0,1157857209.0,7394.870666,875610112.0,209711104.0,69.14,2919175.0,0.0
3821,581277650.0,1157857209.0,7394.890026,875610112.0,209711104.0,67.679,2919175.0,0.0
3826,581391382.0,1171004078.0,7397.672613,912928768.0,209711104.0,70.114,2944601.0,0.0
3831,581391424.0,1171004120.0,7411.458636,912928768.0,209711104.0,70.114,2944601.0,0.0
3836,581391424.0,1171004120.0,7423.101487,912928768.0,209711104.0,70.601,2944601.0,0.0
3841,581391424.0,1171004120.0,7433.506056,912945152.0,209711104.0,70.601,2944605.0,0.0
3846,581391424.0,1171004120.0,7446.513944,912949248.0,209711104.0,72.062,2944606.0,0.0
3851,581391424.0,1171004120.0,7458.217426,914513920.0,209711104.0,71.088,2944985.0,0.0
3857,581391424.0,1171004120.0,7469.575307,914513920.0,209711104.0,70.114,2944988.0,0.0
3862,581391424.0,1171004120.0,7480.895313,914522112.0,209711104.0,71.088,2944990.0,0.0
3867,581391424.0,1171004120.0,7495.183413,914616320.0,209711104.0,71.575,2945023.0,0.0
3872,581391424.0,1171004120.0,7507.913602,840368128.0,209711104.0,67.679,2945069.0,0.0
3877,594464532.0,1184166866.0,7508.747332,849244160.0,209711104.0,71.088,2965831.0,0.0
3882,594464574.0,1184166908.0,7521.943754,747982848.0,209711104.0,70.114,2981640.0,0.0
3887,594464574.0,1184166908.0,7532.326189,747819008.0,209711104.0,72.549,2981661.0,0.0
3892,594464574.0,1184166908.0,7546.496099,748277760.0,209711104.0,72.549,2981723.0,0.0
3897,594464574.0,1184166908.0,7557.835178,748052480.0,209711104.0,70.114,2981731.0,0.0
3902,594464574.0,1184166908.0,7562.031975,748388352.0,209711104.0,67.192,2981837.0,0.0
3907,594464574.0,1184166908.0,7562.055177,748388352.0,209711104.0,67.192,2981837.0,0.0
3913,594464875.0,1184167083.0,7562.590695,694067200.0,209711104.0,70.114,2981839.0,0.0
3918,594572696.0,1197335689.0,7573.057087,852848640.0,209711104.0,70.601,3020451.0,0.0
3923,594572696.0,1197335689.0,7584.764183,862953472.0,209711104.0,70.601,3022928.0,0.0
3928,594572696.0,1197335689.0,7597.359777,863158272.0,209711104.0,71.088,3023038.0,0.0
3933,594572696.0,1197335689.0,7607.655953,863408128.0,209711104.0,71.575,3023099.0,0.0
3938,594572696.0,1197335689.0,7620.387102,863670272.0,209711104.0,70.601,3023163.0,0.0
3943,594572696.0,1197335689.0,7631.708123,863703040.0,209711104.0,70.114,3023171.0,0.0
3948,594572696.0,1197335689.0,7645.032491,863715328.0,209711104.0,70.601,3023174.0,0.0
3953,594572696.0,1197335689.0,7657.225937,863973376.0,209711104.0,72.062,3023201.0,0.0
3958,594572696.0,1197335689.0,7668.55796,863952896.0,209711104.0,70.601,3023257.0,0.0
3963,607560093.0,1197352760.0,7676.144006,805466112.0,209711104.0,69.14,3044509.0,0.0
3968,607642942.0,1210437559.0,7680.976726,872914944.0,209711104.0,71.088,3060929.0,0.0
3973,607642942.0,1210437559.0,7694.20279,873017344.0,209711104.0,71.088,3060954.0,0.0
3979,607642942.0,1210437559.0,7707.614449,873181184.0,209711104.0,72.062,3061006.0,0.0
3984,607642942.0,1210437559.0,7719.969185,873201664.0,209711104.0,71.575,3061011.0,0.0
3989,607643243.0,1210437734.0,7730.269174,806117376.0,209711104.0,67.192,3061055.0,0.0
3994,607643285.0,1210437776.0,7730.300049,806113280.0,209711104.0,70.114,3061055.0,0.0
3999,607746816.0,1223583150.0,7739.167628,910684160.0,209711104.0,69.627,3086499.0,0.0
4004,607746816.0,1223583150.0,7749.783874,910704640.0,209711104.0,71.088,3086504.0,0.0
4009,607746816.0,1223583150.0,7772.663485,910712832.0,209711104.0,71.088,3086506.0,0.0
4014,607746816.0,1223583150.0,7782.901429,910716928.0,209711104.0,70.601,3086507.0,0.0
4019,607746816.0,1223583150.0,7797.461723,910733312.0,209711104.0,70.114,3086511.0,0.0
4024,607746816.0,1223583150.0,7810.459313,910872576.0,209711104.0,69.627,3086545.0,0.0
4029,607746816.0,1223583150.0,7822.528359,910893056.0,209711104.0,71.575,3086550.0,0.0
4034,607746816.0,1223583150.0,7835.025935,911048704.0,209711104.0,72.062,3086614.0,0.0
4040,620761514.0,1226395695.0,7843.496453,810151936.0,209711104.0,72.549,3097212.0,0.0
4045,620851076.0,1236741672.0,7852.925072,875790336.0,209711104.0,71.575,3113301.0,0.0
4050,620851118.0,1236741714.0,7865.967328,876158976.0,209711104.0,72.549,3113328.0,0.0
4055,620851118.0,1236741714.0,7878.897295,876011520.0,209711104.0,72.549,3113367.0,0.0
4060,620851118.0,1236741714.0,7889.864452,876036096.0,209711104.0,70.601,3113373.0,0.0
4065,620851118.0,1236741714.0,7896.88759,876101632.0,209711104.0,67.679,3113413.0,0.0
4070,620851118.0,1236741714.0,7896.915263,876101632.0,209711104.0,66.705,3113413.0,0.0
4075,620851419.0,1236741889.0,7897.455734,808931328.0,209711104.0,69.627,3113413.0,0.0
4080,620972416.0,1249906049.0,7905.165404,913440768.0,209711104.0,71.575,3138841.0,0.0
4085,620972416.0,1249906049.0,7916.956215,913444864.0,209711104.0,70.114,3138842.0,0.0
4090,620972416.0,1249906049.0,7928.123096,913707008.0,209711104.0,70.114,3138843.0,0.0
4096,620972416.0,1249906049.0,7942.98118,913485824.0,209711104.0,69.627,3138852.0,0.0
4101,620972416.0,1249906049.0,7951.930206,913494016.0,209711104.0,70.114,3138854.0,0.0
4106,620972416.0,1249906049.0,7965.712163,913510400.0,209711104.0,71.575,3138858.0,0.0
4111,620972416.0,1249906049.0,7977.757676,913526784.0,209711104.0,71.575,3138862.0,0.0
4116,620972416.0,1249906049.0,7989.175888,914079744.0,209711104.0,71.088,3138997.0,0.0
4121,620972416.0,1249906049.0,7997.375858,914161664.0,209711104.0,71.088,3139029.0,0.0
4126,620972416.0,1249906049.0,8009.499139,914251776.0,209711104.0,70.601,3139064.0,0.0
4131,634088952.0,1263087143.0,8018.00524,878092288.0,209711104.0,71.575,3165533.0,0.0
4136,634088994.0,1263087185.0,8031.319068,878448640.0,209711104.0,71.088,3165558.0,0.0
4141,634088994.0,1263087185.0,8037.635949,878174208.0,209711104.0,68.653,3165576.0,0.0
4146,634088994.0,1263087185.0,8037.663307,878174208.0,209711104.0,67.679,3165576.0,0.0
4152,634088994.0,1263087185.0,8043.923392,878329856.0,209711104.0,71.088,3165602.0,0.0
4157,634088994.0,1263087185.0,8057.056158,878354432.0,209711104.0,71.088,3165608.0,0.0
4162,634172300.0,1276234978.0,8065.191545,841588736.0,209711104.0,70.601,3172990.0,0.0
4167,634172342.0,1276235020.0,8078.500704,915845120.0,209711104.0,71.575,3191098.0,0.0
4172,634172342.0,1276235020.0,8089.914583,915845120.0,209711104.0,70.114,3191098.0,0.0
4177,634172342.0,1276235020.0,8102.196269,915845120.0,209711104.0,70.114,3191098.0,0.0
4182,634172342.0,1276235020.0,8112.809439,915845120.0,209711104.0,70.601,3191098.0,0.0
4187,634172342.0,1276235020.0,8125.394012,915845120.0,209711104.0,72.549,3191098.0,0.0
4192,634172342.0,1276235020.0,8137.070343,916115456.0,209711104.0,71.575,3191101.0,0.0
4197,634172342.0,1276235020.0,8148.942098,915865600.0,209711104.0,71.575,3191103.0,0.0
4202,634172342.0,1276235020.0,8159.538932,916201472.0,209711104.0,71.088,3191149.0,0.0
4207,634172342.0,1276235020.0,8171.143985,916135936.0,209711104.0,69.14,3191194.0,0.0
4213,647289802.0,1289414134.0,8178.027061,871571456.0,209711104.0,71.088,3215860.0,0.0
4218,647289844.0,1289414176.0,8189.88238,879894528.0,209711104.0,72.062,3217774.0,0.0
4223,647289844.0,1289414176.0,8202.165224,879988736.0,209711104.0,69.627,3217800.0,0.0
4228,647289844.0,1289414176.0,8204.52887,879669248.0,209711104.0,68.653,3217807.0,0.0
4233,647289844.0,1289414176.0,8204.552624,879669248.0,209711104.0,69.14,3217807.0,0.0
4238,647289844.0,1289414176.0,8214.225415,879820800.0,209711104.0,71.575,3217832.0,0.0
4243,647289844.0,1289414176.0,8228.925176,879845376.0,209711104.0,71.088,3217838.0,0.0
4248,647381136.0,1302565071.0,8237.388542,917958656.0,209711104.0,71.088,3243479.0,0.0
4253,647381178.0,1302565113.0,8250.736,919564288.0,209711104.0,70.601,3243871.0,0.0
4258,647381178.0,1302565113.0,8262.302967,919564288.0,209711104.0,71.088,3243871.0,0.0
4263,647381178.0,1302565113.0,8271.762711,919564288.0,209711104.0,71.575,3243871.0,0.0
4269,647381178.0,1302565113.0,8285.150114,919564288.0,209711104.0,71.575,3243871.0,0.0
4274,647381178.0,1302565113.0,8297.595235,919568384.0,209711104.0,71.088,3243872.0,0.0
4279,647381178.0,1302565113.0,8308.102753,922222592.0,209711104.0,71.575,3244479.0,0.0
4284,647381178.0,1302565113.0,8320.561681,922066944.0,209711104.0,68.653,3244482.0,0.0
4289,647381178.0,1302565113.0,8326.176975,922091520.0,209711104.0,71.088,3244500.0,0.0
4294,647381178.0,1302565113.0,8342.059878,922230784.0,209711104.0,70.114,3244547.0,0.0
4299,660477188.0,1315728519.0,8345.035523,852791296.0,209711104.0,71.575,3263287.0,0.0
4304,660477188.0,1315728519.0,8355.22499,884826112.0,209711104.0,72.062,3271006.0,0.0
4309,660477272.0,1315728603.0,8383.94803,884776960.0,209711104.0,72.062,3271068.0,0.0
4314,660477272.0,1315728603.0,8395.253169,885059584.0,209711104.0,70.114,3271074.0,0.0
4319,660477573.0,1315728778.0,8398.775767,817684480.0,209711104.0,68.166,3271111.0,0.0
4324,660570610.0,1328836598.0,8400.931999,922181632.0,209711104.0,70.114,3296535.0,0.0
4329,660570610.0,1328836598.0,8414.981072,922447872.0,209711104.0,70.114,3296537.0,0.0
4335,660570610.0,1328836598.0,8424.147168,922193920.0,209711104.0,72.062,3296538.0,0.0
4340,660570610.0,1328836598.0,8437.549262,922193920.0,209711104.0,72.549,3296538.0,0.0
4345,660570610.0,1328836598.0,8450.668814,922193920.0,209711104.0,71.575,3296538.0,0.0
4350,660570610.0,1328836598.0,8461.060367,922193920.0,209711104.0,71.575,3296538.0,0.0
4355,660570610.0,1328836598.0,8472.745321,922202112.0,209711104.0,71.088,3296540.0,0.0
4360,660570610.0,1328836598.0,8484.781905,922472448.0,209711104.0,72.062,3296545.0,0.0
4365,660570610.0,1328836598.0,8497.874995,922554368.0,209711104.0,72.549,3296577.0,0.0
4370,660570610.0,1328836598.0,8511.365248,688025600.0,209711104.0,69.14,3301664.0,0.0
4375,673619892.0,1341939284.0,8514.347067,843415552.0,209711104.0,71.575,3353999.0,0.0
4380,673619934.0,1341939326.0,8526.047682,845090816.0,209711104.0,71.575,3354408.0,0.0
4385,673619934.0,1341939326.0,8537.529999,845451264.0,209711104.0,72.062,3354433.0,0.0
4390,673619934.0,1341939326.0,8551.622372,845807616.0,209711104.0,73.036,3354532.0,0.0
4396,673619934.0,1341939326.0,8565.451581,845840384.0,209711104.0,70.114,3354540.0,0.0
4401,673620235.0,1341939501.0,8566.547838,778248192.0,209711104.0,68.166,3354584.0,0.0
4406,673749374.0,1355104411.0,8571.68011,905940992.0,209711104.0,70.601,3385644.0,0.0
4411,673749374.0,1355104411.0,8583.398067,917467136.0,209711104.0,70.601,3388420.0,0.0
4416,673749374.0,1355104411.0,8592.842673,918200320.0,209711104.0,71.575,3388626.0,0.0
4421,673749374.0,1355104411.0,8605.817016,918142976.0,209711104.0,71.088,3388661.0,0.0
4426,673749374.0,1355104411.0,8615.71196,918282240.0,209711104.0,71.088,3388695.0,0.0
4431,673749374.0,1355104411.0,8629.655215,918536192.0,209711104.0,71.575,3388757.0,0.0
4436,673749374.0,1355104411.0,8641.387024,918601728.0,209711104.0,72.062,3388773.0,0.0
4441,673749374.0,1355104411.0,8652.460955,918716416.0,209711104.0,70.114,3388801.0,0.0
4446,673749374.0,1355104411.0,8662.728414,918941696.0,209711104.0,72.062,3388829.0,0.0
4451,673749374.0,1355104411.0,8673.413567,918896640.0,209711104.0,70.601,3388870.0,0.0
4457,686845978.0,1368263131.0,8680.153064,864772096.0,209711104.0,71.088,3411313.0,0.0
4462,686846020.0,1368263173.0,8691.298455,882987008.0,209711104.0,72.062,3415768.0,0.0
4467,686846020.0,1368263173.0,8703.710089,883326976.0,209711104.0,71.575,3415794.0,0.0
4472,686846020.0,1368263173.0,8715.83,883568640.0,209711104.0,74.01,3415923.0,0.0
4477,686846020.0,1368263173.0,8729.599741,883982336.0,209711104.0,70.601,3415961.0,0.0
4482,686846321.0,1368263348.0,8733.874093,816693248.0,209711104.0,69.14,3416014.0,0.0
4487,686976120.0,1381425882.0,8737.019909,847175680.0,209711104.0,70.114,3441474.0,0.0
4492,686976120.0,1381425882.0,8747.743095,847192064.0,209711104.0,71.575,3441478.0,0.0
4497,686976120.0,1381425882.0,8758.33167,847200256.0,209711104.0,72.062,3441480.0,0.0
4502,686976120.0,1381425882.0,8773.377853,847253504.0,209711104.0,72.062,3441493.0,0.0
4507,686976120.0,1381425882.0,8785.021914,847269888.0,209711104.0,71.088,3441497.0,0.0
4512,686976120.0,1381425882.0,8794.827736,847286272.0,209711104.0,72.062,3441500.0,0.0
4518,686976120.0,1381425882.0,8805.942944,844529664.0,209711104.0,70.601,3447496.0,0.0
4523,686976120.0,1381425882.0,8821.444056,847269888.0,209711104.0,71.088,3448268.0,0.0
4528,686976120.0,1381425882.0,8832.611869,847360000.0,209711104.0,73.036,3448302.0,0.0
4533,686976120.0,1381425882.0,8845.835387,847462400.0,209711104.0,70.114,3448340.0,0.0
4538,700090544.0,1394606910.0,8853.419121,890368000.0,209711104.0,72.062,3476137.0,0.0
4543,700090586.0,1394606952.0,8863.842181,890462208.0,209711104.0,72.062,3476156.0,0.0
4548,700090586.0,1394606952.0,8875.206121,890523648.0,209711104.0,73.036,3476204.0,0.0
4553,700090586.0,1394606952.0,8887.802526,890368000.0,209711104.0,73.036,3476208.0,0.0
4558,700090586.0,1394606952.0,8901.627116,890486784.0,209711104.0,69.627,3476251.0,0.0
4563,700090887.0,1394607127.0,8901.922736,823279616.0,209711104.0,69.627,3476251.0,0.0
4568,700174090.0,1407692573.0,8909.266173,927830016.0,209711104.0,71.575,3501691.0,0.0
4573,700174090.0,1407692573.0,8921.313304,927834112.0,209711104.0,70.601,3501692.0,0.0
4579,700174090.0,1407692573.0,8933.297882,928088064.0,209711104.0,71.575,3501754.0,0.0
4584,700174090.0,1407692573.0,8941.890569,928092160.0,209711104.0,71.575,3501755.0,0.0
4589,700174090.0,1407692573.0,8953.698747,928096256.0,209711104.0,71.088,3501756.0,0.0
4594,700174090.0,1407692573.0,8967.315482,928362496.0,209711104.0,71.088,3501758.0,0.0
4599,700174090.0,1407692573.0,8979.69824,928313344.0,209711104.0,71.575,3501809.0,0.0
4604,700174090.0,1407692573.0,8992.287557,928325632.0,209711104.0,72.549,3501812.0,0.0
4609,700174090.0,1407692573.0,9002.273988,928419840.0,209711104.0,72.062,3501846.0,0.0
4614,713285280.0,1420870367.0,9019.588994,887439360.0,209711104.0,72.062,3527100.0,0.0
4619,713285322.0,1420870409.0,9033.564901,887287808.0,209711104.0,73.036,3527126.0,0.0
4624,713285322.0,1420870409.0,9046.327799,887418880.0,209711104.0,72.549,3527171.0,0.0
4629,713285322.0,1420870409.0,9060.112855,887443456.0,209711104.0,73.036,3527177.0,0.0
4634,713285623.0,1420870584.0,9069.749401,820531200.0,209711104.0,69.14,3527217.0,0.0
4640,713285665.0,1420870626.0,9069.779499,820350976.0,209711104.0,68.166,3527217.0,0.0
4645,713285665.0,1420870626.0,9069.797595,820350976.0,209711104.0,66.218,3527217.0,0.0
4650,713285665.0,1420870626.0,9069.832523,820350976.0,209711104.0,67.192,3527217.0,0.0
4655,713391902.0,1434015538.0,9071.019987,928735232.0,209711104.0,68.653,3553524.0,0.0
4660,713391944.0,1434015580.0,9080.629289,928550912.0,209711104.0,71.088,3553549.0,0.0
4665,713391944.0,1434015580.0,9095.177512,928571392.0,209711104.0,70.601,3553554.0,0.0
4670,713391944.0,1434015580.0,9104.758359,928571392.0,209711104.0,70.601,3553554.0,0.0
4675,713391944.0,1434015580.0,9118.224984,928571392.0,209711104.0,70.114,3553554.0,0.0
4680,713391944.0,1434015580.0,9127.996234,928571392.0,209711104.0,71.088,3553554.0,0.0
4685,713391944.0,1434015580.0,9142.027455,928591872.0,209711104.0,70.601,3553559.0,0.0
4690,713391944.0,1434015580.0,9151.678011,928600064.0,209711104.0,71.088,3553561.0,0.0
4695,713391944.0,1434015580.0,9165.97594,928833536.0,209711104.0,71.575,3553587.0,0.0
4700,713391944.0,1434015580.0,9176.489673,928763904.0,209711104.0,69.627,3553628.0,0.0
4706,726379275.0,1434032585.0,9182.413613,858894336.0,209711104.0,70.601,3564586.0,0.0
4711,726462586.0,1447118440.0,9190.026535,898879488.0,209711104.0,72.062,3574281.0,0.0
4716,726462586.0,1447118440.0,9201.653061,898973696.0,209711104.0,71.575,3574304.0,0.0
4721,726462586.0,1447118440.0,9213.325126,899354624.0,209711104.0,72.549,3574347.0,0.0
4726,726462586.0,1447118440.0,9226.951815,899121152.0,209711104.0,71.088,3574353.0,0.0
4731,726462586.0,1447118440.0,9236.13884,899186688.0,209711104.0,68.166,3574393.0,0.0
4736,726462586.0,1447118440.0,9236.16545,899186688.0,209711104.0,67.679,3574393.0,0.0
4741,726578166.0,1460271117.0,9237.462926,932478976.0,209711104.0,70.114,3599805.0,0.0
4746,726578208.0,1460271159.0,9250.386828,932638720.0,209711104.0,70.601,3599828.0,0.0
4751,726578208.0,1460271159.0,9262.844159,932642816.0,209711104.0,70.114,3599829.0,0.0
4756,726578208.0,1460271159.0,9274.281058,932933632.0,209711104.0,71.088,3599837.0,0.0
4762,726578208.0,1460271159.0,9285.521991,932675584.0,209711104.0,71.088,3599837.0,0.0
4767,726578208.0,1460271159.0,9297.764463,932679680.0,209711104.0,71.088,3599838.0,0.0
4772,726578208.0,1460271159.0,9309.153173,932945920.0,209711104.0,71.088,3599840.0,0.0
4777,726578208.0,1460271159.0,9320.688014,932696064.0,209711104.0,71.088,3599842.0,0.0
4782,726578208.0,1460271159.0,9334.898413,932765696.0,209711104.0,71.088,3599872.0,0.0
4787,726578208.0,1460271159.0,9343.846472,932868096.0,209711104.0,70.114,3599909.0,0.0
4792,739687748.0,1473442089.0,9354.483708,897208320.0,209711104.0,72.062,3626501.0,0.0
4797,739687790.0,1473442131.0,9366.348153,897564672.0,209711104.0,72.549,3626524.0,0.0
4802,739687790.0,1473442131.0,9379.081107,897454080.0,209711104.0,72.549,3626573.0,0.0
4807,739687790.0,1473442131.0,9388.585676,897470464.0,209711104.0,72.062,3626577.0,0.0
4812,739687790.0,1473442131.0,9403.219016,897757184.0,209711104.0,68.653,3626584.0,0.0
4817,739688091.0,1473442306.0,9404.458441,830410752.0,209711104.0,67.192,3626625.0,0.0
4823,739688133.0,1473442348.0,9404.483794,830410752.0,209711104.0,66.705,3626625.0,0.0
4828,739813972.0,1486603760.0,9406.697945,799694848.0,209711104.0,69.627,3662977.0,0.0
4833,739814014.0,1486603802.0,9417.972319,838324224.0,209711104.0,71.088,3672455.0,0.0
4838,739814014.0,1486603802.0,9428.855572,841592832.0,209711104.0,72.062,3673253.0,0.0
4843,739814014.0,1486603802.0,9443.589125,841940992.0,209711104.0,71.575,3673275.0,0.0
4848,739814014.0,1486603802.0,9451.348098,842002432.0,209711104.0,70.601,3673294.0,0.0
4853,739814014.0,1486603802.0,9465.604698,841805824.0,209711104.0,69.627,3673305.0,0.0
4858,739814014.0,1486603802.0,9479.184817,841814016.0,209711104.0,70.114,3673307.0,0.0
4863,739814014.0,1486603802.0,9491.465742,841940992.0,209711104.0,69.627,3673338.0,0.0
4868,739814014.0,1486603802.0,9501.476818,842059776.0,209711104.0,71.575,3673379.0,0.0
4873,739814014.0,1486603802.0,9516.180556,842244096.0,209711104.0,69.627,3673437.0,0.0
4879,752881842.0,1499766020.0,9519.035212,865091584.0,209711104.0,70.114,3711583.0,0.0
4884,752881884.0,1499766062.0,9531.825716,890265600.0,209711104.0,71.575,3717653.0,0.0
4889,752881884.0,1499766062.0,9543.863809,890380288.0,209711104.0,72.549,3717680.0,0.0
4894,752881884.0,1499766062.0,9557.839535,890355712.0,209711104.0,72.549,3717750.0,0.0
4899,752881884.0,1499766062.0,9569.695469,890380288.0,209711104.0,69.627,3717756.0,0.0
4904,752882185.0,1499766237.0,9573.003691,821948416.0,209711104.0,67.679,3717824.0,0.0
4909,753008948.0,1512922171.0,9577.356072,930091008.0,209711104.0,70.114,3744026.0,0.0
4914,753008948.0,1512922171.0,9599.990394,929587200.0,209711104.0,71.088,3744029.0,0.0
4919,753008948.0,1512922171.0,9611.534684,930406400.0,209711104.0,70.601,3744172.0,0.0
4924,753008948.0,1512922171.0,9622.089907,930189312.0,209711104.0,71.575,3744176.0,0.0
4929,753008948.0,1512922171.0,9633.90025,930189312.0,209711104.0,71.575,3744176.0,0.0
4934,753008948.0,1512922171.0,9646.246611,930189312.0,209711104.0,71.088,3744176.0,0.0
4939,753008948.0,1512922171.0,9659.893343,930213888.0,209711104.0,71.575,3744182.0,0.0
4944,753008948.0,1512922171.0,9670.773569,930414592.0,209711104.0,71.088,3744211.0,0.0
4949,753008948.0,1512922171.0,9682.97472,930410496.0,209711104.0,71.088,3744254.0,0.0
4955,766125880.0,1526103859.0,9692.66107,894930944.0,209711104.0,73.036,3770892.0,0.0
4960,766125922.0,1526103901.0,9703.518076,895262720.0,209711104.0,71.088,3770912.0,0.0
4965,766125922.0,1526103901.0,9713.98424,895021056.0,209711104.0,67.679,3770937.0,0.0
4970,766125922.0,1526103901.0,9714.007858,895021056.0,209711104.0,67.679,3770937.0,0.0
4975,766125922.0,1526103901.0,9719.533713,895160320.0,209711104.0,69.627,3770960.0,0.0
4980,766125922.0,1526103901.0,9732.605358,895180800.0,209711104.0,71.575,3770965.0,0.0
4985,766125922.0,1526103901.0,9740.831007,895291392.0,209711104.0,67.192,3771005.0,0.0
4990,766125922.0,1526103901.0,9740.859409,895246336.0,209711104.0,66.218,3771005.0,0.0
4995,766126289.0,1526104010.0,9741.407702,828198912.0,209711104.0,70.601,3771005.0,0.0
5000,766246320.0,1539250572.0,9751.842958,932671488.0,209711104.0,69.14,3796454.0,0.0
5005,766246320.0,1539250572.0,9764.133222,932687872.0,209711104.0,71.088,3796458.0,0.0
5010,766246320.0,1539250572.0,9775.954037,932712448.0,209711104.0,69.14,3796464.0,0.0
5015,766246320.0,1539250572.0,9790.566529,932737024.0,209711104.0,70.601,3796470.0,0.0
5021,766246320.0,1539250572.0,9800.738468,932741120.0,209711104.0,70.114,3796471.0,0.0
5026,766246320.0,1539250572.0,9812.903186,932753408.0,209711104.0,70.601,3796474.0,0.0
5031,766246320.0,1539250572.0,9824.931338,932765696.0,209711104.0,70.601,3796477.0,0.0
5036,766246320.0,1539250572.0,9834.453142,932769792.0,209711104.0,70.114,3796478.0,0.0
5041,766246320.0,1539250572.0,9844.340263,933122048.0,209711104.0,71.575,3796518.0,0.0
5046,779233783.0,1539267709.0,9854.890961,830885888.0,209711104.0,70.601,3806925.0,0.0
5051,779366066.0,1552431048.0,9862.668223,897986560.0,209711104.0,71.575,3823307.0,0.0
5056,779366066.0,1552431048.0,9875.603248,898084864.0,209711104.0,71.088,3823331.0,0.0
5061,779366066.0,1552431048.0,9882.202871,898068480.0,209711104.0,67.192,3823350.0,0.0
5066,779366066.0,1552431048.0,9882.222235,898068480.0,209711104.0,67.679,3823350.0,0.0
5071,779366066.0,1552431048.0,9886.582641,898207744.0,209711104.0,70.114,3823372.0,0.0
5077,779366066.0,1552431048.0,9901.831814,898494464.0,209711104.0,70.114,3823380.0,0.0
5082,779366066.0,1552431048.0,9908.857791,898306048.0,209711104.0,67.192,3823421.0,0.0
5087,779366066.0,1552431048.0,9908.874222,898306048.0,209711104.0,65.731,3823421.0,0.0
5092,779483296.0,1565583791.0,9911.525728,935669760.0,209711104.0,68.653,3848853.0,0.0
5097,779483296.0,1565583791.0,9921.021952,935682048.0,209711104.0,69.14,3848856.0,0.0
5102,779483296.0,1565583791.0,9934.023873,935698432.0,209711104.0,70.114,3848860.0,0.0
5107,779483296.0,1565583791.0,9945.898592,935698432.0,209711104.0,70.601,3848860.0,0.0
5112,779483296.0,1565583791.0,9958.04883,935780352.0,209711104.0,70.601,3848880.0,0.0
5117,779483296.0,1565583791.0,9969.849393,935784448.0,209711104.0,69.627,3848881.0,0.0
5122,779483296.0,1565583791.0,9982.13072,936058880.0,209711104.0,71.088,3848885.0,0.0
5127,779483296.0,1565583791.0,9992.803845,935825408.0,209711104.0,72.062,3848890.0,0.0
5133,779483296.0,1565583791.0,10004.46537,936136704.0,209711104.0,70.114,3848915.0,0.0
5138,779483296.0,1565583791.0,10012.944572,935813120.0,209711104.0,72.062,3848938.0,0.0
5143,779483296.0,1565583791.0,10022.877716,889016320.0,209711104.0,68.653,3860386.0,0.0
5148,792596136.0,1578753533.0,10026.103187,899215360.0,209711104.0,71.088,3875449.0,0.0
5153,792596178.0,1578753575.0,10040.709768,899571712.0,209711104.0,71.088,3875477.0,0.0
5158,792596178.0,1578753575.0,10051.123037,899465216.0,209711104.0,72.062,3875523.0,0.0
5163,792596178.0,1578753575.0,10065.72643,899485696.0,209711104.0,72.549,3875528.0,0.0
