Time_stamp(s),Net_transmit(B),Net_receive(B),CPU_time(s),RAM_usage(B),Swap_free(B),Temp(C),Mem_fault,Mem_majfault,,4,3977527296,209186816
0,3095.0,7346.0,10.483812,232673280.0,209186816.0,67.679,72423.0,31.0
5,3137.0,7388.0,10.509837,232435712.0,209186816.0,66.705,72424.0,31.0
10,102009.0,13162752.0,14.930088,369709056.0,209186816.0,68.653,124584.0,31.0
15,102009.0,13162752.0,18.435578,381288448.0,209186816.0,68.166,131735.0,31.0
20,102009.0,13162822.0,23.951823,402501632.0,209186816.0,67.679,153129.0,31.0
25,102009.0,13162822.0,29.227576,419905536.0,209186816.0,68.653,169983.0,31.0
30,102009.0,13162822.0,34.443208,429481984.0,209186816.0,69.14,178639.0,31.0
35,102009.0,13162822.0,39.319628,476385280.0,209186816.0,68.653,196411.0,31.0
40,102009.0,13162822.0,44.462764,477921280.0,209186816.0,68.166,203839.0,31.0
45,102009.0,13162822.0,50.307408,487559168.0,209186816.0,68.653,212476.0,31.0
50,102009.0,13162822.0,54.807605,582057984.0,209186816.0,69.14,235538.0,31.0
55,102009.0,13162822.0,59.18175,617508864.0,209186816.0,69.14,244119.0,31.0
60,102009.0,13162892.0,72.376475,739069952.0,209186816.0,70.601,273789.0,31.0
65,102009.0,13162892.0,86.801253,738557952.0,209186816.0,70.114,278907.0,31.0
71,102009.0,13162892.0,98.605039,743321600.0,209186816.0,72.062,280132.0,31.0
76,102009.0,13162892.0,108.969011,743329792.0,209186816.0,71.088,280134.0,31.0
81,102009.0,13162892.0,122.232678,744267776.0,209186816.0,70.601,280362.0,31.0
86,102009.0,13162892.0,133.646868,745500672.0,209186816.0,71.575,280625.0,31.0
91,102009.0,13162892.0,144.980693,745664512.0,209186816.0,72.062,280701.0,31.0
96,102009.0,13162892.0,153.073394,748032000.0,209186816.0,70.114,281419.0,31.0
101,102009.0,13162892.0,160.276998,665169920.0,209186816.0,71.575,294734.0,31.0
106,102009.0,13162892.0,168.085989,672612352.0,209186816.0,72.549,296955.0,31.0
111,13205718.0,26344986.0,176.842144,751607808.0,209186816.0,70.114,348501.0,31.0
116,13205760.0,26345028.0,189.73798,757149696.0,209186816.0,71.575,349964.0,31.0
122,13205760.0,26345028.0,200.302998,757907456.0,209186816.0,73.036,350089.0,31.0
127,13205760.0,26345028.0,213.644945,759783424.0,209186816.0,72.549,350618.0,31.0
132,13205760.0,26345098.0,225.417271,763006976.0,209186816.0,72.549,351284.0,31.0
137,13206061.0,26345273.0,229.002309,595877888.0,209186816.0,68.653,355448.0,31.0
142,13206061.0,26345273.0,229.023355,595877888.0,209186816.0,68.166,355448.0,31.0
147,13206061.0,26345273.0,229.045423,595877888.0,209186816.0,68.653,355448.0,31.0
152,13310608.0,39511925.0,237.290356,796377088.0,209186816.0,70.114,404315.0,31.0
157,13310608.0,39511925.0,251.736792,816013312.0,209186816.0,71.088,409077.0,31.0
162,13310608.0,39511925.0,260.747534,816205824.0,209186816.0,71.088,409093.0,31.0
167,13310608.0,39511925.0,275.972633,795922432.0,209186816.0,72.062,411226.0,31.0
172,13310608.0,39511925.0,285.057867,807247872.0,209186816.0,71.575,413995.0,31.0
177,13310608.0,39511925.0,297.61696,807276544.0,209186816.0,72.062,414002.0,31.0
183,13310608.0,39511925.0,311.768728,810901504.0,209186816.0,71.575,414887.0,31.0
188,13310608.0,39511925.0,321.685506,814551040.0,209186816.0,72.062,415778.0,31.0
193,13310608.0,39511925.0,331.103303,814960640.0,209186816.0,72.062,415834.0,31.0
198,13310608.0,39511925.0,341.823034,744558592.0,209186816.0,72.062,415891.0,31.0
203,26396224.0,52667171.0,350.102308,813363200.0,209186816.0,73.523,450328.0,31.0
208,26396266.0,52667213.0,365.116817,813494272.0,209186816.0,73.036,450360.0,31.0
213,26396266.0,52667213.0,372.805524,814387200.0,209186816.0,74.01,450557.0,31.0
218,26396541.0,52667388.0,391.393804,749051904.0,209186816.0,70.601,450646.0,31.0
223,26396541.0,52667388.0,391.421163,749051904.0,209186816.0,70.114,450646.0,31.0
228,26396541.0,52667388.0,391.451766,749051904.0,209186816.0,69.14,450646.0,31.0
233,26497194.0,65800974.0,400.97215,849911808.0,209186816.0,71.575,475186.0,31.0
238,26497194.0,65800974.0,411.457065,850182144.0,209186816.0,72.062,475189.0,31.0
243,26497194.0,65800974.0,424.482962,849928192.0,209186816.0,71.088,475190.0,31.0
249,26497194.0,65800974.0,437.336414,849936384.0,209186816.0,72.062,475192.0,31.0
254,26497194.0,65800974.0,447.341583,849956864.0,209186816.0,72.549,475197.0,31.0
259,26497194.0,65800974.0,461.030787,851648512.0,209186816.0,71.575,475610.0,31.0
264,26497194.0,65800974.0,471.594006,851660800.0,209186816.0,72.549,475613.0,31.0
269,26497194.0,65800974.0,482.266961,851664896.0,209186816.0,72.549,475614.0,31.0
274,26497194.0,65800974.0,496.898206,851963904.0,209186816.0,72.062,475713.0,31.0
279,29774030.0,65804845.0,504.569472,790233088.0,209186816.0,72.062,487254.0,31.0
284,39613228.0,78976814.0,509.611601,827875328.0,209186816.0,71.575,501896.0,31.0
289,39613270.0,78976926.0,522.493444,828493824.0,209186816.0,73.036,501985.0,31.0
294,39613270.0,78976926.0,534.650336,828391424.0,209186816.0,74.497,502034.0,31.0
299,39613270.0,78976926.0,545.602861,828669952.0,209186816.0,73.523,502039.0,31.0
305,39613571.0,78977101.0,553.898352,763170816.0,209186816.0,71.088,502076.0,31.0
310,39705974.0,92131873.0,554.291105,795365376.0,209186816.0,70.114,509935.0,31.0
315,39705974.0,92131873.0,565.046264,910233600.0,209186816.0,71.575,527110.0,31.0
320,39705974.0,92131873.0,575.994449,910233600.0,209186816.0,72.062,527110.0,31.0
325,39705974.0,92131873.0,589.149245,910245888.0,209186816.0,72.549,527112.0,31.0
330,39705974.0,92131873.0,596.827361,910254080.0,209186816.0,73.036,527114.0,31.0
335,39705974.0,92131873.0,612.638957,914472960.0,209186816.0,72.549,528140.0,31.0
340,39705974.0,92131873.0,623.689002,914735104.0,209186816.0,73.036,528145.0,31.0
345,39705974.0,92131873.0,635.87224,914509824.0,209186816.0,72.062,528151.0,31.0
350,39705974.0,92131873.0,649.093791,914546688.0,209186816.0,73.523,528172.0,31.0
355,39705974.0,92131873.0,660.5895,914681856.0,209186816.0,74.01,528218.0,31.0
360,52808148.0,105217032.0,667.423635,817336320.0,209186816.0,71.088,539572.0,31.0
366,52808586.0,105287559.0,678.347721,877502464.0,209186816.0,73.036,554219.0,31.0
371,52808586.0,105287559.0,691.000415,877871104.0,209186816.0,72.062,554247.0,31.0
376,52808586.0,105287559.0,701.91983,877674496.0,209186816.0,73.523,554273.0,31.0
381,52808586.0,105287559.0,714.428264,878354432.0,209186816.0,74.497,554376.0,31.0
386,52808887.0,105287734.0,716.592319,812863488.0,209186816.0,70.601,554415.0,31.0
391,52808887.0,105287734.0,716.610708,812863488.0,209186816.0,69.627,554415.0,31.0
396,52872224.0,113050700.0,716.718049,813248512.0,209186816.0,70.114,554415.0,31.0
401,52925644.0,118448710.0,726.143814,913629184.0,209186816.0,72.062,578931.0,31.0
406,52925644.0,118448710.0,738.808319,913637376.0,209186816.0,72.062,578933.0,31.0
411,52925644.0,118448710.0,750.352447,913653760.0,209186816.0,71.575,578937.0,31.0
416,52925644.0,118448710.0,762.204241,913666048.0,209186816.0,72.549,578940.0,31.0
422,52925644.0,118448710.0,774.4576,914751488.0,209186816.0,72.549,579204.0,31.0
427,52925644.0,118448710.0,785.988151,916144128.0,209186816.0,73.036,579543.0,31.0
432,52925644.0,118448710.0,800.669701,916160512.0,209186816.0,72.062,579547.0,31.0
437,52925644.0,118448710.0,809.567389,916103168.0,209186816.0,70.601,579550.0,31.0
442,52925644.0,118448710.0,816.17445,916525056.0,209186816.0,72.062,579584.0,31.0
447,52925644.0,118448710.0,827.269574,746823680.0,209186816.0,70.114,587270.0,31.0
452,66013628.0,131623758.0,835.706055,846041088.0,209186816.0,72.549,633362.0,31.0
457,66013670.0,131623800.0,846.113959,846397440.0,209186816.0,73.036,633386.0,31.0
462,66013670.0,131623800.0,860.7924,846389248.0,209186816.0,74.01,633461.0,31.0
467,66013670.0,131623800.0,873.862714,846417920.0,209186816.0,73.523,633468.0,31.0
472,66013971.0,131623975.0,877.082544,781549568.0,209186816.0,71.088,633580.0,31.0
477,66013971.0,131623975.0,877.118118,781479936.0,209186816.0,68.166,633580.0,31.0
483,66013971.0,131623975.0,877.148373,781479936.0,209186816.0,67.679,633580.0,31.0
488,66143202.0,144787723.0,884.71005,905621504.0,209186816.0,70.601,663702.0,31.0
493,66143202.0,144787723.0,896.055849,905515008.0,209186816.0,71.575,663778.0,31.0
498,66143202.0,144787723.0,907.029847,905662464.0,209186816.0,72.062,663814.0,31.0
503,66143202.0,144787723.0,916.720982,905687040.0,209186816.0,72.549,663820.0,31.0
508,66143202.0,144787723.0,930.266716,905818112.0,209186816.0,73.523,663852.0,31.0
513,66143202.0,144787723.0,944.431615,905834496.0,209186816.0,72.062,663856.0,31.0
518,66143202.0,144787723.0,964.950092,905850880.0,209186816.0,73.036,663860.0,31.0
523,66143202.0,144787723.0,979.315958,906027008.0,209186816.0,73.523,663928.0,31.0
528,66143202.0,144787723.0,986.776167,905904128.0,209186816.0,71.088,663942.0,31.0
533,79254022.0,157965675.0,997.27773,884293632.0,209186816.0,73.523,693173.0,31.0
538,79254064.0,157965717.0,1010.599108,884428800.0,209186816.0,73.036,693206.0,31.0
544,79254064.0,157965717.0,1020.725917,884535296.0,209186816.0,73.036,693244.0,31.0
549,79254064.0,157965717.0,1031.334979,884813824.0,209186816.0,73.523,693250.0,31.0
554,79254365.0,157965892.0,1036.527106,819429376.0,209186816.0,71.575,693314.0,31.0
559,79254365.0,157965892.0,1036.547237,819429376.0,209186816.0,69.14,693314.0,31.0
564,79254365.0,157965892.0,1036.582118,819429376.0,209186816.0,69.627,693314.0,31.0
569,79368218.0,171115186.0,1046.166149,920178688.0,209186816.0,70.114,717830.0,31.0
574,79368218.0,171115186.0,1058.45293,920190976.0,209186816.0,71.575,717833.0,31.0
579,79368218.0,171115186.0,1069.933563,920190976.0,209186816.0,72.062,717833.0,31.0
584,79368218.0,171115186.0,1079.354156,920416256.0,209186816.0,73.523,717888.0,31.0
589,79368218.0,171115186.0,1092.186528,921460736.0,209186816.0,72.549,718143.0,31.0
594,79368218.0,171115186.0,1105.766652,921489408.0,209186816.0,73.036,718149.0,31.0
599,79368218.0,171115186.0,1117.80581,921759744.0,209186816.0,73.036,718154.0,31.0
604,79368218.0,171115186.0,1128.862215,921518080.0,209186816.0,71.575,718161.0,31.0
609,79368218.0,171115186.0,1135.093222,921878528.0,209186816.0,74.01,718193.0,31.0
615,79368218.0,171115186.0,1146.875505,851066880.0,209186816.0,72.062,718237.0,31.0
620,92485242.0,184298356.0,1152.23011,887975936.0,209186816.0,73.523,744502.0,31.0
625,92485284.0,184298398.0,1162.777462,888102912.0,209186816.0,73.523,744533.0,31.0
630,92485284.0,184298398.0,1173.129926,888053760.0,209186816.0,74.01,744597.0,31.0
635,92485284.0,184298398.0,1185.38472,888074240.0,209186816.0,73.036,744602.0,31.0
640,92485585.0,184298573.0,1196.430299,822865920.0,209186816.0,71.575,744647.0,31.0
645,92485585.0,184298573.0,1196.453287,822865920.0,209186816.0,70.114,744647.0,31.0
650,92605840.0,197454203.0,1207.002841,925011968.0,209186816.0,72.062,769501.0,31.0
655,92605840.0,197454203.0,1218.583238,925024256.0,209186816.0,73.036,769504.0,31.0
660,92605840.0,197454203.0,1229.357996,925024256.0,209186816.0,72.549,769504.0,31.0
666,92605840.0,197454203.0,1244.081123,925761536.0,209186816.0,72.062,769683.0,31.0
671,92605840.0,197454203.0,1254.838523,925782016.0,209186816.0,73.036,769688.0,31.0
676,92605840.0,197454203.0,1267.085278,929267712.0,209186816.0,74.01,770539.0,31.0
681,92605840.0,197454203.0,1277.604117,929280000.0,209186816.0,74.01,770542.0,31.0
686,92605840.0,197454203.0,1290.262309,929316864.0,209186816.0,73.523,770564.0,31.0
691,92605840.0,197454203.0,1303.232682,929456128.0,209186816.0,74.497,770609.0,31.0
696,105721214.0,210630901.0,1309.752558,894361600.0,209186816.0,73.523,796614.0,31.0
701,105721256.0,210630943.0,1323.020321,894476288.0,209186816.0,74.497,796642.0,31.0
706,105721256.0,210630943.0,1334.273254,894652416.0,209186816.0,74.984,796696.0,31.0
711,105721256.0,210630943.0,1346.692373,894672896.0,209186816.0,74.01,796701.0,31.0
716,105721557.0,210631118.0,1355.903561,829435904.0,209186816.0,71.575,796739.0,31.0
721,105721557.0,210631118.0,1355.923309,829435904.0,209186816.0,69.627,796739.0,31.0
727,105721557.0,210631118.0,1355.942911,829435904.0,209186816.0,68.653,796739.0,31.0
732,105721557.0,210631118.0,1355.964353,829435904.0,209186816.0,70.114,796739.0,31.0
737,105721557.0,210631118.0,1356.005433,829435904.0,209186816.0,69.14,796739.0,31.0
742,105825510.0,223767476.0,1365.75424,929918976.0,209186816.0,71.575,821808.0,31.0
747,105825510.0,223767476.0,1377.725538,929923072.0,209186816.0,72.062,821809.0,31.0
752,105825510.0,223767476.0,1387.33726,929939456.0,209186816.0,73.036,821813.0,31.0
757,105825510.0,223767476.0,1402.218827,930213888.0,209186816.0,72.549,821817.0,31.0
762,105825510.0,223767476.0,1412.762681,934895616.0,209186816.0,72.549,823024.0,31.0
767,105825510.0,223767476.0,1426.613312,934907904.0,209186816.0,72.062,823027.0,31.0
772,105825510.0,223767476.0,1437.179366,934920192.0,209186816.0,73.036,823030.0,31.0
777,105825510.0,223767476.0,1448.692911,934838272.0,209186816.0,71.088,823038.0,31.0
783,105825510.0,223767476.0,1453.48152,935243776.0,209186816.0,73.036,823066.0,31.0
788,105825510.0,223767476.0,1463.979483,935346176.0,209186816.0,73.523,823102.0,31.0
793,118934746.0,236947276.0,1474.113533,900558848.0,209186816.0,72.062,849277.0,31.0
798,118934788.0,236947318.0,1485.576123,900411392.0,209186816.0,74.01,849300.0,31.0
803,118934788.0,236947318.0,1494.266401,900517888.0,209186816.0,73.036,849339.0,31.0
808,118934788.0,236947318.0,1509.530672,900542464.0,209186816.0,74.01,849346.0,31.0
813,118935089.0,236947493.0,1516.016689,835272704.0,209186816.0,71.088,849391.0,31.0
818,119008682.0,250029995.0,1527.184185,962265088.0,209186816.0,73.036,873933.0,31.0
823,119008682.0,250029995.0,1537.583409,962269184.0,209186816.0,71.575,873934.0,31.0
828,119008682.0,250029995.0,1547.624649,962273280.0,209186816.0,72.062,873935.0,31.0
833,119008682.0,250029995.0,1560.309725,962281472.0,209186816.0,73.036,873937.0,31.0
838,119008682.0,250029995.0,1573.529254,962293760.0,209186816.0,72.549,873940.0,31.0
844,119008682.0,250029995.0,1586.329438,962306048.0,209186816.0,73.523,873943.0,31.0
849,119008682.0,250029995.0,1599.196129,962314240.0,209186816.0,73.036,873945.0,31.0
854,119008682.0,250029995.0,1608.020795,962482176.0,209186816.0,71.575,873949.0,31.0
859,119008682.0,250029995.0,1615.88305,962420736.0,209186816.0,72.549,873985.0,31.0
864,119008682.0,250029995.0,1623.096498,962478080.0,209186816.0,73.036,874012.0,31.0
869,132117588.0,263205637.0,1629.03427,927236096.0,209186816.0,72.549,899965.0,31.0
874,132117630.0,263205679.0,1639.980039,927326208.0,209186816.0,74.01,899987.0,31.0
879,132117630.0,263205679.0,1651.127109,927313920.0,209186816.0,73.036,900015.0,31.0
884,132117630.0,263205679.0,1664.334874,927490048.0,209186816.0,73.523,900039.0,31.0
889,132117630.0,263205679.0,1674.877204,927490048.0,209186816.0,71.575,900078.0,31.0
894,132117931.0,263205854.0,1675.391171,862253056.0,209186816.0,69.627,900078.0,31.0
900,132117931.0,263205854.0,1675.415376,862253056.0,209186816.0,70.114,900078.0,31.0
905,132225514.0,276354158.0,1677.844349,859848704.0,209186816.0,70.601,933627.0,31.0
910,132225514.0,276354158.0,1689.93441,881438720.0,209186816.0,72.062,939037.0,31.0
915,132225514.0,276354158.0,1701.464293,882790400.0,209186816.0,73.036,939367.0,31.0
920,132225514.0,276354158.0,1712.54149,883093504.0,209186816.0,72.062,939441.0,31.0
925,132225514.0,276354158.0,1725.272006,883494912.0,209186816.0,73.523,939480.0,31.0
930,132225514.0,276354158.0,1737.882596,883261440.0,209186816.0,73.523,939482.0,31.0
935,132225514.0,276354158.0,1747.816045,883306496.0,209186816.0,72.062,939493.0,31.0
940,132225514.0,276354158.0,1758.839052,883335168.0,209186816.0,74.01,939500.0,31.0
945,132225514.0,276354158.0,1772.166494,883740672.0,209186816.0,73.036,939548.0,31.0
950,132225514.0,276354158.0,1779.888952,883593216.0,209186816.0,73.036,939588.0,31.0
955,145314620.0,289405565.0,1785.832046,859922432.0,209186816.0,72.549,965456.0,31.0
961,145315718.0,289539676.0,1801.180383,923795456.0,209186816.0,72.062,981042.0,31.0
966,145315718.0,289539676.0,1810.618667,924635136.0,209186816.0,73.523,981101.0,31.0
971,145315718.0,289539676.0,1825.19485,924024832.0,209186816.0,73.523,981110.0,31.0
976,145315718.0,289539676.0,1834.639816,924131328.0,209186816.0,71.575,981160.0,31.0
981,145316019.0,289539851.0,1835.180288,858836992.0,209186816.0,70.601,981160.0,31.0
986,145316019.0,289539851.0,1835.215084,858836992.0,209186816.0,68.653,981160.0,31.0
991,145438914.0,302695085.0,1835.796517,924979200.0,209186816.0,71.088,997226.0,31.0
996,145438914.0,302695085.0,1848.581798,961228800.0,209186816.0,71.575,1006074.0,31.0
1001,145438914.0,302695085.0,1859.471425,961499136.0,209186816.0,72.549,1006077.0,31.0
1006,145438914.0,302695085.0,1872.492767,961507328.0,209186816.0,72.549,1006079.0,31.0
1011,145438914.0,302695085.0,1883.283969,962007040.0,209186816.0,72.549,1006264.0,31.0
1017,145438914.0,302695085.0,1893.840976,962023424.0,209186816.0,72.549,1006268.0,31.0
1022,145438914.0,302695085.0,1908.858403,962039808.0,209186816.0,72.549,1006272.0,31.0
1027,145438914.0,302695085.0,1920.986579,962048000.0,209186816.0,72.549,1006274.0,31.0
1032,145438914.0,302695085.0,1926.949593,961966080.0,209186816.0,71.575,1006277.0,31.0
1037,145438914.0,302695085.0,1938.855633,962211840.0,209186816.0,73.036,1006339.0,31.0
1042,158524060.0,315853435.0,1946.753668,928620544.0,209186816.0,72.062,1032638.0,31.0
1047,158524102.0,315853477.0,1957.670615,928468992.0,209186816.0,74.497,1032659.0,31.0
1052,158524102.0,315853477.0,1972.507369,928632832.0,209186816.0,74.01,1032711.0,31.0
1057,158524102.0,315853477.0,1981.945082,928645120.0,209186816.0,74.01,1032714.0,31.0
1062,158524403.0,315853652.0,1994.121405,864243712.0,209186816.0,72.549,1032956.0,31.0
1067,158524403.0,315853652.0,1994.146264,864239616.0,209186816.0,69.627,1032956.0,31.0
1073,158524403.0,315853652.0,1994.167894,864239616.0,209186816.0,68.166,1032956.0,31.0
1078,158524403.0,315853652.0,1994.18643,864239616.0,209186816.0,70.601,1032956.0,31.0
1083,158646218.0,329005034.0,2006.386141,965005312.0,209186816.0,72.549,1057470.0,31.0
1088,158646218.0,329005034.0,2018.290471,965013504.0,209186816.0,72.549,1057472.0,31.0
1093,158646218.0,329005034.0,2031.489847,965017600.0,209186816.0,72.062,1057473.0,31.0
1098,158646218.0,329005034.0,2042.98639,965033984.0,209186816.0,72.062,1057477.0,31.0
1103,158646218.0,329005034.0,2065.583476,964788224.0,209186816.0,73.036,1057501.0,31.0
1108,158646218.0,329005034.0,2076.3076,964796416.0,209186816.0,73.036,1057503.0,31.0
1113,158646218.0,329005034.0,2086.959923,964837376.0,209186816.0,73.523,1057535.0,31.0
1118,158646218.0,329005034.0,2097.026049,964956160.0,209186816.0,73.523,1057578.0,31.0
1123,171763770.0,342184174.0,2106.92517,930377728.0,209186816.0,72.549,1083647.0,31.0
1128,171763812.0,342184216.0,2117.727164,930205696.0,209186816.0,73.523,1083668.0,31.0
1134,171763812.0,342184216.0,2131.983836,930349056.0,209186816.0,73.523,1083715.0,31.0
1139,171763812.0,342184216.0,2143.411679,930619392.0,209186816.0,74.497,1083720.0,31.0
1144,171763812.0,342184216.0,2153.337653,895201280.0,209186816.0,72.549,1083759.0,31.0
1149,171764113.0,342184391.0,2153.445608,865124352.0,209186816.0,70.114,1083759.0,31.0
1154,171764113.0,342184391.0,2153.469861,865124352.0,209186816.0,68.653,1083759.0,31.0
1159,171890110.0,355341737.0,2153.792815,895197184.0,209186816.0,71.088,1091101.0,31.0
1164,171890152.0,355341779.0,2166.870472,965881856.0,209186816.0,71.575,1108272.0,31.0
1169,171890152.0,355341779.0,2179.236591,965885952.0,209186816.0,73.036,1108273.0,31.0
1174,171890152.0,355341779.0,2189.930601,965906432.0,209186816.0,72.549,1108277.0,31.0
1179,171890152.0,355341779.0,2201.054443,965914624.0,209186816.0,73.036,1108279.0,31.0
1184,171890152.0,355341779.0,2214.110693,965935104.0,209186816.0,74.497,1108284.0,31.0
1189,171890152.0,355341779.0,2227.410364,965947392.0,209186816.0,73.523,1108287.0,31.0
1194,171890152.0,355341779.0,2239.870645,965959680.0,209186816.0,72.549,1108290.0,31.0
1200,171890152.0,355341779.0,2249.966958,966029312.0,209186816.0,74.497,1108320.0,31.0
1205,171890152.0,355341779.0,2263.319514,895688704.0,209186816.0,72.549,1108401.0,31.0
1210,184976684.0,368499469.0,2273.126788,935231488.0,209186816.0,73.523,1135324.0,31.0
1215,184976726.0,368499511.0,2285.28105,935600128.0,209186816.0,74.497,1135413.0,31.0
1220,184976726.0,368499511.0,2296.939169,935424000.0,209186816.0,74.01,1135445.0,31.0
1225,184976726.0,368499511.0,2308.131768,935452672.0,209186816.0,73.523,1135452.0,31.0
1230,184977027.0,368499686.0,2312.781722,869269504.0,209186816.0,71.575,1135492.0,31.0
1235,184977027.0,368499686.0,2312.813714,869269504.0,209186816.0,68.653,1135492.0,31.0
1240,184977027.0,368499686.0,2312.836595,869269504.0,209186816.0,69.14,1135492.0,31.0
1245,185093916.0,381648720.0,2319.683693,970461184.0,209186816.0,72.062,1160115.0,31.0
1250,185093916.0,381648720.0,2331.947418,970461184.0,209186816.0,72.062,1160115.0,31.0
1255,185093916.0,381648720.0,2342.920294,971202560.0,209186816.0,72.062,1160296.0,31.0
1261,185093916.0,381648720.0,2358.053162,971214848.0,209186816.0,73.036,1160299.0,31.0
1266,185093916.0,381648720.0,2368.303959,971227136.0,209186816.0,73.523,1160302.0,31.0
1271,185093916.0,381648720.0,2380.541575,971235328.0,209186816.0,73.523,1160304.0,31.0
1276,185093916.0,381648720.0,2392.604626,971243520.0,209186816.0,71.088,1160306.0,31.0
1281,185093916.0,381648720.0,2402.797805,971251712.0,209186816.0,73.036,1160308.0,31.0
1286,185093916.0,381648720.0,2414.277072,971407360.0,209186816.0,73.523,1160372.0,31.0
1291,198197740.0,394825946.0,2424.295935,937127936.0,209186816.0,72.062,1186582.0,31.0
1296,198197782.0,394825988.0,2439.557845,937250816.0,209186816.0,74.01,1186612.0,31.0
1301,198197782.0,394825988.0,2450.211259,937676800.0,209186816.0,74.497,1186665.0,31.0
1306,198197782.0,394825988.0,2461.684933,937435136.0,209186816.0,74.497,1186669.0,31.0
1311,198197782.0,394825988.0,2471.927292,902270976.0,209186816.0,72.062,1186709.0,31.0
1317,198198083.0,394826163.0,2472.061189,872194048.0,209186816.0,70.114,1186709.0,31.0
1322,198198083.0,394826163.0,2472.083321,872194048.0,209186816.0,70.114,1186709.0,31.0
1327,198198083.0,394826163.0,2472.103023,872194048.0,209186816.0,68.653,1186709.0,31.0
1332,198198083.0,394826163.0,2472.138727,872194048.0,209186816.0,68.166,1186709.0,31.0
1337,198311870.0,407978625.0,2480.150748,972972032.0,209186816.0,71.088,1211230.0,31.0
1342,198311912.0,407978667.0,2491.639025,972972032.0,209186816.0,70.601,1211230.0,31.0
1347,198311912.0,407978667.0,2502.705698,972972032.0,209186816.0,72.062,1211230.0,31.0
1352,198311912.0,407978667.0,2516.417484,972980224.0,209186816.0,71.575,1211232.0,31.0
1357,198311912.0,407978667.0,2527.817965,972988416.0,209186816.0,72.062,1211234.0,31.0
1362,198311912.0,407978667.0,2538.208229,973000704.0,209186816.0,72.062,1211237.0,31.0
1367,198311912.0,407978667.0,2551.239317,973008896.0,209186816.0,72.062,1211239.0,31.0
1372,198311912.0,407978667.0,2563.60012,973025280.0,209186816.0,73.523,1211243.0,31.0
1377,198311912.0,407978667.0,2577.43381,973185024.0,209186816.0,73.523,1211307.0,31.0
1383,211299243.0,407995632.0,2582.387414,878215168.0,209186816.0,70.601,1222695.0,31.0
1388,211428252.0,421157123.0,2589.964781,938106880.0,209186816.0,72.549,1237301.0,31.0
1393,211428252.0,421157123.0,2603.942868,938225664.0,209186816.0,74.01,1237330.0,31.0
1398,211428252.0,421157123.0,2615.325259,801177600.0,209186816.0,73.036,1248320.0,31.0
1403,211428252.0,421157123.0,2629.663545,800985088.0,209186816.0,74.01,1248336.0,31.0
1408,211428553.0,421157298.0,2632.423922,748810240.0,209186816.0,70.114,1248428.0,31.0
1413,211533670.0,434324916.0,2645.540363,859717632.0,209186816.0,72.549,1292559.0,31.0
1418,211533670.0,434324916.0,2657.10021,859914240.0,209186816.0,72.062,1292667.0,31.0
1423,211533670.0,434324916.0,2669.424761,861077504.0,209186816.0,73.523,1292951.0,31.0
1428,211533670.0,434324916.0,2680.131452,861396992.0,209186816.0,72.549,1292969.0,31.0
1433,211533670.0,434324916.0,2693.991025,861446144.0,209186816.0,73.036,1292979.0,31.0
1438,211533670.0,434324916.0,2703.986822,861204480.0,209186816.0,74.497,1292982.0,31.0
1444,211533670.0,434324916.0,2716.211935,861233152.0,209186816.0,73.523,1292989.0,31.0
1449,211533670.0,434324916.0,2729.221266,861315072.0,209186816.0,73.523,1293023.0,31.0
1454,211533670.0,434324916.0,2739.016704,861417472.0,209186816.0,72.062,1293059.0,31.0
1459,224641454.0,447500228.0,2744.182358,936755200.0,209186816.0,73.036,1329040.0,31.0
1464,224641496.0,447500270.0,2754.869177,937115648.0,209186816.0,73.523,1329065.0,31.0
1469,224641496.0,447500270.0,2766.96794,937000960.0,209186816.0,74.01,1329100.0,31.0
1474,224641496.0,447500270.0,2781.548609,937332736.0,209186816.0,73.523,1329131.0,31.0
1479,224641496.0,447500270.0,2791.988286,937099264.0,209186816.0,72.549,1329137.0,31.0
1484,224641797.0,447500445.0,2793.337464,871849984.0,209186816.0,70.114,1329172.0,31.0
1489,224710044.0,460576413.0,2802.021329,972963840.0,209186816.0,72.062,1353721.0,31.0
1494,224710086.0,460576455.0,2811.937239,972730368.0,209186816.0,72.062,1353722.0,31.0
1500,224710086.0,460576455.0,2824.33709,973230080.0,209186816.0,74.01,1353843.0,31.0
1505,224710086.0,460576455.0,2835.096079,973516800.0,209186816.0,73.523,1353850.0,31.0
1510,224710086.0,460576455.0,2850.023182,973271040.0,209186816.0,74.01,1353853.0,31.0
1515,224710086.0,460576455.0,2860.192122,973279232.0,209186816.0,73.036,1353855.0,31.0
1520,224710086.0,460576455.0,2872.731223,973287424.0,209186816.0,73.523,1353857.0,31.0
1525,224710086.0,460576455.0,2883.074012,973299712.0,209186816.0,74.497,1353860.0,31.0
1530,224710086.0,460576455.0,2896.399784,973467648.0,209186816.0,74.497,1353927.0,31.0
1535,237697483.0,460593618.0,2903.518375,879235072.0,209186816.0,73.036,1365502.0,31.0
1540,237776860.0,473720459.0,2912.31423,939139072.0,209186816.0,73.523,1380111.0,31.0
1545,237776860.0,473720459.0,2924.759752,939245568.0,209186816.0,74.497,1380136.0,31.0
1550,237776860.0,473720459.0,2938.995251,939331584.0,209186816.0,73.523,1380169.0,31.0
1555,237776860.0,473720459.0,2951.130231,939360256.0,209186816.0,73.523,1380176.0,31.0
1560,237777161.0,473720634.0,2954.170905,874205184.0,209186816.0,71.088,1380234.0,31.0
1566,237853724.0,486801156.0,2955.704852,975163392.0,209186816.0,71.088,1404749.0,31.0
1571,237853766.0,486801198.0,2970.056921,974974976.0,209186816.0,72.549,1404752.0,31.0
1576,237853766.0,486801198.0,2979.916382,974991360.0,209186816.0,73.523,1404756.0,31.0
1581,237853766.0,486801198.0,2992.161714,974991360.0,209186816.0,73.523,1404756.0,31.0
1586,237853766.0,486801198.0,3002.830209,974999552.0,209186816.0,74.01,1404758.0,31.0
1591,237853766.0,486801198.0,3014.492587,975011840.0,209186816.0,73.036,1404761.0,31.0
1596,237853766.0,486801198.0,3027.056345,975020032.0,209186816.0,73.523,1404763.0,31.0
1601,237853766.0,486801198.0,3040.065247,975040512.0,209186816.0,73.036,1404768.0,31.0
1606,237853766.0,486801198.0,3046.391432,975540224.0,209186816.0,72.062,1404788.0,31.0
1611,237853766.0,486801198.0,3058.376667,975683584.0,209186816.0,74.01,1404833.0,31.0
1616,250963794.0,499965356.0,3064.564436,917848064.0,209186816.0,73.523,1425456.0,31.0
1622,250963836.0,499965398.0,3078.116694,941907968.0,209186816.0,73.523,1431215.0,31.0
1627,250963836.0,499965398.0,3089.485827,941617152.0,209186816.0,74.01,1431248.0,31.0
1632,250963836.0,499965398.0,3103.564717,941809664.0,209186816.0,74.497,1431266.0,31.0
1637,250964137.0,499965573.0,3114.391793,876875776.0,209186816.0,72.062,1431313.0,31.0
1642,250964137.0,499965573.0,3114.415076,876613632.0,209186816.0,71.088,1431313.0,31.0
1647,251078716.0,513111897.0,3120.768018,977383424.0,209186816.0,73.036,1455831.0,31.0
1652,251078716.0,513111897.0,3133.838444,977383424.0,209186816.0,73.523,1455831.0,31.0
1657,251078716.0,513111897.0,3145.020586,977383424.0,209186816.0,73.036,1455831.0,31.0
1662,251078716.0,513111897.0,3159.822179,977387520.0,209186816.0,74.01,1455832.0,31.0
1667,251078716.0,513111897.0,3170.314338,977395712.0,209186816.0,73.523,1455834.0,31.0
1672,251078716.0,513111897.0,3180.633656,977403904.0,209186816.0,73.523,1455836.0,31.0
1677,251078716.0,513111897.0,3193.308128,977416192.0,209186816.0,73.036,1455839.0,31.0
1682,251078716.0,513111897.0,3206.351784,977858560.0,209186816.0,73.036,1455860.0,31.0
1688,251078716.0,513111897.0,3217.615654,977580032.0,209186816.0,74.01,1455905.0,31.0
1693,264066113.0,513129654.0,3224.810043,882483200.0,209186816.0,71.575,1467310.0,31.0
1698,264163376.0,526259333.0,3236.010987,942911488.0,209186816.0,74.01,1481938.0,31.0
1703,264163376.0,526259333.0,3248.641559,942776320.0,209186816.0,74.01,1481964.0,31.0
1708,264163376.0,526259333.0,3259.678384,942841856.0,209186816.0,74.497,1481994.0,31.0
1713,264163376.0,526259333.0,3270.079196,942866432.0,209186816.0,74.497,1482000.0,31.0
1718,264288396.0,539413134.0,3279.215781,978423808.0,209186816.0,72.062,1506570.0,31.0
1723,264288438.0,539413176.0,3289.030677,978423808.0,209186816.0,73.036,1506570.0,31.0
1728,264288438.0,539413176.0,3302.311222,978685952.0,209186816.0,73.523,1506571.0,31.0
1733,264288438.0,539413176.0,3313.154586,978440192.0,209186816.0,73.036,1506574.0,31.0
1738,264288438.0,539413176.0,3325.66677,978456576.0,209186816.0,73.523,1506578.0,31.0
1744,264288438.0,539413176.0,3339.231023,978481152.0,209186816.0,73.523,1506584.0,31.0
1749,264288438.0,539413176.0,3349.915274,978489344.0,209186816.0,74.01,1506586.0,31.0
1754,264288438.0,539413176.0,3362.870894,978501632.0,209186816.0,74.984,1506589.0,31.0
1759,264288438.0,539413176.0,3372.829906,978587648.0,209186816.0,74.497,1506622.0,31.0
1764,264288438.0,539413176.0,3384.144653,978415616.0,209186816.0,73.036,1506659.0,31.0
1769,277401568.0,552584330.0,3389.137631,943308800.0,209186816.0,74.01,1532843.0,31.0
1774,277401610.0,552584372.0,3404.443132,943423488.0,209186816.0,74.984,1532873.0,31.0
1779,277401610.0,552584372.0,3417.462921,943550464.0,209186816.0,74.01,1532913.0,31.0
1784,277401610.0,552584372.0,3427.860555,943308800.0,209186816.0,75.471,1532917.0,31.0
1789,277401911.0,552584547.0,3435.909639,878006272.0,209186816.0,71.575,1532955.0,31.0
1794,277401953.0,552584589.0,3435.934669,878006272.0,209186816.0,70.601,1532955.0,31.0
1799,277401953.0,552584589.0,3435.963679,878006272.0,209186816.0,70.114,1532955.0,31.0
1804,277401953.0,552584589.0,3435.983519,878006272.0,209186816.0,69.14,1532955.0,31.0
1809,277401953.0,552584589.0,3436.010169,878006272.0,209186816.0,69.627,1532955.0,31.0
1815,277505354.0,565746729.0,3446.605244,980627456.0,209186816.0,72.062,1557925.0,31.0
1820,277505354.0,565746729.0,3458.558471,980627456.0,209186816.0,71.575,1557925.0,31.0
1825,277505354.0,565746729.0,3471.616995,980647936.0,209186816.0,72.549,1557930.0,31.0
1830,277505354.0,565746729.0,3483.164443,980660224.0,209186816.0,73.036,1557933.0,31.0
1835,277505354.0,565746729.0,3491.389733,980664320.0,209186816.0,72.549,1557934.0,31.0
1840,277505354.0,565746729.0,3504.710808,980692992.0,209186816.0,73.036,1557941.0,31.0
1845,277505354.0,565746729.0,3516.694692,980959232.0,209186816.0,72.549,1557943.0,31.0
1850,277505354.0,565746729.0,3528.882348,980750336.0,209186816.0,73.523,1557967.0,31.0
1855,277505354.0,565746729.0,3543.047127,981139456.0,209186816.0,74.01,1558011.0,31.0
1860,290617758.0,578916761.0,3550.963943,828035072.0,209186816.0,74.497,1594476.0,31.0
1865,290617800.0,578916803.0,3562.441244,828379136.0,209186816.0,73.523,1594499.0,31.0
1870,290617800.0,578916803.0,3576.530836,828653568.0,209186816.0,73.523,1594577.0,31.0
1875,290617800.0,578916803.0,3590.020549,828469248.0,209186816.0,74.497,1594595.0,31.0
1881,290618101.0,578916978.0,3594.58228,776671232.0,209186816.0,72.549,1594779.0,31.0
1886,290618143.0,578917020.0,3594.609285,776671232.0,209186816.0,70.601,1594779.0,31.0
1891,290618143.0,578917020.0,3594.646434,776671232.0,209186816.0,69.14,1594779.0,31.0
1896,290717674.0,592083276.0,3599.603276,930455552.0,209186816.0,71.088,1632161.0,31.0
1901,290717716.0,592083318.0,3612.86915,934354944.0,209186816.0,72.549,1633139.0,31.0
1906,290717716.0,592083318.0,3624.55671,934146048.0,209186816.0,73.036,1633149.0,31.0
1911,290717716.0,592083318.0,3636.374513,934182912.0,209186816.0,72.549,1633158.0,31.0
1916,290717716.0,592083318.0,3644.797474,934203392.0,209186816.0,73.036,1633163.0,31.0
1921,290717716.0,592083318.0,3658.049949,934240256.0,209186816.0,72.549,1633172.0,31.0
1926,290717716.0,592083318.0,3671.749676,934273024.0,209186816.0,72.549,1633180.0,31.0
1931,290717716.0,592083318.0,3682.839904,934293504.0,209186816.0,72.549,1633185.0,31.0
1936,290717716.0,592083318.0,3695.616236,934490112.0,209186816.0,74.01,1633253.0,31.0
1941,303819758.0,605251436.0,3703.530235,911073280.0,209186816.0,72.549,1662354.0,31.0
1947,303819800.0,605251478.0,3717.562781,941154304.0,209186816.0,74.01,1669632.0,31.0
1952,303819800.0,605251478.0,3726.080467,941240320.0,209186816.0,75.471,1669653.0,31.0
1957,303819800.0,605251478.0,3742.085611,941621248.0,209186816.0,74.984,1669695.0,31.0
1962,303819800.0,605251478.0,3752.238472,906338304.0,209186816.0,72.549,1669745.0,31.0
1967,303820101.0,605251653.0,3752.379908,876171264.0,209186816.0,71.088,1669745.0,31.0
1972,303944514.0,618415599.0,3756.747117,977608704.0,209186816.0,72.549,1694365.0,31.0
1977,303944514.0,618415599.0,3770.977748,977358848.0,209186816.0,73.523,1694365.0,31.0
1982,303944514.0,618415599.0,3779.470555,977645568.0,209186816.0,72.549,1694434.0,31.0
1987,303944514.0,618415599.0,3794.92099,977952768.0,209186816.0,73.523,1694445.0,31.0
1992,303944514.0,618415599.0,3807.252573,977707008.0,209186816.0,74.01,1694448.0,31.0
1997,303944514.0,618415599.0,3816.965877,977715200.0,209186816.0,73.523,1694450.0,31.0
2003,303944514.0,618415599.0,3829.96656,977735680.0,209186816.0,74.497,1694455.0,31.0
2008,303944514.0,618415599.0,3840.568682,977752064.0,209186816.0,74.984,1694459.0,31.0
2013,303944514.0,618415599.0,3854.278693,977907712.0,209186816.0,74.497,1694524.0,31.0
2018,316931779.0,618433224.0,3860.736285,884527104.0,209186816.0,72.062,1706361.0,31.0
2023,317052736.0,631581647.0,3865.657355,944660480.0,209186816.0,73.523,1720979.0,31.0
2028,317052736.0,631581647.0,3879.293665,945008640.0,209186816.0,74.497,1721007.0,31.0
2033,317052736.0,631581647.0,3903.536563,944910336.0,209186816.0,75.471,1721051.0,31.0
2038,317053037.0,631581822.0,3909.781588,879669248.0,209186816.0,72.062,1721088.0,31.0
2043,317053037.0,631581822.0,3909.815546,879669248.0,209186816.0,70.601,1721088.0,31.0
2048,317053037.0,631581822.0,3909.844729,879669248.0,209186816.0,69.14,1721088.0,31.0
2053,317160158.0,644718312.0,3917.183282,980586496.0,209186816.0,71.575,1745642.0,31.0
2059,317160200.0,644718354.0,3929.366944,979615744.0,209186816.0,73.036,1745802.0,31.0
2064,317160200.0,644718354.0,3939.981601,979369984.0,209186816.0,72.549,1745816.0,31.0
2069,317160200.0,644718354.0,3950.938241,982536192.0,209186816.0,73.036,1746588.0,31.0
2074,317160200.0,644718354.0,3961.414352,982544384.0,209186816.0,73.036,1746590.0,31.0
2079,317160200.0,644718354.0,3975.994083,982814720.0,209186816.0,73.036,1746593.0,31.0
2084,317160200.0,644718354.0,3987.79814,982568960.0,209186816.0,73.523,1746596.0,31.0
2089,317160200.0,644718354.0,3997.139298,982581248.0,209186816.0,72.549,1746599.0,31.0
2094,317160200.0,644718354.0,4011.679345,982753280.0,209186816.0,74.497,1746708.0,31.0
2099,330278874.0,657898550.0,4019.345575,945643520.0,209186816.0,74.01,1772619.0,31.0
2104,330278916.0,657898592.0,4030.732103,945766400.0,209186816.0,73.523,1772642.0,31.0
2109,330278916.0,657898592.0,4043.593379,945672192.0,209186816.0,74.984,1772696.0,31.0
2114,330278916.0,657898592.0,4058.099287,945696768.0,209186816.0,74.497,1772702.0,31.0
2120,330279217.0,657898767.0,4067.103719,880500736.0,209186816.0,72.062,1772741.0,31.0
2125,330279217.0,657898767.0,4067.124349,880463872.0,209186816.0,71.575,1772741.0,31.0
2130,330403036.0,671050833.0,4075.210644,981217280.0,209186816.0,74.01,1797254.0,31.0
2135,330403036.0,671050833.0,4085.444314,981217280.0,209186816.0,73.523,1797254.0,31.0
2140,330403036.0,671050833.0,4097.005097,981221376.0,209186816.0,74.01,1797255.0,31.0
2145,330403036.0,671050833.0,4110.842962,981229568.0,209186816.0,74.497,1797257.0,31.0
2150,330403036.0,671050833.0,4120.877614,981241856.0,209186816.0,74.01,1797260.0,31.0
2155,330403036.0,671050833.0,4132.872078,981254144.0,209186816.0,74.984,1797263.0,31.0
2160,330403036.0,671050833.0,4144.40616,981262336.0,209186816.0,73.523,1797265.0,31.0
2165,330403036.0,671050833.0,4157.223525,981467136.0,209186816.0,72.549,1797273.0,31.0
2170,330403036.0,671050833.0,4162.205549,981602304.0,209186816.0,73.523,1797301.0,31.0
2175,330403036.0,671050833.0,4173.763924,981700608.0,209186816.0,73.523,1797338.0,31.0
2181,343521644.0,684230765.0,4181.759249,946769920.0,209186816.0,74.01,1823454.0,31.0
2186,343521686.0,684230807.0,4195.651898,947142656.0,209186816.0,74.01,1823482.0,31.0
2191,343521686.0,684230807.0,4206.808828,946978816.0,209186816.0,74.01,1823517.0,31.0
2196,343521686.0,684230807.0,4218.532767,946995200.0,209186816.0,75.471,1823521.0,31.0
2201,343521987.0,684230982.0,4224.410088,881745920.0,209186816.0,70.601,1823567.0,31.0
2206,343521987.0,684230982.0,4224.448664,881721344.0,209186816.0,70.114,1823567.0,31.0
2211,343521987.0,684230982.0,4224.467338,881721344.0,209186816.0,69.14,1823567.0,31.0
2216,343635510.0,697378824.0,4231.705303,982654976.0,209186816.0,71.575,1848125.0,31.0
2221,343635510.0,697378824.0,4244.156147,982654976.0,209186816.0,72.062,1848125.0,31.0
2226,343635510.0,697378824.0,4253.906769,982659072.0,209186816.0,73.036,1848126.0,31.0
2231,343635510.0,697378824.0,4267.902722,982671360.0,209186816.0,72.062,1848129.0,31.0
2236,343635510.0,697378824.0,4276.953967,982679552.0,209186816.0,74.01,1848131.0,31.0
2241,343635510.0,697378824.0,4290.800524,982687744.0,209186816.0,74.01,1848133.0,31.0
2247,343635510.0,697378824.0,4301.793788,982700032.0,209186816.0,72.549,1848136.0,31.0
2252,343635510.0,697378824.0,4314.491829,982679552.0,209186816.0,72.549,1848142.0,31.0
2257,343635510.0,697378824.0,4318.669703,982781952.0,209186816.0,73.523,1848169.0,31.0
2262,343635510.0,697378824.0,4331.792315,983150592.0,209186816.0,73.036,1848208.0,31.0
2267,356738146.0,710548196.0,4339.270549,948006912.0,209186816.0,73.036,1874217.0,31.0
2272,356738188.0,710548238.0,4353.22086,947871744.0,209186816.0,73.523,1874245.0,31.0
2277,356738188.0,710548238.0,4364.642784,947965952.0,209186816.0,74.497,1874280.0,31.0
2282,356738188.0,710548238.0,4376.656045,948248576.0,209186816.0,74.497,1874286.0,31.0
2287,356738489.0,710548413.0,4381.712232,882753536.0,209186816.0,70.601,1874324.0,31.0
2292,356849504.0,723695463.0,4381.942095,900661248.0,209186816.0,72.062,1878601.0,31.0
2297,356849504.0,723695463.0,4391.85014,984027136.0,209186816.0,72.549,1898965.0,31.0
2303,356849504.0,723695463.0,4404.109084,984027136.0,209186816.0,72.549,1898965.0,31.0
2308,356849504.0,723695463.0,4418.493473,984031232.0,209186816.0,73.523,1898966.0,31.0
2313,356849504.0,723695463.0,4430.513723,984043520.0,209186816.0,73.523,1898969.0,31.0
2318,356849504.0,723695463.0,4441.933534,984051712.0,209186816.0,73.036,1898971.0,31.0
2323,356849504.0,723695463.0,4452.110849,984072192.0,209186816.0,73.523,1898976.0,31.0
2328,356849504.0,723695463.0,4464.187005,984342528.0,209186816.0,74.984,1898979.0,31.0
2333,356849504.0,723695463.0,4476.239567,984420352.0,209186816.0,74.01,1899011.0,31.0
2338,369837033.0,723712890.0,4490.215943,828637184.0,209186816.0,73.523,1934155.0,31.0
2343,369924594.0,736858211.0,4500.569477,923893760.0,209186816.0,74.01,1957317.0,31.0
2348,369924594.0,736858211.0,4511.701462,924250112.0,209186816.0,72.062,1957343.0,31.0
2353,369924594.0,736858211.0,4523.577743,923914240.0,209186816.0,74.984,1957398.0,31.0
2358,369924594.0,736858211.0,4537.753556,924487680.0,209186816.0,73.523,1957475.0,31.0
2363,369924895.0,736858386.0,4538.910364,858669056.0,209186816.0,70.601,1957531.0,31.0
2368,370055050.0,750021606.0,4540.909104,968032256.0,209186816.0,72.549,1984119.0,31.0
2374,370055050.0,750021606.0,4557.054315,984035328.0,209186816.0,73.523,1987996.0,31.0
2379,370055050.0,750021606.0,4567.949284,983822336.0,209186816.0,73.036,1988005.0,31.0
2384,370055050.0,750021606.0,4579.266443,984117248.0,209186816.0,73.036,1988014.0,31.0
2389,370055050.0,750021606.0,4591.206099,984133632.0,209186816.0,73.036,1988018.0,31.0
2394,370055050.0,750021606.0,4604.540138,983887872.0,209186816.0,74.01,1988021.0,31.0
2399,370055050.0,750021606.0,4612.366327,984129536.0,209186816.0,73.523,1988080.0,31.0
2404,370055050.0,750021606.0,4627.262737,984150016.0,209186816.0,74.497,1988085.0,31.0
2409,370055050.0,750021606.0,4638.00512,984207360.0,209186816.0,73.036,1988127.0,31.0
2414,370055050.0,750021606.0,4646.622713,984346624.0,209186816.0,71.575,1988164.0,31.0
2419,383166992.0,763190648.0,4651.825747,949407744.0,209186816.0,73.036,2014202.0,31.0
2424,383167034.0,763190690.0,4664.963098,949518336.0,209186816.0,74.497,2014229.0,31.0
2429,383167034.0,763190690.0,4675.277644,949833728.0,209186816.0,74.01,2014278.0,31.0
2435,383167034.0,763190690.0,4686.842695,949952512.0,209186816.0,74.497,2014284.0,31.0
2440,383167335.0,763190865.0,4696.087098,884494336.0,209186816.0,71.088,2014331.0,31.0
2445,383239714.0,771244367.0,4696.196978,884932608.0,209186816.0,70.601,2014379.0,31.0
2450,383289834.0,776351379.0,4706.175938,985550848.0,209186816.0,73.036,2038925.0,31.0
2455,383289834.0,776351449.0,4718.838322,985559040.0,209186816.0,74.01,2038927.0,31.0
2460,383289834.0,776351449.0,4728.515406,985559040.0,209186816.0,73.036,2038927.0,31.0
2465,383289834.0,776351449.0,4742.874135,985567232.0,209186816.0,74.01,2038929.0,31.0
2470,383289834.0,776351449.0,4753.675497,985837568.0,209186816.0,73.523,2038932.0,31.0
2475,383289834.0,776351449.0,4763.487311,985583616.0,209186816.0,74.497,2038933.0,31.0
2480,383289834.0,776351449.0,4776.562165,985595904.0,209186816.0,74.01,2038936.0,31.0
2485,383289834.0,776351449.0,4786.536329,986284032.0,209186816.0,72.062,2039128.0,31.0
2490,383289834.0,776351449.0,4793.315464,986460160.0,209186816.0,73.523,2039161.0,31.0
2496,383289834.0,776351449.0,4802.419193,986546176.0,209186816.0,73.036,2039192.0,31.0
2501,396379006.0,789498249.0,4811.257711,952745984.0,209186816.0,73.036,2065471.0,31.0
2506,396379048.0,789498291.0,4821.027845,952594432.0,209186816.0,74.497,2065491.0,31.0
2511,396379048.0,789498291.0,4835.564419,952721408.0,209186816.0,74.01,2065534.0,31.0
2516,396379048.0,789498291.0,4846.815086,952741888.0,209186816.0,75.471,2065539.0,31.0
2521,396379349.0,789498466.0,4853.352628,887468032.0,209186816.0,71.088,2065576.0,31.0
2526,396411930.0,792807608.0,4853.419724,887635968.0,209186816.0,71.088,2065576.0,31.0
2531,396504356.0,802650796.0,4866.110545,988225536.0,209186816.0,72.549,2090090.0,31.0
2536,396504356.0,802650796.0,4873.650019,988229632.0,209186816.0,73.036,2090091.0,31.0
2541,396504356.0,802650796.0,4888.135153,988237824.0,209186816.0,73.036,2090093.0,31.0
2546,396504356.0,802650796.0,4899.992769,988254208.0,209186816.0,73.036,2090097.0,31.0
2552,396504356.0,802650796.0,4912.211723,988262400.0,209186816.0,73.036,2090100.0,31.0
2557,396504356.0,802650796.0,4923.011222,988766208.0,209186816.0,73.523,2090223.0,31.0
2562,396504356.0,802650796.0,4933.313907,988782592.0,209186816.0,73.523,2090227.0,31.0
2567,396504356.0,802650796.0,4945.860702,988831744.0,209186816.0,73.523,2090253.0,31.0
2572,396504356.0,802650796.0,4960.18199,989216768.0,209186816.0,74.01,2090295.0,31.0
2577,409491819.0,802667959.0,4961.486532,895053824.0,209186816.0,70.114,2102010.0,31.0
2582,409619838.0,815830308.0,4964.851433,955461632.0,209186816.0,72.062,2116631.0,31.0
2587,409619838.0,815830308.0,4977.074956,955310080.0,209186816.0,74.497,2116656.0,31.0
2592,409619838.0,815830308.0,4987.677763,955437056.0,209186816.0,74.01,2116700.0,31.0
2597,409619838.0,815830308.0,5002.355037,955461632.0,209186816.0,74.497,2116706.0,31.0
2602,409620139.0,815830483.0,5010.332101,890224640.0,209186816.0,72.062,2116744.0,31.0
2607,409620139.0,815830483.0,5010.348081,890224640.0,209186816.0,70.114,2116744.0,31.0
2613,409707130.0,828947305.0,5020.469702,991195136.0,209186816.0,72.549,2141318.0,31.0
2618,409707172.0,828947347.0,5031.649778,990666752.0,209186816.0,72.549,2141319.0,31.0
2623,409707172.0,828947347.0,5041.589763,990408704.0,209186816.0,74.01,2141319.0,31.0
2628,409707172.0,828947347.0,5056.455773,990429184.0,209186816.0,73.523,2141325.0,31.0
2633,409707172.0,828947347.0,5064.800482,990691328.0,209186816.0,74.984,2141326.0,31.0
2638,409707172.0,828947347.0,5078.452905,990445568.0,209186816.0,74.497,2141329.0,31.0
2643,409707172.0,828947347.0,5090.046827,990457856.0,209186816.0,73.523,2141332.0,31.0
2648,409707172.0,828947347.0,5106.864491,990568448.0,209186816.0,73.523,2141370.0,31.0
2653,409707172.0,828947347.0,5117.652571,990646272.0,209186816.0,73.036,2141402.0,31.0
2658,422796608.0,842115267.0,5128.052301,956674048.0,209186816.0,74.01,2167694.0,31.0
2663,422796650.0,842115309.0,5137.901994,957009920.0,209186816.0,74.497,2167714.0,31.0
2668,422796650.0,842115309.0,5150.253576,957120512.0,209186816.0,74.01,2167753.0,31.0
2674,422796650.0,842115309.0,5166.032477,957153280.0,209186816.0,74.497,2167761.0,31.0
2679,422796951.0,842115484.0,5167.390358,891645952.0,209186816.0,71.575,2167796.0,31.0
2684,422867970.0,855190330.0,5168.901958,992497664.0,209186816.0,72.549,2192312.0,31.0
2689,422867970.0,855190330.0,5180.113326,992411648.0,209186816.0,73.036,2192312.0,31.0
2694,422867970.0,855190330.0,5194.757658,992411648.0,209186816.0,72.549,2192312.0,31.0
2699,422867970.0,855190330.0,5204.49092,990584832.0,209186816.0,74.01,2192323.0,31.0
2704,422867970.0,855190330.0,5214.698676,990588928.0,209186816.0,73.523,2192324.0,31.0
2709,422867970.0,855190330.0,5226.885359,990601216.0,209186816.0,74.01,2192327.0,31.0
2714,422867970.0,855190330.0,5241.533006,990617600.0,209186816.0,73.523,2192331.0,31.0
2719,422867970.0,855190330.0,5253.605013,990625792.0,209186816.0,73.523,2192333.0,31.0
2724,422867970.0,855190330.0,5265.209721,990736384.0,209186816.0,74.497,2192372.0,31.0
2729,422867970.0,855190330.0,5275.440196,922583040.0,209186816.0,73.036,2192944.0,31.0
2734,435956128.0,868327734.0,5278.995732,954023936.0,209186816.0,74.01,2218433.0,31.0
2740,435956128.0,868327734.0,5289.346897,954109952.0,209186816.0,74.497,2218454.0,31.0
2745,435956128.0,868327734.0,5300.276459,954245120.0,209186816.0,74.01,2218490.0,31.0
2750,435956128.0,868327734.0,5316.179711,954544128.0,209186816.0,74.01,2218510.0,31.0
2755,435956429.0,868327909.0,5324.518199,889114624.0,209186816.0,72.549,2218547.0,31.0
2760,435956429.0,868327909.0,5324.542793,889049088.0,209186816.0,70.601,2218547.0,31.0
2765,436083812.0,881489545.0,5331.275903,838901760.0,209186816.0,73.036,2260897.0,31.0
2770,436083854.0,881489587.0,5343.295399,840556544.0,209186816.0,73.523,2261298.0,31.0
2775,436083854.0,881489587.0,5352.019353,840581120.0,209186816.0,73.523,2261336.0,31.0
2780,436083854.0,881489587.0,5368.188177,840634368.0,209186816.0,73.523,2261349.0,31.0
2785,436083854.0,881489587.0,5378.620255,840957952.0,209186816.0,74.497,2261428.0,31.0
2790,436083854.0,881489587.0,5391.322894,840994816.0,209186816.0,74.984,2261437.0,31.0
2796,436083854.0,881489587.0,5402.157072,841019392.0,209186816.0,73.036,2261443.0,31.0
2801,436083854.0,881489587.0,5412.885183,841027584.0,209186816.0,73.523,2261445.0,31.0
2806,436083854.0,881489587.0,5424.787318,841310208.0,209186816.0,74.497,2261539.0,31.0
2811,449171244.0,894671037.0,5433.133471,917721088.0,209186816.0,72.549,2294702.0,31.0
2816,449171286.0,894671079.0,5445.159866,948232192.0,209186816.0,74.984,2302022.0,31.0
2821,449171286.0,894671079.0,5457.430019,947929088.0,209186816.0,74.984,2302065.0,31.0
2826,449171286.0,894671079.0,5465.542502,948424704.0,209186816.0,74.984,2302083.0,31.0
2831,449171286.0,894671079.0,5481.247828,948465664.0,209186816.0,74.497,2302125.0,31.0
2836,449171587.0,894671254.0,5481.822758,882982912.0,209186816.0,69.627,2302134.0,31.0
2841,449284846.0,907818766.0,5486.174824,984621056.0,209186816.0,72.549,2326861.0,31.0
2846,449284888.0,907818808.0,5497.474875,984621056.0,209186816.0,73.036,2326861.0,31.0
2851,449284888.0,907818808.0,5508.266495,984621056.0,209186816.0,74.497,2326861.0,31.0
2857,449284888.0,907818808.0,5519.859743,984621056.0,209186816.0,74.01,2326861.0,31.0
2862,449284888.0,907818808.0,5532.306044,984883200.0,209186816.0,74.497,2326863.0,31.0
2867,449284888.0,907818808.0,5544.854741,984920064.0,209186816.0,74.01,2326871.0,31.0
2872,449284888.0,907818808.0,5556.368029,984670208.0,209186816.0,74.497,2326873.0,31.0
2877,449284888.0,907818808.0,5568.642066,984686592.0,209186816.0,73.523,2326877.0,31.0
2882,449284888.0,907818808.0,5580.704441,984682496.0,209186816.0,74.497,2326921.0,31.0
2887,449284888.0,907818808.0,5590.076551,961155072.0,209186816.0,72.549,2338542.0,31.0
2892,462397862.0,920988750.0,5591.23009,950607872.0,209186816.0,71.575,2353140.0,31.0
2897,462397862.0,920988750.0,5603.093811,950706176.0,209186816.0,74.497,2353164.0,31.0
2902,462397862.0,920988750.0,5615.966323,951078912.0,209186816.0,74.01,2353215.0,31.0
2907,462397862.0,920988750.0,5625.414647,950874112.0,209186816.0,74.01,2353217.0,31.0
2912,462397862.0,920988750.0,5639.0397,950796288.0,209186816.0,73.036,2353257.0,31.0
2918,462398163.0,920988925.0,5639.167752,885637120.0,209186816.0,71.088,2353257.0,31.0
2923,462398163.0,920988925.0,5639.193676,885637120.0,209186816.0,69.627,2353257.0,31.0
2928,462529836.0,934154257.0,5639.876905,986750976.0,209186816.0,70.114,2377890.0,31.0
2933,462529836.0,934154257.0,5652.045951,986939392.0,209186816.0,72.062,2377903.0,31.0
2938,462529836.0,934154257.0,5661.887626,986939392.0,209186816.0,73.036,2377903.0,31.0
2943,462529836.0,934154257.0,5673.325879,986947584.0,209186816.0,73.523,2377905.0,31.0
2948,462529836.0,934154257.0,5698.726915,986972160.0,209186816.0,72.062,2377911.0,31.0
2953,462529836.0,934154257.0,5698.726915,986972160.0,209186816.0,72.062,2377911.0,31.0
2958,462529836.0,934154257.0,5720.274869,986984448.0,209186816.0,73.523,2377914.0,31.0
2963,462529836.0,934154257.0,5733.165297,987066368.0,209186816.0,73.036,2377945.0,31.0
2968,462529836.0,934154257.0,5745.123833,987164672.0,209186816.0,74.497,2377982.0,31.0
2973,475517167.0,934171486.0,5747.534815,891056128.0,209186816.0,70.601,2389335.0,31.0
2978,475595488.0,947253645.0,5755.090944,951160832.0,209186816.0,72.549,2403942.0,31.0
2984,475595488.0,947253645.0,5768.541447,951513088.0,209186816.0,73.523,2403970.0,31.0
2989,475595488.0,947253645.0,5778.629556,951361536.0,209186816.0,74.497,2404003.0,31.0
2994,475595488.0,947253645.0,5791.836462,951390208.0,209186816.0,74.984,2404010.0,31.0
2999,475595789.0,947253820.0,5796.608291,886136832.0,209186816.0,72.062,2404045.0,31.0
3004,475595789.0,947253820.0,5796.640983,886136832.0,209186816.0,69.14,2404045.0,31.0
3009,475595789.0,947253820.0,5796.664343,886136832.0,209186816.0,69.14,2404045.0,31.0
3014,475595789.0,947253820.0,5796.688379,886136832.0,209186816.0,69.14,2404045.0,31.0
3019,475720136.0,960416116.0,5796.968218,916213760.0,209186816.0,69.627,2411388.0,31.0
3024,475720178.0,960416158.0,5810.17507,986902528.0,209186816.0,72.062,2428563.0,31.0
3029,475720178.0,960416158.0,5822.762663,986910720.0,209186816.0,72.062,2428565.0,31.0
3034,475720178.0,960416158.0,5832.397191,986918912.0,209186816.0,71.575,2428567.0,31.0
3039,475720178.0,960416158.0,5843.894621,986927104.0,209186816.0,73.036,2428569.0,31.0
3045,475720178.0,960416158.0,5856.980162,986947584.0,209186816.0,72.549,2428574.0,31.0
3050,475720178.0,960416158.0,5866.526229,986955776.0,209186816.0,73.036,2428576.0,31.0
3055,475720178.0,960416158.0,5879.526474,986972160.0,209186816.0,72.062,2428580.0,31.0
3060,475720178.0,960416158.0,5893.091255,987066368.0,209186816.0,73.523,2428614.0,31.0
3065,475720178.0,960416158.0,5901.701115,987140096.0,209186816.0,73.036,2428646.0,31.0
3070,488839050.0,973594836.0,5910.162542,952676352.0,209186816.0,73.036,2454728.0,31.0
3075,488839092.0,973594878.0,5922.415913,952774656.0,209186816.0,74.01,2454753.0,31.0
3080,488839092.0,973594878.0,5936.381526,952680448.0,209186816.0,74.01,2454802.0,31.0
3085,488839092.0,973594878.0,5946.128961,952700928.0,209186816.0,74.984,2454807.0,31.0
3090,488839393.0,973595053.0,5954.300574,887574528.0,209186816.0,71.575,2454873.0,31.0
3095,488839393.0,973595053.0,5954.33248,887574528.0,209186816.0,70.114,2454873.0,31.0
3100,488839393.0,973595053.0,5954.360737,887574528.0,209186816.0,69.14,2454873.0,31.0
3105,488970868.0,986756953.0,5959.592214,988372992.0,209186816.0,72.062,2479399.0,31.0
3111,488970868.0,986756953.0,5971.274477,988372992.0,209186816.0,72.062,2479399.0,31.0
3116,488970868.0,986756953.0,5983.252492,988377088.0,209186816.0,72.062,2479400.0,31.0
3121,488970868.0,986756953.0,5993.061113,988385280.0,209186816.0,72.549,2479402.0,31.0
3126,488970868.0,986756953.0,6007.499828,988393472.0,209186816.0,73.036,2479404.0,31.0
3131,488970868.0,986756953.0,6019.605575,988405760.0,209186816.0,72.062,2479407.0,31.0
3136,488970868.0,986756953.0,6029.716686,988413952.0,209186816.0,73.036,2479409.0,31.0
3141,488970868.0,986756953.0,6040.789993,988426240.0,209186816.0,72.549,2479412.0,31.0
3146,488970868.0,986756953.0,6046.948178,988471296.0,209186816.0,72.549,2479435.0,31.0
3151,488970868.0,986756953.0,6053.490047,988475392.0,209186816.0,72.549,2479490.0,31.0
3156,502046114.0,999912135.0,6065.085813,956702720.0,209186816.0,73.523,2506263.0,31.0
3161,502046156.0,999912177.0,6076.235722,957308928.0,209186816.0,74.01,2506285.0,31.0
3166,502046156.0,999912177.0,6088.870473,957280256.0,209186816.0,74.01,2506333.0,31.0
3172,502046156.0,999912177.0,6102.575409,956960768.0,209186816.0,74.01,2506338.0,31.0
3177,502046156.0,999912177.0,6111.411755,957067264.0,209186816.0,71.575,2506389.0,31.0
3182,502046457.0,999912352.0,6111.941284,890548224.0,209186816.0,70.601,2506389.0,31.0
3187,502046499.0,999912394.0,6111.969535,890548224.0,209186816.0,69.627,2506389.0,31.0
3192,502157070.0,1013066176.0,6112.809382,992399360.0,209186816.0,70.601,2531134.0,31.0
3197,502157112.0,1013066218.0,6122.692681,992198656.0,209186816.0,71.088,2531134.0,31.0
3202,502157112.0,1013066218.0,6133.723117,992198656.0,209186816.0,72.549,2531134.0,31.0
3207,502157112.0,1013066218.0,6148.314263,992206848.0,209186816.0,72.549,2531136.0,31.0
3212,502157112.0,1013066218.0,6158.176303,992215040.0,209186816.0,72.549,2531138.0,31.0
3217,502157112.0,1013066218.0,6169.379691,992235520.0,209186816.0,71.575,2531143.0,31.0
3222,502157112.0,1013066218.0,6183.884887,992251904.0,209186816.0,73.523,2531147.0,31.0
3227,502157112.0,1013066218.0,6194.020005,992264192.0,209186816.0,73.036,2531150.0,31.0
3233,502157112.0,1013066218.0,6207.360732,992350208.0,209186816.0,73.036,2531183.0,31.0
3238,502157112.0,1013066218.0,6219.585384,922140672.0,209186816.0,73.036,2531229.0,31.0
3243,515144509.0,1013083579.0,6220.325042,898207744.0,209186816.0,69.627,2542846.0,31.0
3248,515218738.0,1026166794.0,6228.365764,958398464.0,209186816.0,73.036,2557475.0,31.0
3253,515218738.0,1026166794.0,6241.876311,958517248.0,209186816.0,73.523,2557504.0,31.0
3258,515218738.0,1026166794.0,6265.808059,813293568.0,209186816.0,74.01,2568675.0,31.0
3263,515219039.0,1026166969.0,6269.706509,764309504.0,209186816.0,70.601,2569485.0,31.0
3268,515281982.0,1039250965.0,6271.585849,920072192.0,209186816.0,72.549,2607506.0,31.0
3273,515281982.0,1039250965.0,6282.213292,943185920.0,209186816.0,71.575,2613047.0,31.0
3278,515281982.0,1039250965.0,6293.761084,943169536.0,209186816.0,72.062,2613084.0,31.0
3283,515281982.0,1039250965.0,6308.396569,943955968.0,209186816.0,72.549,2613339.0,31.0
3288,515281982.0,1039250965.0,6319.764097,944009216.0,209186816.0,73.523,2613352.0,31.0
3294,515281982.0,1039250965.0,6329.732868,944025600.0,209186816.0,74.984,2613356.0,31.0
3299,515281982.0,1039250965.0,6343.438147,944095232.0,209186816.0,73.036,2613373.0,31.0
3304,515281982.0,1039250965.0,6355.368481,944128000.0,209186816.0,73.523,2613381.0,31.0
3309,515281982.0,1039250965.0,6367.197513,944246784.0,209186816.0,74.497,2613422.0,31.0
3314,515281982.0,1039250965.0,6377.638042,944316416.0,209186816.0,73.523,2613452.0,31.0
3319,528383166.0,1052400405.0,6380.963022,947519488.0,209186816.0,72.549,2649006.0,31.0
3324,528383208.0,1052400447.0,6390.700994,947806208.0,209186816.0,74.497,2649027.0,31.0
3329,528383208.0,1052400447.0,6404.787434,947810304.0,209186816.0,74.984,2649088.0,31.0
3334,528383208.0,1052400447.0,6415.09719,947830784.0,209186816.0,74.984,2649093.0,31.0
3339,528383509.0,1052400622.0,6428.234335,885932032.0,209186816.0,72.549,2649139.0,31.0
3344,528383551.0,1052400664.0,6428.255386,885932032.0,209186816.0,70.601,2649139.0,31.0
3349,528383551.0,1052400664.0,6428.279154,885932032.0,209186816.0,69.14,2649139.0,31.0
3355,528383551.0,1052400664.0,6428.297217,885932032.0,209186816.0,70.114,2649139.0,31.0
3360,528487942.0,1065542740.0,6442.007418,986693632.0,209186816.0,72.549,2673654.0,31.0
3365,528487942.0,1065542740.0,6452.318648,986697728.0,209186816.0,72.549,2673655.0,31.0
3370,528487942.0,1065542740.0,6463.404515,986963968.0,209186816.0,72.549,2673657.0,31.0
3375,528487942.0,1065542740.0,6476.983583,986714112.0,209186816.0,72.549,2673659.0,31.0
3380,528487942.0,1065542740.0,6488.786123,986726400.0,209186816.0,72.549,2673662.0,31.0
3385,528487942.0,1065542740.0,6499.357059,986734592.0,209186816.0,73.523,2673664.0,31.0
3390,528487942.0,1065542740.0,6512.88358,986746880.0,209186816.0,73.523,2673667.0,31.0
3395,528487942.0,1065542740.0,6523.828561,986832896.0,209186816.0,73.523,2673700.0,31.0
3400,528487942.0,1065542740.0,6535.890972,986902528.0,209186816.0,73.523,2673747.0,31.0
3405,541584902.0,1078701948.0,6539.642285,951840768.0,209186816.0,73.036,2699683.0,31.0
3410,541584944.0,1078701990.0,6550.586871,951918592.0,209186816.0,73.523,2699704.0,31.0
3415,541584944.0,1078701990.0,6561.494787,952029184.0,209186816.0,73.036,2699729.0,31.0
3421,541584944.0,1078701990.0,6572.955206,951816192.0,209186816.0,74.01,2699754.0,31.0
3426,541584944.0,1078701990.0,6585.456355,951873536.0,209186816.0,73.036,2699768.0,31.0
3431,541585245.0,1078702165.0,6586.245724,889946112.0,209186816.0,69.627,2699803.0,31.0
3436,541664886.0,1091782927.0,6589.947587,990695424.0,209186816.0,72.062,2724318.0,31.0
3441,541664886.0,1091782927.0,6603.148943,990703616.0,209186816.0,73.523,2724320.0,31.0
3446,541664886.0,1091782927.0,6614.404103,990703616.0,209186816.0,74.01,2724320.0,31.0
3451,541664886.0,1091782927.0,6626.325738,990724096.0,209186816.0,73.036,2724325.0,31.0
3456,541664886.0,1091782927.0,6639.372695,990732288.0,209186816.0,73.036,2724327.0,31.0
3461,541664886.0,1091782927.0,6652.725623,990744576.0,209186816.0,73.523,2724330.0,31.0
3466,541664886.0,1091782927.0,6663.801219,990756864.0,209186816.0,73.036,2724333.0,31.0
3471,541664886.0,1091782927.0,6675.112653,990765056.0,209186816.0,74.01,2724335.0,31.0
3477,541664886.0,1091782927.0,6685.333479,990810112.0,209186816.0,72.549,2724378.0,31.0
3482,541664886.0,1091782927.0,6694.391259,920731648.0,209186816.0,72.549,2724414.0,31.0
3487,554762242.0,1104938835.0,6704.659171,949231616.0,209186816.0,74.497,2748798.0,31.0
3492,554762284.0,1104938877.0,6715.125033,949317632.0,209186816.0,74.01,2748819.0,31.0
3497,554762284.0,1104938877.0,6730.580072,949415936.0,209186816.0,74.497,2748856.0,31.0
3502,554762284.0,1104938877.0,6741.307536,949440512.0,209186816.0,73.036,2748862.0,31.0
3507,554762651.0,1104939052.0,6744.018849,883298304.0,209186816.0,70.601,2748898.0,31.0
3512,554842184.0,1118020168.0,6747.914713,992342016.0,209186816.0,72.062,2775430.0,31.0
3517,554842184.0,1118020168.0,6758.479865,992342016.0,209186816.0,73.036,2775430.0,31.0
3522,554842184.0,1118020168.0,6768.585174,992342016.0,209186816.0,74.01,2775430.0,31.0
3527,554842184.0,1118020168.0,6779.495306,992358400.0,209186816.0,73.523,2775434.0,31.0
3532,554842184.0,1118020168.0,6795.208464,992374784.0,209186816.0,73.523,2775438.0,31.0
3538,554842184.0,1118020168.0,6803.052729,992378880.0,209186816.0,73.036,2775439.0,31.0
3543,554842184.0,1118020168.0,6817.255737,992391168.0,209186816.0,74.497,2775442.0,31.0
3548,554842184.0,1118020168.0,6827.254902,992399360.0,209186816.0,74.01,2775444.0,31.0
3553,554842184.0,1118020168.0,6840.781292,992768000.0,209186816.0,73.523,2775482.0,31.0
3558,567946272.0,1131180036.0,6852.536573,923107328.0,209186816.0,73.523,2793163.0,31.0
3563,567946314.0,1131180078.0,6864.196208,966299648.0,209186816.0,74.497,2803664.0,31.0
3568,567946314.0,1131180078.0,6887.011667,966475776.0,209186816.0,75.471,2803720.0,31.0
3573,567946314.0,1131180078.0,6899.542837,966508544.0,209186816.0,74.984,2803728.0,31.0
3578,567946615.0,1131180253.0,6901.222393,901251072.0,209186816.0,71.088,2803762.0,31.0
3583,567946615.0,1131180253.0,6901.243813,901251072.0,209186816.0,69.627,2803762.0,31.0
3588,567946615.0,1131180253.0,6901.266759,901251072.0,209186816.0,69.14,2803762.0,31.0
3593,568034860.0,1144310275.0,6910.158546,1001512960.0,209186816.0,71.575,2828348.0,31.0
3599,568034902.0,1144310317.0,6920.75811,1000722432.0,209186816.0,73.036,2828348.0,31.0
3604,568034902.0,1144310317.0,6934.62034,1001426944.0,209186816.0,72.549,2828456.0,31.0
3609,568034902.0,1144310317.0,6945.161718,1001185280.0,209186816.0,73.523,2828460.0,31.0
3614,568034902.0,1144310317.0,6955.887447,1001193472.0,209186816.0,73.523,2828462.0,31.0
3619,568034902.0,1144310317.0,6968.325389,1001201664.0,209186816.0,73.036,2828464.0,31.0
3624,568034902.0,1144310317.0,6979.563979,1001209856.0,209186816.0,74.01,2828466.0,31.0
3629,568034902.0,1144310317.0,6993.228317,1001275392.0,209186816.0,74.497,2828492.0,31.0
3634,568034902.0,1144310317.0,7003.513366,1001385984.0,209186816.0,74.01,2828533.0,31.0
3639,581022233.0,1144328206.0,7009.43149,901742592.0,209186816.0,71.575,2838689.0,31.0
3644,581147810.0,1157487255.0,7015.584092,966328320.0,209186816.0,73.036,2854327.0,31.0
3649,581147810.0,1157487255.0,7026.455204,966160384.0,209186816.0,74.497,2854348.0,31.0
3655,581147810.0,1157487255.0,7037.278032,966283264.0,209186816.0,73.523,2854391.0,31.0
3660,581147810.0,1157487255.0,7049.374818,966307840.0,209186816.0,73.523,2854397.0,31.0
3665,581148111.0,1157487430.0,7058.500525,900935680.0,209186816.0,72.062,2854435.0,31.0
3670,581148111.0,1157487430.0,7058.536156,900935680.0,209186816.0,70.114,2854435.0,31.0
3675,581148111.0,1157487430.0,7058.552614,900935680.0,209186816.0,69.14,2854435.0,31.0
3680,581264736.0,1170632302.0,7060.079004,1001918464.0,209186816.0,71.575,2878947.0,31.0
3685,581264778.0,1170632344.0,7072.083019,1001684992.0,209186816.0,72.549,2878947.0,31.0
3690,581264778.0,1170632344.0,7087.35073,999845888.0,209186816.0,72.549,2878953.0,31.0
3695,581264778.0,1170632344.0,7097.917726,1000562688.0,209186816.0,72.549,2879128.0,31.0
3700,581264778.0,1170632344.0,7107.976518,1000574976.0,209186816.0,73.523,2879131.0,31.0
3705,581264778.0,1170632344.0,7120.941147,1000583168.0,209186816.0,74.01,2879133.0,31.0
3710,581264778.0,1170632344.0,7131.143371,1000591360.0,209186816.0,73.523,2879135.0,31.0
3716,581264778.0,1170632344.0,7144.160387,1000603648.0,209186816.0,73.036,2879138.0,31.0
3721,581264778.0,1170632344.0,7156.714703,1000951808.0,209186816.0,73.523,2879177.0,31.0
3726,594252307.0,1170649639.0,7167.126592,900681728.0,209186816.0,72.549,2889669.0,31.0
3731,594305942.0,1178806871.0,7167.226974,901152768.0,209186816.0,72.062,2889670.0,31.0
3736,594336436.0,1183754304.0,7179.306319,831324160.0,209186816.0,73.523,2915654.0,31.0
3741,594336436.0,1183754304.0,7191.244823,831488000.0,209186816.0,74.01,2915694.0,31.0
3746,594336436.0,1183754304.0,7203.397678,831815680.0,209186816.0,74.497,2915788.0,31.0
3751,594336737.0,1183754479.0,7216.273622,779907072.0,209186816.0,73.523,2915948.0,31.0
3756,594336737.0,1183754479.0,7216.296626,779907072.0,209186816.0,68.653,2915948.0,31.0
3761,594445376.0,1196921857.0,7221.568311,938786816.0,209186816.0,72.062,2954605.0,31.0
3766,594445418.0,1196921899.0,7231.831255,952750080.0,209186816.0,72.549,2957963.0,31.0
3772,594445418.0,1196921899.0,7246.657589,952647680.0,209186816.0,73.523,2958060.0,31.0
3777,594445418.0,1196921899.0,7256.530948,952799232.0,209186816.0,73.036,2958097.0,31.0
3782,594445418.0,1196921899.0,7268.413049,952827904.0,209186816.0,73.523,2958104.0,31.0
3787,594445418.0,1196921899.0,7282.579295,952856576.0,209186816.0,73.523,2958111.0,31.0
3792,594445418.0,1196921899.0,7292.248153,952877056.0,209186816.0,73.036,2958116.0,31.0
3797,594445418.0,1196921899.0,7302.907437,953155584.0,209186816.0,73.523,2958123.0,31.0
3802,594445418.0,1196921899.0,7314.953144,953290752.0,209186816.0,74.497,2958171.0,31.0
3807,594445418.0,1196921899.0,7324.914494,890413056.0,209186816.0,73.036,2969913.0,31.0
3812,607523898.0,1210042497.0,7335.380591,957956096.0,209186816.0,74.01,2993908.0,31.0
3817,607523940.0,1210042539.0,7345.757612,958046208.0,209186816.0,74.01,2993930.0,31.0
3822,607523940.0,1210042539.0,7357.09378,958173184.0,209186816.0,74.497,2993973.0,31.0
3827,607523940.0,1210042539.0,7372.257728,957943808.0,209186816.0,74.984,2993980.0,31.0
3833,607524241.0,1210042714.0,7374.099996,892702720.0,209186816.0,71.575,2994018.0,31.0
3838,607524241.0,1210042714.0,7374.132241,892702720.0,209186816.0,71.088,2994018.0,31.0
3843,607524241.0,1210042714.0,7374.154082,892702720.0,209186816.0,69.627,2994018.0,31.0
3848,607650766.0,1223200522.0,7381.288298,993714176.0,209186816.0,72.062,3018594.0,31.0
3853,607650808.0,1223200564.0,7395.30937,993726464.0,209186816.0,73.036,3018597.0,31.0
3858,607650808.0,1223200564.0,7404.951064,993738752.0,209186816.0,73.523,3018600.0,31.0
3863,607650808.0,1223200564.0,7431.371191,993796096.0,209186816.0,73.036,3018614.0,31.0
3868,607650808.0,1223200564.0,7440.25733,993800192.0,209186816.0,72.062,3018615.0,31.0
3873,607650808.0,1223200564.0,7454.605332,994074624.0,209186816.0,73.523,3018619.0,31.0
3878,607650808.0,1223200564.0,7464.845444,993959936.0,209186816.0,74.497,3018625.0,31.0
3883,607650808.0,1223200564.0,7478.400214,993984512.0,209186816.0,73.523,3018686.0,31.0
3889,620638403.0,1223218189.0,7482.961668,896413696.0,209186816.0,71.575,3029316.0,31.0
3894,620756324.0,1236369516.0,7495.795347,960999424.0,209186816.0,73.523,3044959.0,31.0
3899,620756324.0,1236369516.0,7507.152071,960851968.0,209186816.0,74.01,3044984.0,31.0
3904,620756324.0,1236369516.0,7517.870063,960913408.0,209186816.0,74.01,3045010.0,31.0
3909,620756324.0,1236369516.0,7531.369627,961011712.0,209186816.0,72.549,3045057.0,31.0
3914,620756625.0,1236369691.0,7531.928207,895705088.0,209186816.0,71.088,3045057.0,31.0
3919,620756625.0,1236369691.0,7531.964016,895705088.0,209186816.0,69.627,3045057.0,31.0
3924,620756625.0,1236369691.0,7531.985325,895705088.0,209186816.0,69.14,3045057.0,31.0
3929,620855826.0,1249482355.0,7539.982413,996474880.0,209186816.0,72.062,3069573.0,31.0
3934,620855868.0,1249482397.0,7552.043594,996474880.0,209186816.0,72.062,3069573.0,31.0
3939,620855868.0,1249482397.0,7564.384839,996483072.0,209186816.0,73.036,3069575.0,31.0
3944,620855868.0,1249482397.0,7576.857457,996495360.0,209186816.0,73.523,3069578.0,31.0
3950,620855868.0,1249482397.0,7589.684623,996503552.0,209186816.0,73.036,3069580.0,31.0
3955,620855868.0,1249482397.0,7600.964673,996515840.0,209186816.0,73.036,3069583.0,31.0
3960,620855868.0,1249482397.0,7612.298956,996524032.0,209186816.0,74.01,3069585.0,31.0
3965,620855868.0,1249482397.0,7622.095226,996364288.0,209186816.0,73.036,3069589.0,31.0
3970,620855868.0,1249482397.0,7636.760361,996950016.0,209186816.0,74.497,3069652.0,31.0
3975,633951310.0,1262662593.0,7646.574558,965955584.0,209186816.0,74.01,3096532.0,31.0
3980,633951352.0,1262662635.0,7657.649267,966045696.0,209186816.0,74.984,3096554.0,31.0
3985,633951352.0,1262662635.0,7669.853939,966418432.0,209186816.0,74.497,3096594.0,31.0
3990,633951352.0,1262662635.0,7682.29978,966180864.0,209186816.0,75.471,3096599.0,31.0
3995,633951653.0,1262662810.0,7689.350172,900542464.0,209186816.0,70.601,3096637.0,31.0
4000,633951653.0,1262662810.0,7689.37718,900542464.0,209186816.0,71.088,3096637.0,31.0
4006,633951653.0,1262662810.0,7689.40014,900542464.0,209186816.0,69.627,3096637.0,31.0
4011,634031120.0,1275743398.0,7693.711079,1001381888.0,209186816.0,71.575,3121172.0,31.0
4016,634031162.0,1275743440.0,7704.896413,1001381888.0,209186816.0,73.036,3121172.0,31.0
4021,634031162.0,1275743440.0,7719.068569,1001381888.0,209186816.0,73.036,3121172.0,31.0
4026,634031162.0,1275743440.0,7729.367741,1001385984.0,209186816.0,73.036,3121173.0,31.0
4031,634031162.0,1275743440.0,7741.313238,1001402368.0,209186816.0,73.523,3121177.0,31.0
4036,634031162.0,1275743440.0,7754.418769,1001672704.0,209186816.0,73.036,3121180.0,31.0
4041,634031162.0,1275743440.0,7765.044463,1001422848.0,209186816.0,73.523,3121182.0,31.0
4046,634031162.0,1275743440.0,7778.430184,1001435136.0,209186816.0,74.497,3121185.0,31.0
4051,634031162.0,1275743440.0,7788.79621,1002270720.0,209186816.0,74.497,3121250.0,31.0
4056,647018823.0,1275761461.0,7797.903396,907313152.0,209186816.0,71.088,3133094.0,31.0
4061,647140374.0,1288908498.0,7805.059303,955764736.0,209186816.0,74.497,3144865.0,31.0
4067,647140374.0,1288908498.0,7817.735747,955871232.0,209186816.0,73.523,3144891.0,31.0
4072,647140374.0,1288908498.0,7831.559067,955961344.0,209186816.0,74.984,3144927.0,31.0
4077,647140374.0,1288908498.0,7844.138247,955985920.0,209186816.0,75.471,3144933.0,31.0
4082,647140675.0,1288908673.0,7846.785117,893857792.0,209186816.0,69.627,3144968.0,31.0
4087,647140675.0,1288908673.0,7846.814266,893857792.0,209186816.0,70.114,3144968.0,31.0
4092,647140675.0,1288908673.0,7846.836073,893857792.0,209186816.0,70.114,3144968.0,31.0
4097,647263834.0,1302063643.0,7854.73481,994672640.0,209186816.0,72.062,3169495.0,31.0
4102,647263834.0,1302063643.0,7867.727403,994672640.0,209186816.0,72.062,3169495.0,31.0
4107,647263834.0,1302063643.0,7879.197993,994689024.0,209186816.0,73.523,3169499.0,31.0
4112,647263834.0,1302063643.0,7890.142623,994955264.0,209186816.0,72.549,3169501.0,31.0
4117,647263834.0,1302063643.0,7901.148145,994963456.0,209186816.0,72.549,3169503.0,31.0
4122,647263834.0,1302063643.0,7912.919711,994713600.0,209186816.0,72.549,3169505.0,31.0
4128,647263834.0,1302063643.0,7924.145454,994721792.0,209186816.0,74.01,3169507.0,31.0
4133,647263834.0,1302063643.0,7936.081126,994729984.0,209186816.0,73.523,3169509.0,31.0
4138,647263834.0,1302063643.0,7951.430505,994897920.0,209186816.0,74.984,3169576.0,31.0
4143,660251033.0,1302081136.0,7955.615596,901681152.0,209186816.0,70.601,3181266.0,31.0
4148,660378590.0,1315244475.0,7960.449203,955416576.0,209186816.0,72.549,3194321.0,31.0
4153,660378590.0,1315244475.0,7974.22067,955527168.0,209186816.0,74.01,3194348.0,31.0
4158,660378590.0,1315244475.0,7984.241989,955625472.0,209186816.0,73.523,3194386.0,31.0
4163,660378590.0,1315244475.0,7995.467677,955650048.0,209186816.0,74.01,3194392.0,31.0
4168,660378891.0,1315244650.0,8004.525765,893730816.0,209186816.0,70.601,3194430.0,31.0
4173,660490104.0,1328390644.0,8014.702262,924082176.0,209186816.0,72.062,3218946.0,31.0
4178,660490104.0,1328390644.0,8024.047091,924082176.0,209186816.0,72.549,3218946.0,31.0
4183,660490104.0,1328390644.0,8039.054702,924082176.0,209186816.0,74.01,3218946.0,31.0
4188,660490104.0,1328390644.0,8050.637588,924094464.0,209186816.0,74.984,3218949.0,31.0
4194,660490104.0,1328390644.0,8060.804206,924102656.0,209186816.0,73.523,3218951.0,31.0
4199,660490104.0,1328390644.0,8072.340425,924110848.0,209186816.0,73.523,3218953.0,31.0
4204,660490104.0,1328390644.0,8084.637668,924123136.0,209186816.0,74.497,3218956.0,31.0
4209,660490104.0,1328390644.0,8094.984801,924106752.0,209186816.0,73.036,3218959.0,31.0
4214,660490104.0,1328390644.0,8100.676998,924467200.0,209186816.0,74.01,3218991.0,31.0
4219,660490104.0,1328390644.0,8112.497713,787877888.0,209186816.0,71.575,3225682.0,31.0
4224,673582048.0,1341575790.0,8117.429861,911245312.0,209186816.0,73.523,3270231.0,31.0
4229,673582090.0,1341575832.0,8131.953096,911642624.0,209186816.0,74.01,3270266.0,31.0
4234,673582090.0,1341575832.0,8142.504148,911556608.0,209186816.0,74.984,3270320.0,31.0
4239,673582090.0,1341575832.0,8153.161724,911572992.0,209186816.0,74.01,3270324.0,31.0
4244,673582391.0,1341576007.0,8162.266835,849977344.0,209186816.0,72.549,3270442.0,31.0
4249,673582391.0,1341576007.0,8162.301261,849977344.0,209186816.0,71.575,3270442.0,31.0
4255,673692944.0,1354726819.0,8172.76935,987181056.0,209186816.0,73.523,3303827.0,31.0
4260,673692944.0,1354726819.0,8183.584493,989220864.0,209186816.0,73.036,3304310.0,31.0
4265,673692944.0,1354726819.0,8196.420335,990224384.0,209186816.0,74.01,3304616.0,31.0
4270,673692944.0,1354726819.0,8206.11112,990638080.0,209186816.0,73.036,3304657.0,31.0
4275,673692944.0,1354726819.0,8219.649972,990691328.0,209186816.0,73.523,3304667.0,31.0
4280,673692944.0,1354726819.0,8230.4422,990453760.0,209186816.0,73.036,3304672.0,31.0
4285,673692944.0,1354726819.0,8242.492731,990466048.0,209186816.0,74.01,3304675.0,31.0
4290,673692944.0,1354726819.0,8252.421506,990396416.0,209186816.0,72.062,3304681.0,31.0
4295,673692944.0,1354726819.0,8259.169702,990576640.0,209186816.0,74.01,3304715.0,31.0
4300,673692944.0,1354726819.0,8269.222958,990658560.0,209186816.0,72.549,3304746.0,31.0
4305,686768916.0,1367872431.0,8279.916534,954138624.0,209186816.0,74.497,3330405.0,31.0
4310,686768958.0,1367872473.0,8294.026222,954269696.0,209186816.0,74.01,3330437.0,31.0
4316,686768958.0,1367872473.0,8304.711617,954331136.0,209186816.0,74.497,3330463.0,31.0
4321,686768958.0,1367872473.0,8317.882393,954880000.0,209186816.0,74.984,3330477.0,31.0
4326,686769259.0,1367872648.0,8319.370434,892555264.0,209186816.0,69.14,3330539.0,31.0
4331,686769259.0,1367872648.0,8319.392941,892555264.0,209186816.0,69.627,3330539.0,31.0
4336,686769259.0,1367872648.0,8319.413699,892555264.0,209186816.0,70.114,3330539.0,31.0
4341,686769259.0,1367872648.0,8319.44971,892555264.0,209186816.0,69.14,3330539.0,31.0
4346,686900074.0,1381037518.0,8323.818022,993431552.0,209186816.0,71.575,3355081.0,31.0
4351,686900074.0,1381037518.0,8334.785974,993456128.0,209186816.0,71.575,3355087.0,31.0
4356,686900074.0,1381037518.0,8346.540329,993484800.0,209186816.0,71.575,3355094.0,31.0
4361,686900074.0,1381037518.0,8358.263403,993497088.0,209186816.0,73.523,3355097.0,31.0
4366,686900074.0,1381037518.0,8370.795275,993509376.0,209186816.0,73.036,3355100.0,31.0
4371,686900074.0,1381037518.0,8379.486063,993517568.0,209186816.0,73.523,3355102.0,31.0
4377,686900074.0,1381037518.0,8392.993665,994304000.0,209186816.0,73.036,3355231.0,31.0
4382,686900074.0,1381037518.0,8404.104311,994054144.0,209186816.0,73.523,3355233.0,31.0
4387,686900074.0,1381037518.0,8416.702844,994414592.0,209186816.0,73.036,3355271.0,31.0
4392,686900074.0,1381037518.0,8427.363146,923627520.0,209186816.0,73.036,3355312.0,31.0
4397,700008914.0,1394201940.0,8433.825226,968724480.0,209186816.0,73.036,3383642.0,31.0
4402,700008956.0,1394201982.0,8445.578087,968818688.0,209186816.0,73.523,3383665.0,31.0
4407,700008956.0,1394201982.0,8458.384747,969191424.0,209186816.0,74.01,3383706.0,31.0
4412,700008956.0,1394201982.0,8468.178263,969211904.0,209186816.0,74.984,3383711.0,31.0
4417,700009257.0,1394202157.0,8476.346448,903774208.0,209186816.0,71.088,3383750.0,31.0
4422,700009299.0,1394202199.0,8476.372632,903729152.0,209186816.0,70.114,3383750.0,31.0
4427,700009299.0,1394202199.0,8476.398705,903729152.0,209186816.0,70.114,3383750.0,31.0
4433,700115430.0,1407337633.0,8482.945094,1004523520.0,209186816.0,72.062,3408290.0,31.0
4438,700115430.0,1407337633.0,8495.879154,1004556288.0,209186816.0,71.575,3408298.0,31.0
4443,700115430.0,1407337633.0,8507.040569,1004576768.0,209186816.0,72.549,3408303.0,31.0
4448,700115430.0,1407337633.0,8519.398523,1004589056.0,209186816.0,72.062,3408306.0,31.0
4453,700115430.0,1407337633.0,8529.71614,1004593152.0,209186816.0,73.036,3408307.0,31.0
4458,700115430.0,1407337633.0,8540.605004,1004609536.0,209186816.0,73.523,3408311.0,31.0
4463,700115430.0,1407337633.0,8566.336078,1004630016.0,209186816.0,72.062,3408316.0,31.0
4468,700115430.0,1407337633.0,8568.409488,1004662784.0,209186816.0,72.549,3408338.0,31.0
4473,700115430.0,1407337633.0,8580.693314,1005051904.0,209186816.0,73.523,3408383.0,31.0
4478,713231530.0,1420517565.0,8588.72826,953815040.0,209186816.0,74.497,3430327.0,31.0
4483,713231572.0,1420517607.0,8600.752488,953917440.0,209186816.0,74.01,3430352.0,31.0
4488,713231572.0,1420517607.0,8614.11924,954040320.0,209186816.0,74.984,3430396.0,31.0
4494,713231572.0,1420517607.0,8625.26964,954060800.0,209186816.0,74.984,3430401.0,31.0
4499,713231873.0,1420517782.0,8633.324681,887943168.0,209186816.0,71.575,3430440.0,31.0
4504,713234862.0,1420854630.0,8633.357598,888143872.0,209186816.0,70.114,3430442.0,31.0
4509,713362202.0,1433683090.0,8643.310041,997498880.0,209186816.0,72.549,3457098.0,31.0
4514,713362202.0,1433683090.0,8657.827301,997511168.0,209186816.0,73.036,3457101.0,31.0
4519,713362202.0,1433683090.0,8670.12899,997523456.0,209186816.0,73.523,3457104.0,31.0
4524,713362202.0,1433683090.0,8680.798877,997535744.0,209186816.0,73.523,3457107.0,31.0
4529,713362202.0,1433683090.0,8691.839824,997543936.0,209186816.0,72.062,3457109.0,31.0
4534,713362202.0,1433683090.0,8703.034537,997806080.0,209186816.0,73.036,3457111.0,31.0
4539,713362202.0,1433683090.0,8714.120845,997560320.0,209186816.0,73.523,3457113.0,31.0
4544,713362202.0,1433683090.0,8727.972918,997634048.0,209186816.0,74.497,3457144.0,31.0
4550,713362202.0,1433683090.0,8739.869939,997732352.0,209186816.0,73.523,3457181.0,31.0
4555,726462726.0,1446862560.0,8743.309697,972337152.0,209186816.0,73.523,3485548.0,31.0
4560,726462768.0,1446862602.0,8758.878963,972701696.0,209186816.0,74.984,3485580.0,31.0
4565,726462768.0,1446862602.0,8769.119362,972832768.0,209186816.0,74.497,3485620.0,31.0
4570,726462768.0,1446862602.0,8782.991868,972595200.0,209186816.0,74.497,3485625.0,31.0
4575,726463069.0,1446862777.0,8790.07273,907362304.0,209186816.0,72.549,3485664.0,31.0
4580,726463111.0,1446862819.0,8790.091117,907362304.0,209186816.0,71.088,3485664.0,31.0
4585,726593926.0,1460028217.0,8800.030123,1008099328.0,209186816.0,72.549,3510175.0,31.0
4590,726593926.0,1460028217.0,8811.477683,1008103424.0,209186816.0,74.497,3510176.0,31.0
4595,726593926.0,1460028217.0,8822.706226,1008111616.0,209186816.0,74.984,3510178.0,31.0
4600,726593926.0,1460028217.0,8833.816802,1008119808.0,209186816.0,73.523,3510180.0,31.0
4606,726593926.0,1460028217.0,8844.545548,1008132096.0,209186816.0,74.01,3510183.0,31.0
4611,726593926.0,1460028217.0,8858.166354,1008398336.0,209186816.0,72.549,3510186.0,31.0
4616,726593926.0,1460028217.0,8867.450849,1008414720.0,209186816.0,74.497,3510189.0,31.0
4621,726593926.0,1460028217.0,8882.480156,1008455680.0,209186816.0,74.01,3510215.0,31.0
4626,726593926.0,1460028217.0,8893.830442,1008594944.0,209186816.0,75.471,3510258.0,31.0
4631,739702040.0,1473201087.0,8901.557415,958177280.0,209186816.0,74.497,3532402.0,31.0
4636,739702082.0,1473201129.0,8915.135123,958541824.0,209186816.0,74.984,3532429.0,31.0
4641,739702082.0,1473201129.0,8928.237183,958668800.0,209186816.0,74.497,3532472.0,31.0
4646,739702082.0,1473201129.0,8938.726827,958431232.0,209186816.0,75.958,3532476.0,31.0
4651,739702383.0,1473201304.0,8947.175299,892428288.0,209186816.0,71.575,3532515.0,31.0
4656,739702425.0,1473201346.0,8947.210074,892309504.0,209186816.0,71.575,3532515.0,31.0
4661,739702425.0,1473201346.0,8947.240544,892309504.0,209186816.0,70.114,3532515.0,31.0
4667,739835154.0,1486368526.0,8951.600283,920416256.0,209186816.0,70.601,3579052.0,31.0
4672,739835154.0,1486368526.0,8960.450699,923942912.0,209186816.0,72.549,3580012.0,31.0
4677,739835154.0,1486368526.0,8975.137776,925032448.0,209186816.0,73.036,3580278.0,31.0
4682,739835154.0,1486368526.0,8985.147637,925765632.0,209186816.0,72.549,3580335.0,31.0
4687,739835154.0,1486368526.0,8995.148062,925286400.0,209186816.0,74.01,3580340.0,31.0
4692,739835154.0,1486368526.0,9009.770303,925315072.0,209186816.0,73.523,3580347.0,31.0
4697,739835154.0,1486368526.0,9019.216077,925323264.0,209186816.0,74.497,3580349.0,31.0
4702,739835154.0,1486368526.0,9032.163018,925339648.0,209186816.0,74.497,3580353.0,31.0
4707,739835154.0,1486368526.0,9045.58793,929927168.0,209186816.0,73.523,3581420.0,31.0
4712,739835154.0,1486368526.0,9052.334339,929734656.0,209186816.0,74.01,3581452.0,31.0
4717,752928682.0,1499552748.0,9061.698035,967319552.0,209186816.0,73.523,3622238.0,31.0
4722,752928724.0,1499552790.0,9074.967733,967696384.0,209186816.0,74.497,3622297.0,31.0
4728,752928724.0,1499552790.0,9085.728598,967733248.0,209186816.0,74.497,3622338.0,31.0
4733,752928724.0,1499552790.0,9096.946111,967573504.0,209186816.0,74.984,3622343.0,31.0
4738,752929025.0,1499552965.0,9104.990529,902598656.0,209186816.0,71.575,3622380.0,31.0
4743,752929025.0,1499552965.0,9105.029221,902340608.0,209186816.0,70.601,3622380.0,31.0
4748,752929025.0,1499552965.0,9105.052642,902340608.0,209186816.0,70.114,3622380.0,31.0
4753,753055748.0,1512714139.0,9110.290861,1004220416.0,209186816.0,71.575,3647171.0,31.0
4758,753055790.0,1512714181.0,9133.034307,1004228608.0,209186816.0,73.036,3647173.0,31.0
4763,753055790.0,1512714181.0,9146.409951,1004261376.0,209186816.0,72.549,3647181.0,31.0
4768,753055790.0,1512714181.0,9158.594359,1004269568.0,209186816.0,73.523,3647183.0,31.0
4773,753055790.0,1512714181.0,9170.234698,1004290048.0,209186816.0,73.036,3647187.0,31.0
4778,753055790.0,1512714181.0,9180.168066,1004298240.0,209186816.0,73.523,3647189.0,31.0
4784,753055790.0,1512714181.0,9192.034942,1004310528.0,209186816.0,73.523,3647192.0,31.0
4789,753055790.0,1512714181.0,9204.692525,1004478464.0,209186816.0,73.523,3647259.0,31.0
4794,766042989.0,1512731344.0,9213.361212,906227712.0,209186816.0,71.575,3657719.0,31.0
4799,766171800.0,1525890063.0,9214.40801,971411456.0,209186816.0,72.549,3673515.0,31.0
4804,766171800.0,1525890063.0,9227.574304,971300864.0,209186816.0,74.01,3673541.0,31.0
4809,766171800.0,1525890063.0,9240.678391,971436032.0,209186816.0,73.523,3673587.0,31.0
4814,766171800.0,1525890063.0,9252.125722,971460608.0,209186816.0,75.471,3673593.0,31.0
4819,766172101.0,1525890238.0,9262.586929,906268672.0,209186816.0,72.549,3673640.0,31.0
4824,766172101.0,1525890238.0,9262.61451,906264576.0,209186816.0,70.114,3673640.0,31.0
4829,766274734.0,1539029566.0,9266.480705,1007329280.0,209186816.0,72.549,3698168.0,31.0
4834,766274734.0,1539029566.0,9281.685735,1007087616.0,209186816.0,73.036,3698171.0,31.0
4840,766274734.0,1539029566.0,9292.381653,1007091712.0,209186816.0,73.523,3698172.0,31.0
4845,766274734.0,1539029566.0,9305.828772,1007108096.0,209186816.0,72.062,3698176.0,31.0
4850,766274734.0,1539029566.0,9316.566486,1007378432.0,209186816.0,73.036,3698179.0,31.0
4855,766274734.0,1539029566.0,9329.133861,1007128576.0,209186816.0,74.01,3698181.0,31.0
4860,766274734.0,1539029566.0,9339.35646,1007149056.0,209186816.0,73.523,3698186.0,31.0
4865,766274734.0,1539029566.0,9352.332841,1007157248.0,209186816.0,73.523,3698188.0,31.0
4870,766274734.0,1539029566.0,9362.774276,1007316992.0,209186816.0,74.497,3698253.0,31.0
4875,779392352.0,1552211544.0,9373.893289,977043456.0,209186816.0,74.497,3725247.0,31.0
4880,779392394.0,1552211586.0,9385.757772,977141760.0,209186816.0,74.01,3725271.0,31.0
4885,779392394.0,1552211586.0,9395.552542,977608704.0,209186816.0,75.471,3725329.0,31.0
4890,779392394.0,1552211586.0,9407.985939,977342464.0,209186816.0,75.471,3725333.0,31.0
4895,779392695.0,1552211761.0,9419.710359,912125952.0,209186816.0,73.523,3725373.0,31.0
4901,779392695.0,1552211761.0,9419.728809,912125952.0,209186816.0,70.601,3725373.0,31.0
4906,779392695.0,1552211761.0,9419.750773,912125952.0,209186816.0,70.601,3725373.0,31.0
4911,779464770.0,1565292811.0,9421.563911,1013395456.0,209186816.0,72.549,3749904.0,31.0
4916,779464812.0,1565292853.0,9432.552164,1012948992.0,209186816.0,72.549,3749908.0,31.0
4921,779464812.0,1565292853.0,9443.252514,1012957184.0,209186816.0,72.062,3749909.0,31.0
4926,779464812.0,1565292853.0,9457.98823,1013231616.0,209186816.0,72.062,3749913.0,31.0
4931,779464812.0,1565292853.0,9468.331461,1012981760.0,209186816.0,73.523,3749915.0,31.0
4936,779464812.0,1565292853.0,9478.233169,1013248000.0,209186816.0,74.01,3749917.0,31.0
4941,779464812.0,1565292853.0,9493.693533,1013002240.0,209186816.0,73.523,3749920.0,31.0
4946,779464812.0,1565292923.0,9502.272206,1013268480.0,209186816.0,72.549,3749922.0,31.0
4951,779464812.0,1565292923.0,9515.221141,1013096448.0,209186816.0,74.01,3749955.0,31.0
4956,779464812.0,1565292923.0,9523.049792,1013178368.0,209186816.0,73.036,3749988.0,31.0
4961,792452143.0,1565310350.0,9527.963148,917811200.0,209186816.0,71.575,3761343.0,31.0
4967,792578710.0,1578469135.0,9539.56872,982147072.0,209186816.0,73.523,3776983.0,31.0
4972,792578710.0,1578469135.0,9552.166634,982265856.0,209186816.0,73.523,3777012.0,31.0
4977,792578710.0,1578469135.0,9560.701898,982315008.0,209186816.0,74.01,3777037.0,31.0
