Time_stamp(s),Net_transmit(B),Net_receive(B),CPU_time(s),RAM_usage(B),Swap_free(B),,4,3977457664,104853504
0,3165.0,7181.0,8.027099,199589888.0,104853504.0
5,3207.0,7223.0,8.043991,199356416.0,104853504.0
10,97195.0,13179725.0,13.574001,382951424.0,104853504.0
15,97195.0,13179725.0,17.629023,399949824.0,104853504.0
20,97195.0,13179795.0,23.581202,430866432.0,104853504.0
25,97195.0,13179795.0,29.361406,443592704.0,104853504.0
30,97195.0,13179795.0,33.126906,493957120.0,104853504.0
35,97195.0,13179795.0,38.278014,495898624.0,104853504.0
40,97195.0,13179795.0,43.221717,507490304.0,104853504.0
45,97195.0,13179795.0,48.956151,621830144.0,104853504.0
50,97195.0,13179865.0,57.332283,738807808.0,104853504.0
55,97195.0,13179865.0,66.960061,769826816.0,104853504.0
60,97195.0,13179865.0,66.960061,769826816.0,104853504.0
66,97195.0,13179865.0,79.724592,777465856.0,104853504.0
71,97195.0,13179865.0,106.489088,790081536.0,104853504.0
76,97195.0,13179865.0,106.489088,790081536.0,104853504.0
81,97195.0,13179865.0,117.852527,798162944.0,104853504.0
86,97195.0,13179865.0,131.174467,800169984.0,104853504.0
91,97195.0,13179865.0,143.29891,811474944.0,104853504.0
96,97195.0,13179865.0,155.38379,780713984.0,104853504.0
101,97195.0,13179865.0,179.00252,777490432.0,104853504.0
106,97195.0,13179865.0,179.00252,777490432.0,104853504.0
111,97195.0,13179865.0,193.380485,789069824.0,104853504.0
116,97195.0,13179935.0,216.523546,806297600.0,104853504.0
121,97195.0,13179935.0,216.523546,806297600.0,104853504.0
126,13085270.0,13196770.0,234.473629,746536960.0,104853504.0
131,13171642.0,26313150.0,236.650936,638144512.0,104853504.0
137,13171642.0,26313150.0,236.650936,638144512.0,104853504.0
142,13171642.0,26313150.0,260.90131,701034496.0,104853504.0
147,13171642.0,26313150.0,272.166318,701222912.0,104853504.0
152,13240664.0,39471437.0,277.379614,670199808.0,104853504.0
157,13240664.0,39471437.0,281.865245,567230464.0,104853504.0
162,13240664.0,39471437.0,281.865245,567230464.0,104853504.0
167,13240664.0,39471437.0,292.452552,583708672.0,104853504.0
172,13240664.0,39471437.0,297.607038,642879488.0,104853504.0
177,13240664.0,39471437.0,302.885258,627953664.0,104853504.0
182,13240664.0,39471437.0,307.867226,636571648.0,104853504.0
187,13240664.0,39471437.0,312.337745,729866240.0,104853504.0
192,13240664.0,39471437.0,312.337745,729866240.0,104853504.0
197,13240664.0,39471437.0,330.402297,825344000.0,104853504.0
203,13240664.0,39471437.0,330.402297,825344000.0,104853504.0
208,13240664.0,39471437.0,344.362398,840396800.0,104853504.0
213,13240664.0,39471437.0,370.174056,843235328.0,104853504.0
218,13240664.0,39471437.0,370.174056,843235328.0,104853504.0
223,13240664.0,39471437.0,381.717588,843247616.0,104853504.0
228,13240664.0,39471437.0,391.972149,843251712.0,104853504.0
233,13240664.0,39471507.0,408.443563,844464128.0,104853504.0
238,13240664.0,39471507.0,408.443563,844464128.0,104853504.0
243,13240664.0,39471507.0,420.846977,845750272.0,104853504.0
248,13240664.0,39471507.0,443.886115,834568192.0,104853504.0
253,13240664.0,39471507.0,443.886115,834568192.0,104853504.0
258,13240664.0,39471507.0,457.886303,834957312.0,104853504.0
263,13240664.0,39471507.0,469.85667,835887104.0,104853504.0
269,13240664.0,39471507.0,492.886247,843649024.0,104853504.0
274,26227764.0,39487374.0,498.886578,758558720.0,104853504.0
279,26317345.0,51805864.0,499.094465,769097728.0,104853504.0
284,26317345.0,51805864.0,499.094465,769097728.0,104853504.0
289,26323483.0,52634187.0,523.998209,829259776.0,104853504.0
294,26471137.0,65827850.0,534.169726,773910528.0,104853504.0
299,26471137.0,65827850.0,539.173714,739672064.0,104853504.0
304,26471137.0,65827850.0,544.292457,549380096.0,104853504.0
309,26471137.0,65827850.0,549.600519,552837120.0,104853504.0
314,26471137.0,65827850.0,554.410254,558505984.0,104853504.0
319,26471137.0,65827850.0,559.599649,590974976.0,104853504.0
324,26471137.0,65827850.0,564.12579,598728704.0,104853504.0
329,26471137.0,65827850.0,569.827999,606826496.0,104853504.0
334,26471137.0,65827850.0,574.621079,708149248.0,104853504.0
340,26471137.0,65827850.0,574.621079,708149248.0,104853504.0
345,26471137.0,65827850.0,579.23907,766324736.0,104853504.0
350,26471137.0,65827850.0,606.33326,845545472.0,104853504.0
355,26471137.0,65827850.0,606.33326,845545472.0,104853504.0
360,26471137.0,65827850.0,617.115682,852107264.0,104853504.0
365,26471137.0,65827850.0,641.018202,854355968.0,104853504.0
370,26471137.0,65827850.0,641.018202,854355968.0,104853504.0
375,26471137.0,65827850.0,669.395705,854802432.0,104853504.0
380,26471137.0,65827850.0,669.395705,854802432.0,104853504.0
385,26471137.0,65827850.0,680.582896,863027200.0,104853504.0
390,26471137.0,65827850.0,692.849587,853331968.0,104853504.0
395,26471137.0,65827850.0,717.048558,855576576.0,104853504.0
400,26471137.0,65827850.0,717.048558,855576576.0,104853504.0
406,26471137.0,65827850.0,728.322914,856907776.0,104853504.0
411,26471137.0,65827850.0,752.567918,870072320.0,104853504.0
416,26471137.0,65827850.0,752.567918,870072320.0,104853504.0
421,39458532.0,65843759.0,759.143078,773156864.0,104853504.0
426,39458532.0,65843759.0,759.143078,773156864.0,104853504.0
431,39554425.0,79020274.0,775.515975,845488128.0,104853504.0
436,39554425.0,79020274.0,775.515975,845488128.0,104853504.0
441,39696139.0,92216907.0,797.645307,916262912.0,104853504.0
446,39696139.0,92216907.0,801.58596,744800256.0,104853504.0
451,39696139.0,92216907.0,807.498904,579039232.0,104853504.0
456,39696139.0,92216977.0,812.646944,580288512.0,104853504.0
461,39696139.0,92216977.0,822.309281,612847616.0,104853504.0
466,39696139.0,92216977.0,826.39377,618409984.0,104853504.0
471,39696139.0,92216977.0,832.842742,717561856.0,104853504.0
477,39696139.0,92216977.0,832.842742,717561856.0,104853504.0
482,39696139.0,92216977.0,836.404669,736702464.0,104853504.0
487,39696139.0,92216977.0,846.612253,849600512.0,104853504.0
492,39696139.0,92216977.0,872.534182,865759232.0,104853504.0
497,39696139.0,92216977.0,872.534182,865759232.0,104853504.0
502,39696139.0,92216977.0,883.103364,866918400.0,104853504.0
507,39696139.0,92216977.0,895.804285,866934784.0,104853504.0
512,39696139.0,92216977.0,921.684499,871297024.0,104853504.0
517,39696139.0,92216977.0,929.206316,871448576.0,104853504.0
522,39696139.0,92216977.0,929.206316,871448576.0,104853504.0
527,39696139.0,92216977.0,948.955199,871673856.0,104853504.0
532,39696139.0,92216977.0,948.955199,871673856.0,104853504.0
537,39696139.0,92216977.0,959.038229,871686144.0,104853504.0
543,39696139.0,92216977.0,970.746912,871686144.0,104853504.0
548,39696139.0,92216977.0,997.65668,860790784.0,104853504.0
553,39696139.0,92216977.0,997.65668,860790784.0,104853504.0
558,52683402.0,92233084.0,1020.07269,781811712.0,104853504.0
563,52683486.0,92233168.0,1020.097845,781553664.0,104853504.0
568,52683486.0,92233168.0,1020.097845,781553664.0,104853504.0
573,52802791.0,105431709.0,1040.37381,871460864.0,104853504.0
578,52802791.0,105431709.0,1052.186271,871591936.0,104853504.0
583,52802791.0,105431709.0,1055.244204,837726208.0,104853504.0
588,52802791.0,105431709.0,1055.244204,837726208.0,104853504.0
593,52938607.0,118616042.0,1062.936432,762605568.0,104853504.0
598,52938607.0,118616042.0,1068.152694,784130048.0,104853504.0
603,52938607.0,118616042.0,1072.008531,741404672.0,104853504.0
608,52938607.0,118616042.0,1077.063865,609615872.0,104853504.0
614,52938607.0,118616042.0,1083.154579,632082432.0,104853504.0
619,52938607.0,118616042.0,1088.071301,636919808.0,104853504.0
624,52938607.0,118616042.0,1092.918531,702636032.0,104853504.0
629,52938607.0,118616042.0,1097.052306,748347392.0,104853504.0
634,52938607.0,118616042.0,1108.276685,838680576.0,104853504.0
639,52938607.0,118616042.0,1108.276685,838680576.0,104853504.0
644,52938607.0,118616042.0,1120.801899,859901952.0,104853504.0
649,52938607.0,118616042.0,1131.172676,864849920.0,104853504.0
654,52938607.0,118616042.0,1144.568001,872177664.0,104853504.0
659,52938607.0,118616042.0,1157.290384,858382336.0,104853504.0
664,52938607.0,118616042.0,1168.904791,871383040.0,104853504.0
669,52938607.0,118616042.0,1181.61998,871419904.0,104853504.0
675,52938607.0,118616042.0,1206.123539,874246144.0,104853504.0
680,52938607.0,118616042.0,1206.123539,874246144.0,104853504.0
685,52938607.0,118616042.0,1220.568904,874774528.0,104853504.0
690,52938607.0,118616042.0,1244.298251,885260288.0,104853504.0
695,52938607.0,118616042.0,1257.294849,885403648.0,104853504.0
700,52938607.0,118616042.0,1257.294849,885403648.0,104853504.0
705,52938607.0,118616042.0,1280.393613,885665792.0,104853504.0
710,52938607.0,118616042.0,1281.195127,885317632.0,104853504.0
715,65925936.0,118631951.0,1281.541552,787582976.0,104853504.0
720,65925936.0,118631951.0,1281.541552,787582976.0,104853504.0
725,66021523.0,131783542.0,1300.209753,877764608.0,104853504.0
730,66021523.0,131783542.0,1300.209753,877764608.0,104853504.0
735,66162511.0,144976611.0,1319.372433,755200000.0,104853504.0
740,66162511.0,144976611.0,1324.999403,593051648.0,104853504.0
746,66162511.0,144976611.0,1329.536607,593334272.0,104853504.0
751,66162511.0,144976611.0,1335.030424,597028864.0,104853504.0
756,66162511.0,144976611.0,1340.162191,619589632.0,104853504.0
761,66162511.0,144976611.0,1345.190694,634949632.0,104853504.0
766,66162511.0,144976611.0,1345.190694,634949632.0,104853504.0
771,66162511.0,144976611.0,1350.090834,642666496.0,104853504.0
776,66162511.0,144976611.0,1360.579619,759672832.0,104853504.0
781,66162511.0,144976611.0,1360.579619,759672832.0,104853504.0
786,66162511.0,144976611.0,1384.54182,876277760.0,104853504.0
791,66162511.0,144976611.0,1384.54182,876277760.0,104853504.0
796,66162511.0,144976611.0,1394.239527,877858816.0,104853504.0
801,66162511.0,144976611.0,1406.628721,878002176.0,104853504.0
806,66162511.0,144976611.0,1431.492103,878923776.0,104853504.0
811,66162511.0,144976611.0,1431.492103,885227520.0,104853504.0
816,66162511.0,144976611.0,1455.542088,885227520.0,104853504.0
822,66162511.0,144976611.0,1470.444745,885628928.0,104853504.0
827,66162511.0,144976611.0,1481.981915,889012224.0,104853504.0
832,66162511.0,144976611.0,1505.349663,889671680.0,104853504.0
837,66162511.0,144976611.0,1505.349663,889671680.0,104853504.0
842,66162511.0,144976611.0,1519.329168,890195968.0,104853504.0
847,66162511.0,144976611.0,1543.207761,889876480.0,104853504.0
852,66162511.0,144976611.0,1543.207761,889876480.0,104853504.0
857,79149858.0,144992736.0,1543.521232,791015424.0,104853504.0
862,79268371.0,158193587.0,1552.534363,862953472.0,104853504.0
867,79268371.0,158193587.0,1552.534363,862953472.0,104853504.0
872,79268371.0,158193587.0,1576.34702,863064064.0,104853504.0
877,79413385.0,171390022.0,1583.41831,756219904.0,104853504.0
883,79413385.0,171390022.0,1583.41831,756219904.0,104853504.0
888,79413385.0,171390022.0,1592.221845,637419520.0,104853504.0
893,79413385.0,171390022.0,1597.795177,638599168.0,104853504.0
898,79413385.0,171390022.0,1603.493587,665747456.0,104853504.0
903,79413385.0,171390022.0,1607.385762,670896128.0,104853504.0
908,79413385.0,171390022.0,1613.101599,676167680.0,104853504.0
913,79413385.0,171390022.0,1617.883688,772243456.0,104853504.0
918,79413385.0,171390022.0,1622.334843,790675456.0,104853504.0
923,79413385.0,171390022.0,1622.334843,790675456.0,104853504.0
928,79413385.0,171390022.0,1635.307816,867790848.0,104853504.0
933,79413385.0,171390092.0,1659.523546,883458048.0,104853504.0
938,79413385.0,171390092.0,1673.530977,883601408.0,104853504.0
943,79413385.0,171390092.0,1673.530977,883601408.0,104853504.0
949,79413385.0,171390092.0,1684.008183,883732480.0,104853504.0
954,79413385.0,171390092.0,1709.134988,894033920.0,104853504.0
959,79413385.0,171390092.0,1709.134988,894033920.0,104853504.0
964,79413385.0,171390092.0,1733.575913,895430656.0,104853504.0
969,79413385.0,171390092.0,1733.575913,895430656.0,104853504.0
974,79413385.0,171390092.0,1744.500105,895438848.0,104853504.0
979,79413385.0,171390092.0,1755.947258,895537152.0,104853504.0
984,79413385.0,171390092.0,1783.249464,895901696.0,104853504.0
989,79413385.0,171390092.0,1783.249464,895901696.0,104853504.0
994,79413385.0,171390092.0,1805.468585,897564672.0,104853504.0
999,92400516.0,171405869.0,1805.821034,807223296.0,104853504.0
1004,92496739.0,182123955.0,1805.991216,818122752.0,104853504.0
1009,92496739.0,182123955.0,1805.991216,818122752.0,104853504.0
1015,92518255.0,184600534.0,1816.539209,896454656.0,104853504.0
1020,92518255.0,184600534.0,1839.119639,896995328.0,104853504.0
1025,92518488.0,184600709.0,1841.051568,866402304.0,104853504.0
1030,92652247.0,197793537.0,1844.482317,742363136.0,104853504.0
1035,92652247.0,197793537.0,1849.126005,751046656.0,104853504.0
1040,92652247.0,197793537.0,1849.126005,751046656.0,104853504.0
1045,92652247.0,197793537.0,1859.617888,573620224.0,104853504.0
1050,92652247.0,197793537.0,1864.22381,595533824.0,104853504.0
1055,92652247.0,197793537.0,1869.144442,597483520.0,104853504.0
1060,92652247.0,197793537.0,1874.698247,602456064.0,104853504.0
1065,92652247.0,197793537.0,1878.987857,667516928.0,104853504.0
1070,92652247.0,197793537.0,1878.987857,667516928.0,104853504.0
1076,92652247.0,197793537.0,1897.448728,837095424.0,104853504.0
1081,92652247.0,197793537.0,1897.448728,837095424.0,104853504.0
1086,92652247.0,197793537.0,1906.88692,854929408.0,104853504.0
1091,92652247.0,197793537.0,1921.990751,860311552.0,104853504.0
1096,92652247.0,197793537.0,1931.665833,861257728.0,104853504.0
1101,92652247.0,197793537.0,1956.419762,878964736.0,104853504.0
1106,92652247.0,197793537.0,1956.419762,878964736.0,104853504.0
1111,92652247.0,197793537.0,1970.229061,878977024.0,104853504.0
1116,92652247.0,197793537.0,1982.353385,850776064.0,104853504.0
1121,92652247.0,197793537.0,1994.113741,869838848.0,104853504.0
1126,92652247.0,197793537.0,2019.316773,872996864.0,104853504.0
1131,92652247.0,197793537.0,2019.316773,872996864.0,104853504.0
1136,92652247.0,197793537.0,2044.099151,859762688.0,104853504.0
1141,92652247.0,197793537.0,2066.753534,885108736.0,104853504.0
1147,105639444.0,197809446.0,2067.16389,821211136.0,104853504.0
1152,105639528.0,197809530.0,2067.184597,821211136.0,104853504.0
1157,105639528.0,197809530.0,2067.184597,821211136.0,104853504.0
1162,105732895.0,210955799.0,2086.013104,910626816.0,104853504.0
1167,105732895.0,210955799.0,2086.013104,910626816.0,104853504.0
1172,105732895.0,210955799.0,2102.346871,910540800.0,104853504.0
1177,105808543.0,224039374.0,2103.887684,680902656.0,104853504.0
1182,105808627.0,224039458.0,2110.208461,611246080.0,104853504.0
1187,105808627.0,224039458.0,2113.334587,611319808.0,104853504.0
1192,105808627.0,224039458.0,2119.042143,613875712.0,104853504.0
1197,105808627.0,224039458.0,2124.153269,617721856.0,104853504.0
1202,105808627.0,224039458.0,2130.132323,649310208.0,104853504.0
1207,105808627.0,224039458.0,2134.293282,655425536.0,104853504.0
1212,105808627.0,224039458.0,2140.193232,725950464.0,104853504.0
1218,105808627.0,224039458.0,2144.436622,777420800.0,104853504.0
1223,105808627.0,224039458.0,2144.436622,777420800.0,104853504.0
1228,105808627.0,224039458.0,2153.212668,844652544.0,104853504.0
1233,105808627.0,224039458.0,2165.962505,866799616.0,104853504.0
1238,105808627.0,224039458.0,2179.812334,882016256.0,104853504.0
1243,105808627.0,224039458.0,2204.371757,895549440.0,104853504.0
1248,105808627.0,224039458.0,2204.371757,895549440.0,104853504.0
1253,105808627.0,224039458.0,2217.722437,895668224.0,104853504.0
1258,105808627.0,224039458.0,2229.615354,895668224.0,104853504.0
1263,105808627.0,224039458.0,2241.963824,896360448.0,104853504.0
1268,105808627.0,224039458.0,2254.632138,896626688.0,104853504.0
1273,105808627.0,224039458.0,2278.933114,896909312.0,104853504.0
1278,105808627.0,224039458.0,2278.933114,896909312.0,104853504.0
1284,105808627.0,224039458.0,2291.156336,900952064.0,104853504.0
1289,105808627.0,224039458.0,2314.788268,901083136.0,104853504.0
1294,105808627.0,224039458.0,2327.751395,901083136.0,104853504.0
1299,118795824.0,224055433.0,2329.536273,820908032.0,104853504.0
1304,118795908.0,224055517.0,2329.550544,820908032.0,104853504.0
1309,118795908.0,224055517.0,2329.550544,820908032.0,104853504.0
1314,118912837.0,237253464.0,2336.113472,896327680.0,104853504.0
1319,118912837.0,237253464.0,2350.241315,896327680.0,104853504.0
1324,119053429.0,250445411.0,2368.303928,757100544.0,104853504.0
1329,119053429.0,250445411.0,2373.762184,768892928.0,104853504.0
1334,119053429.0,250445411.0,2373.762184,768892928.0,104853504.0
1339,119053429.0,250445411.0,2382.839813,588443648.0,104853504.0
1345,119053429.0,250445411.0,2382.839813,588443648.0,104853504.0
1350,119053429.0,250445411.0,2393.683984,619102208.0,104853504.0
1355,119053429.0,250445411.0,2398.434117,623124480.0,104853504.0
1360,119053429.0,250445411.0,2398.434117,623124480.0,104853504.0
1365,119053429.0,250445411.0,2403.612519,717709312.0,104853504.0
1370,119053429.0,250445411.0,2419.298657,864137216.0,104853504.0
1375,119053429.0,250445411.0,2419.298657,864137216.0,104853504.0
1380,119053429.0,250445411.0,2433.662325,882749440.0,104853504.0
1385,119053429.0,250445411.0,2444.817978,882745344.0,104853504.0
1390,119053429.0,250445411.0,2456.639259,882749440.0,104853504.0
1395,119053429.0,250445411.0,2467.412581,882884608.0,104853504.0
1400,119053429.0,250445411.0,2482.365856,883949568.0,104853504.0
1405,119053429.0,250445411.0,2495.539144,887619584.0,104853504.0
1411,119053429.0,250445411.0,2505.104321,887455744.0,104853504.0
1416,119053429.0,250445411.0,2531.160469,895926272.0,104853504.0
1421,119053429.0,250445411.0,2531.160469,895926272.0,104853504.0
1426,119053429.0,250445411.0,2544.708907,895938560.0,104853504.0
1431,119053429.0,250445411.0,2555.974185,896200704.0,104853504.0
1436,119053429.0,250445411.0,2579.679538,902729728.0,104853504.0
1441,119053429.0,250445411.0,2590.676722,902832128.0,104853504.0
1446,132040758.0,250461584.0,2591.051375,825909248.0,104853504.0
1451,132040758.0,250461584.0,2591.051375,825909248.0,104853504.0
1456,132145783.0,263646637.0,2603.082929,899686400.0,104853504.0
1461,132145783.0,263646637.0,2625.409407,899829760.0,104853504.0
1466,132145783.0,263646637.0,2626.281586,899735552.0,104853504.0
1471,132228031.0,276740442.0,2629.518777,784375808.0,104853504.0
1477,132228031.0,276740442.0,2634.826538,794112000.0,104853504.0
1482,132228031.0,276740442.0,2640.046136,810909696.0,104853504.0
1487,132228031.0,276740442.0,2644.968166,649740288.0,104853504.0
1492,132228031.0,276740442.0,2650.261059,642093056.0,104853504.0
1497,132228031.0,276740442.0,2655.592847,623030272.0,104853504.0
1502,132228031.0,276740442.0,2660.681683,627376128.0,104853504.0
1507,132228031.0,276740442.0,2665.327985,713347072.0,104853504.0
1512,132228031.0,276740442.0,2665.327985,713347072.0,104853504.0
1517,132228031.0,276740442.0,2681.951967,847933440.0,104853504.0
1522,132228031.0,276740442.0,2681.951967,847933440.0,104853504.0
1527,132228031.0,276740442.0,2695.425901,861995008.0,104853504.0
1532,132228031.0,276740442.0,2719.795573,884424704.0,104853504.0
1537,132228031.0,276740442.0,2731.775492,884441088.0,104853504.0
1542,132228031.0,276740442.0,2731.775492,884441088.0,104853504.0
1547,132228031.0,276740442.0,2744.96617,884715520.0,104853504.0
1553,132228031.0,276740442.0,2755.67311,884748288.0,104853504.0
1558,132228031.0,276740442.0,2767.010834,887943168.0,104853504.0
1563,132228031.0,276740442.0,2792.797723,869318656.0,104853504.0
1568,132228031.0,276740442.0,2792.797723,869318656.0,104853504.0
1573,132228031.0,276740442.0,2805.215679,884129792.0,104853504.0
1578,132228031.0,276740442.0,2817.433424,884137984.0,104853504.0
1583,132228031.0,276740442.0,2842.715535,888324096.0,104853504.0
1588,145215228.0,276756285.0,2852.587065,816680960.0,104853504.0
1593,145215270.0,276756327.0,2852.625959,816381952.0,104853504.0
1598,145215270.0,276756327.0,2852.625959,816381952.0,104853504.0
1603,145215270.0,276756327.0,2852.642507,816381952.0,104853504.0
1608,145330813.0,289955330.0,2878.00471,888995840.0,104853504.0
1613,145465135.0,303139753.0,2888.654015,856371200.0,104853504.0
1619,145465135.0,303139753.0,2892.30817,770437120.0,104853504.0
1624,145465135.0,303139753.0,2898.126766,622661632.0,104853504.0
1629,145465135.0,303139753.0,2902.883978,623996928.0,104853504.0
1634,145465135.0,303139753.0,2908.074045,626749440.0,104853504.0
1639,145465135.0,303139753.0,2912.155247,685105152.0,104853504.0
1644,145465135.0,303139753.0,2917.212075,661749760.0,104853504.0
1649,145465135.0,303139753.0,2923.422782,669614080.0,104853504.0
1654,145465135.0,303139753.0,2923.422782,669614080.0,104853504.0
1659,145465135.0,303139753.0,2927.987952,769466368.0,104853504.0
1664,145465135.0,303139753.0,2935.020589,837406720.0,104853504.0
1669,145465135.0,303139753.0,2945.049593,867491840.0,104853504.0
1674,145465135.0,303139753.0,2970.606082,879333376.0,104853504.0
1679,145465135.0,303139753.0,2970.606082,879333376.0,104853504.0
1685,145465135.0,303139753.0,2983.992433,887713792.0,104853504.0
1690,145465135.0,303139753.0,3008.084579,897658880.0,104853504.0
1695,145465135.0,303139753.0,3008.084579,897658880.0,104853504.0
1700,145465135.0,303139753.0,3034.557719,898502656.0,104853504.0
1705,145465135.0,303139753.0,3034.557719,898502656.0,104853504.0
1710,145465135.0,303139753.0,3044.768079,898641920.0,104853504.0
1715,145465135.0,303139753.0,3067.527043,901140480.0,104853504.0
1720,145465135.0,303139753.0,3081.275327,904138752.0,104853504.0
1725,145465135.0,303139753.0,3081.275327,904138752.0,104853504.0
1730,145465135.0,303139753.0,3093.753065,904265728.0,104853504.0
1735,158452398.0,303155860.0,3113.154088,831086592.0,104853504.0
1740,158452440.0,303155902.0,3113.170702,831086592.0,104853504.0
1746,158452440.0,303155902.0,3113.170702,831086592.0,104853504.0
1751,158557093.0,316338735.0,3116.440714,920301568.0,104853504.0
1756,158557093.0,316338735.0,3129.400277,920821760.0,104853504.0
1761,158557326.0,316338910.0,3148.250862,839770112.0,104853504.0
1766,158693065.0,329522234.0,3149.082033,868487168.0,104853504.0
1771,158693107.0,329522276.0,3154.042683,773726208.0,104853504.0
1776,158693107.0,329522276.0,3159.67903,653324288.0,104853504.0
1781,158693107.0,329522276.0,3163.987326,654073856.0,104853504.0
1786,158693107.0,329522276.0,3169.740809,655462400.0,104853504.0
1791,158693107.0,329522276.0,3173.88452,682139648.0,104853504.0
1796,158693107.0,329522276.0,3179.473371,686882816.0,104853504.0
1801,158693107.0,329522276.0,3184.151354,691310592.0,104853504.0
1806,158693107.0,329522276.0,3189.815754,805400576.0,104853504.0
1811,158693107.0,329522276.0,3196.333553,865644544.0,104853504.0
1817,158693107.0,329522276.0,3222.771298,885317632.0,104853504.0
1822,158693107.0,329522276.0,3222.771298,885317632.0,104853504.0
1827,158693107.0,329522276.0,3234.029776,901832704.0,104853504.0
1832,158693107.0,329522276.0,3258.833982,907829248.0,104853504.0
1837,158693107.0,329522276.0,3258.833982,907829248.0,104853504.0
1842,158693107.0,329522276.0,3283.936722,912338944.0,104853504.0
1847,158693107.0,329522276.0,3283.936722,912338944.0,104853504.0
1852,158693107.0,329522276.0,3294.403166,912338944.0,104853504.0
1857,158693107.0,329522276.0,3304.670548,912351232.0,104853504.0
1862,158693107.0,329522346.0,3331.32126,912355328.0,104853504.0
1867,158693107.0,329522346.0,3331.32126,912355328.0,104853504.0
1872,158693107.0,329522346.0,3345.475804,912359424.0,104853504.0
1878,158693107.0,329522346.0,3368.876936,912359424.0,104853504.0
1883,171680436.0,329538585.0,3374.590085,856514560.0,104853504.0
1888,171680520.0,329538669.0,3374.612965,856514560.0,104853504.0
1893,171680520.0,329538669.0,3374.612965,856514560.0,104853504.0
1898,171790123.0,342729158.0,3375.873852,937111552.0,104853504.0
1903,171790123.0,342729158.0,3389.53267,937029632.0,104853504.0
1908,171930847.0,355915561.0,3410.789204,904916992.0,104853504.0
1913,171930847.0,355915561.0,3416.067836,786853888.0,104853504.0
1918,171930847.0,355915561.0,3420.623781,799580160.0,104853504.0
1923,171930847.0,355915561.0,3425.293378,593629184.0,104853504.0
1928,171930847.0,355915561.0,3431.826095,594894848.0,104853504.0
1933,171930847.0,355915561.0,3436.630615,617492480.0,104853504.0
1938,171930847.0,355915561.0,3441.270111,620945408.0,104853504.0
1944,171930847.0,355915561.0,3441.270111,620945408.0,104853504.0
1949,171930847.0,355915561.0,3445.161777,624496640.0,104853504.0
1954,171930847.0,355915561.0,3459.2439,827887616.0,104853504.0
1959,171930847.0,355915561.0,3459.2439,827887616.0,104853504.0
1964,171930847.0,355915561.0,3471.255821,875020288.0,104853504.0
1969,171930847.0,355915561.0,3484.277271,893079552.0,104853504.0
1974,171930847.0,355915561.0,3495.797801,894140416.0,104853504.0
1979,171930847.0,355915561.0,3507.296558,900943872.0,104853504.0
1984,171930847.0,355915561.0,3522.71137,901218304.0,104853504.0
1989,171930847.0,355915561.0,3545.040904,908894208.0,104853504.0
1994,171930847.0,355915561.0,3545.040904,908894208.0,104853504.0
1999,171930847.0,355915561.0,3548.569013,908804096.0,104853504.0
2004,171930847.0,355915561.0,3561.27289,908808192.0,104853504.0
2009,171930847.0,355915561.0,3584.07961,912502784.0,104853504.0
2015,171930847.0,355915561.0,3584.07961,912502784.0,104853504.0
2020,171930847.0,355915561.0,3598.187841,912633856.0,104853504.0
2025,171930847.0,355915561.0,3620.692486,912773120.0,104853504.0
2030,171930847.0,355915561.0,3634.150729,912773120.0,104853504.0
2035,184917978.0,355931404.0,3635.813944,838705152.0,104853504.0
2040,185036971.0,369131019.0,3636.949752,931901440.0,104853504.0
2045,185036971.0,369131019.0,3636.949752,931901440.0,104853504.0
2050,185036971.0,369131019.0,3648.689943,932192256.0,104853504.0
2055,185036971.0,369131019.0,3662.953983,932327424.0,104853504.0
2060,185037204.0,369131194.0,3671.032404,901890048.0,104853504.0
2065,185172217.0,382307324.0,3675.619216,697032704.0,104853504.0
2070,185172217.0,382307324.0,3681.344732,651771904.0,104853504.0
2076,185172217.0,382307324.0,3686.442543,655912960.0,104853504.0
2081,185172217.0,382307324.0,3690.819675,659738624.0,104853504.0
2086,185172217.0,382307324.0,3696.679668,714469376.0,104853504.0
2091,185172217.0,382307324.0,3701.356543,698425344.0,104853504.0
2096,185172217.0,382307324.0,3705.582627,704786432.0,104853504.0
2101,185172217.0,382307324.0,3711.651094,809361408.0,104853504.0
2106,185172217.0,382307324.0,3716.825241,840769536.0,104853504.0
2111,185172217.0,382307324.0,3716.825241,840769536.0,104853504.0
2116,185172217.0,382307324.0,3730.240463,893784064.0,104853504.0
2121,185172217.0,382307324.0,3741.640845,893800448.0,104853504.0
2126,185172217.0,382307324.0,3766.976729,896974848.0,104853504.0
2131,185172217.0,382307324.0,3766.976729,896974848.0,104853504.0
2136,185172217.0,382307324.0,3791.707878,897011712.0,104853504.0
2141,185172217.0,382307324.0,3803.681713,889016320.0,104853504.0
2147,185172217.0,382307324.0,3827.70073,898199552.0,104853504.0
2152,185172217.0,382307324.0,3842.037697,903716864.0,104853504.0
2157,185172217.0,382307324.0,3842.037697,903716864.0,104853504.0
2162,185172217.0,382307324.0,3854.378192,903979008.0,104853504.0
2167,185172217.0,382307324.0,3877.696164,906878976.0,104853504.0
2172,185172217.0,382307324.0,3877.696164,906878976.0,104853504.0
2177,185172217.0,382307324.0,3897.097201,906862592.0,104853504.0
2182,198159546.0,382323563.0,3897.481406,831709184.0,104853504.0
2187,198159546.0,382323563.0,3897.481406,831709184.0,104853504.0
2192,198246553.0,395464726.0,3899.284169,925106176.0,104853504.0
2197,198246553.0,395464726.0,3908.322642,925167616.0,104853504.0
2202,198246553.0,395464726.0,3932.871779,891703296.0,104853504.0
2208,198246961.0,395508737.0,3932.915901,861790208.0,104853504.0
2213,198329329.0,408572523.0,3936.626718,769970176.0,104853504.0
2218,198329329.0,408572523.0,3941.923656,594132992.0,104853504.0
2223,198329329.0,408572523.0,3947.874597,595791872.0,104853504.0
2228,198329329.0,408572523.0,3951.992999,598274048.0,104853504.0
2233,198329329.0,408572523.0,3957.893411,627904512.0,104853504.0
2238,198329329.0,408572523.0,3962.611673,634109952.0,104853504.0
2243,198329329.0,408572523.0,3967.313948,640573440.0,104853504.0
2248,198329329.0,408572523.0,3967.313948,640573440.0,104853504.0
2253,198329329.0,408572523.0,3972.274362,738205696.0,104853504.0
2258,198329329.0,408572523.0,3977.010826,754675712.0,104853504.0
2263,198329329.0,408572523.0,4004.540254,879529984.0,104853504.0
2268,198329329.0,408572523.0,4004.540254,879529984.0,104853504.0
2273,198329329.0,408572523.0,4013.611838,892096512.0,104853504.0
2278,198329329.0,408572523.0,4028.786674,892223488.0,104853504.0
2284,198329329.0,408572523.0,4050.511648,902053888.0,104853504.0
2289,198329329.0,408572523.0,4050.511648,902053888.0,104853504.0
2294,198329329.0,408572523.0,4065.661167,884498432.0,104853504.0
2299,198329329.0,408572523.0,4078.169022,889999360.0,104853504.0
2304,198329329.0,408572523.0,4078.169022,889999360.0,104853504.0
2309,198329329.0,408572523.0,4089.781779,896561152.0,104853504.0
2314,198329329.0,408572523.0,4101.885281,896688128.0,104853504.0
2319,198329329.0,408572523.0,4127.125495,896692224.0,104853504.0
2324,198329329.0,408572523.0,4127.125495,896692224.0,104853504.0
2329,198329329.0,408572523.0,4142.121724,896954368.0,104853504.0
2334,211316658.0,408588564.0,4159.540352,816447488.0,104853504.0
2339,211316658.0,408588564.0,4159.540352,816447488.0,104853504.0
2344,211422781.0,421777553.0,4174.631447,905621504.0,104853504.0
2350,211422781.0,421777553.0,4185.627904,905752576.0,104853504.0
2355,211566805.0,434973460.0,4195.871221,848506880.0,104853504.0
2360,211566805.0,434973460.0,4195.871221,848506880.0,104853504.0
2365,211566805.0,434973460.0,4206.0963,652206080.0,104853504.0
2370,211566805.0,434973460.0,4211.910304,653209600.0,104853504.0
2375,211566805.0,434973460.0,4216.724039,654364672.0,104853504.0
2380,211566805.0,434973460.0,4220.986153,680091648.0,104853504.0
2385,211566805.0,434973460.0,4226.411027,684437504.0,104853504.0
2390,211566805.0,434973460.0,4231.004165,688582656.0,104853504.0
2395,211566805.0,434973460.0,4237.073371,796323840.0,104853504.0
2400,211566805.0,434973460.0,4246.153431,861286400.0,104853504.0
2405,211566805.0,434973460.0,4258.120154,875532288.0,104853504.0
2410,211566805.0,434973460.0,4258.120154,875532288.0,104853504.0
2415,211566805.0,434973460.0,4269.62533,884977664.0,104853504.0
2421,211566805.0,434973460.0,4292.439663,893067264.0,104853504.0
2426,211566805.0,434973460.0,4292.439663,893067264.0,104853504.0
2431,211566805.0,434973460.0,4307.422611,877338624.0,104853504.0
2436,211566805.0,434973460.0,4318.50237,900386816.0,104853504.0
2441,211566805.0,434973460.0,4331.864936,904310784.0,104853504.0
2446,211566805.0,434973460.0,4353.891498,904278016.0,104853504.0
2451,211566805.0,434973460.0,4353.891498,904278016.0,104853504.0
2456,211566805.0,434973460.0,4366.80017,904278016.0,104853504.0
2461,211566805.0,434973460.0,4381.421168,904278016.0,104853504.0
2466,211566805.0,434973460.0,4403.434489,904413184.0,104853504.0
2471,211566805.0,434973460.0,4420.541081,904323072.0,104853504.0
2477,224554068.0,434989369.0,4420.998476,832700416.0,104853504.0
2482,224554068.0,434989369.0,4420.998476,832700416.0,104853504.0
2487,224644969.0,448132116.0,4424.434616,905031680.0,104853504.0
2492,224644969.0,448132116.0,4451.560005,905555968.0,104853504.0
2497,224787211.0,461326901.0,4458.670287,803270656.0,104853504.0
2502,224787211.0,461326901.0,4464.424284,792924160.0,104853504.0
2507,224787211.0,461326901.0,4468.676096,805507072.0,104853504.0
2512,224787211.0,461326901.0,4474.237523,636698624.0,104853504.0
2517,224787211.0,461326901.0,4477.773159,637190144.0,104853504.0
2522,224787211.0,461326901.0,4483.420631,659705856.0,104853504.0
2527,224787211.0,461326901.0,4489.665588,664633344.0,104853504.0
2532,224787211.0,461326901.0,4493.854064,723914752.0,104853504.0
2537,224787211.0,461326901.0,4499.55036,766382080.0,104853504.0
2542,224787211.0,461326901.0,4499.55036,766382080.0,104853504.0
2548,224787211.0,461326901.0,4507.58129,874983424.0,104853504.0
2553,224787211.0,461326901.0,4535.437348,894046208.0,104853504.0
2558,224787211.0,461326901.0,4535.437348,894046208.0,104853504.0
2563,224787211.0,461326901.0,4546.070939,894050304.0,104853504.0
2568,224787211.0,461326901.0,4557.607729,894590976.0,104853504.0
2573,224787211.0,461326901.0,4583.081834,894603264.0,104853504.0
2578,224787211.0,461326901.0,4591.175992,894676992.0,104853504.0
2583,224787211.0,461326901.0,4598.566243,894726144.0,104853504.0
2588,224787211.0,461326901.0,4609.051291,905707520.0,104853504.0
2593,224787211.0,461326901.0,4609.051291,905707520.0,104853504.0
2598,224787211.0,461326901.0,4623.208101,905711616.0,104853504.0
2603,224787211.0,461326901.0,4635.391863,905854976.0,104853504.0
2608,224787211.0,461326901.0,4658.847054,905871360.0,104853504.0
2613,224787211.0,461326901.0,4658.847054,905871360.0,104853504.0
2619,237774474.0,461343008.0,4682.532742,831594496.0,104853504.0
2624,237774474.0,461343008.0,4682.532742,831594496.0,104853504.0
2629,237784699.0,464645178.0,4682.629388,834772992.0,104853504.0
2634,237833869.0,474448573.0,4692.527376,929087488.0,104853504.0
2639,237833869.0,474448573.0,4717.508003,929234944.0,104853504.0
2644,237968323.0,487639596.0,4722.325882,634630144.0,104853504.0
2649,237968323.0,487639596.0,4728.213608,549060608.0,104853504.0
2654,237968323.0,487639596.0,4732.457915,550871040.0,104853504.0
2659,237968323.0,487639596.0,4732.457915,550871040.0,104853504.0
2664,237968323.0,487639596.0,4742.024753,606937088.0,104853504.0
2669,237968323.0,487639596.0,4747.258902,588939264.0,104853504.0
2674,237968323.0,487639596.0,4753.377967,596856832.0,104853504.0
2679,237968323.0,487639596.0,4757.386395,693850112.0,104853504.0
2685,237968323.0,487639596.0,4757.386395,693850112.0,104853504.0
2690,237968323.0,487639596.0,4762.593564,726818816.0,104853504.0
2695,237968323.0,487639596.0,4785.973838,869249024.0,104853504.0
2700,237968323.0,487639596.0,4785.973838,869249024.0,104853504.0
2705,237968323.0,487639596.0,4800.532269,872153088.0,104853504.0
2710,237968323.0,487639596.0,4826.922196,888000512.0,104853504.0
2715,237968323.0,487639596.0,4826.922196,888000512.0,104853504.0
2720,237968323.0,487639596.0,4838.341392,888393728.0,104853504.0
2725,237968323.0,487639596.0,4850.048964,888393728.0,104853504.0
2730,237968323.0,487639596.0,4860.511648,887861248.0,104853504.0
2735,237968323.0,487639596.0,4875.765885,888012800.0,104853504.0
2740,237968323.0,487639596.0,4898.476232,884486144.0,104853504.0
2745,237968323.0,487639596.0,4898.476232,884486144.0,104853504.0
2750,237968323.0,487639596.0,4911.519619,886321152.0,104853504.0
2755,237968323.0,487639596.0,4935.830023,886329344.0,104853504.0
2761,250955520.0,487655703.0,4944.155112,819429376.0,104853504.0
2766,250955604.0,487655787.0,4944.172281,819429376.0,104853504.0
2771,250955604.0,487655787.0,4944.172281,819429376.0,104853504.0
2776,251073589.0,500854988.0,4957.908741,908955648.0,104853504.0
2781,251073589.0,500854988.0,4957.908741,908955648.0,104853504.0
2786,251212003.0,514039939.0,4980.27622,851615744.0,104853504.0
2791,251212003.0,514039939.0,4985.125433,750338048.0,104853504.0
2796,251212003.0,514039939.0,4989.867823,616796160.0,104853504.0
2801,251212003.0,514039939.0,4996.15779,618442752.0,104853504.0
2806,251212003.0,514039939.0,4996.15779,618442752.0,104853504.0
2811,251212003.0,514039939.0,5010.191424,652488704.0,104853504.0
2816,251212003.0,514039939.0,5016.12576,697085952.0,104853504.0
2822,251212003.0,514039939.0,5021.390773,768389120.0,104853504.0
2827,251212003.0,514039939.0,5021.390773,768389120.0,104853504.0
2832,251212003.0,514039939.0,5030.543089,860672000.0,104853504.0
2837,251212003.0,514039939.0,5040.864063,874840064.0,104853504.0
2842,251212003.0,514039939.0,5068.007983,880066560.0,104853504.0
2847,251212003.0,514039939.0,5068.007983,880066560.0,104853504.0
2852,251212003.0,514039939.0,5079.78675,891797504.0,104853504.0
2857,251212003.0,514039939.0,5102.443334,893108224.0,104853504.0
2862,251212003.0,514039939.0,5102.443334,893108224.0,104853504.0
2867,251212003.0,514039939.0,5129.667448,897695744.0,104853504.0
2872,251212003.0,514039939.0,5129.667448,897695744.0,104853504.0
2877,251212003.0,514039939.0,5139.933612,897564672.0,104853504.0
2882,251212003.0,514039939.0,5164.476349,907108352.0,104853504.0
2888,251212003.0,514039939.0,5164.476349,907108352.0,104853504.0
2893,251212003.0,514039939.0,5178.693643,893153280.0,104853504.0
2898,251212003.0,514039939.0,5190.271255,893165568.0,104853504.0
2903,251212003.0,514039939.0,5204.973717,896274432.0,104853504.0
2908,264199464.0,514055980.0,5205.388059,819220480.0,104853504.0
2913,264258925.0,527144055.0,5205.65741,847241216.0,104853504.0
2918,264258925.0,527144055.0,5218.736732,909627392.0,104853504.0
2923,264258925.0,527144055.0,5218.736732,909627392.0,104853504.0
2928,264258925.0,527144055.0,5240.280612,909901824.0,104853504.0
2933,264259158.0,527144230.0,5240.893949,879349760.0,104853504.0
2938,264399055.0,540335210.0,5245.07659,774135808.0,104853504.0
2943,264399055.0,540335210.0,5249.524936,783618048.0,104853504.0
2949,264399055.0,540335210.0,5255.2818,615792640.0,104853504.0
2954,264399055.0,540335210.0,5260.223479,616718336.0,104853504.0
2959,264399055.0,540335210.0,5265.110143,663875584.0,104853504.0
2964,264399055.0,540335210.0,5269.380722,642646016.0,104853504.0
2969,264399055.0,540335210.0,5274.657146,645500928.0,104853504.0
2974,264399055.0,540335210.0,5279.266654,723619840.0,104853504.0
2979,264399055.0,540335210.0,5279.266654,723619840.0,104853504.0
2984,264399055.0,540335210.0,5295.378129,877846528.0,104853504.0
2989,264399055.0,540335210.0,5295.378129,877846528.0,104853504.0
2994,264399055.0,540335210.0,5309.781141,885809152.0,104853504.0
2999,264399055.0,540335210.0,5335.445256,889237504.0,104853504.0
3004,264399055.0,540335210.0,5335.445256,889237504.0,104853504.0
3009,264399055.0,540335210.0,5345.413861,889241600.0,104853504.0
3015,264399055.0,540335210.0,5360.076057,889556992.0,104853504.0
3020,264399055.0,540335210.0,5376.322802,889626624.0,104853504.0
3025,264399055.0,540335210.0,5376.322802,889626624.0,104853504.0
3030,264399055.0,540335210.0,5385.27074,897126400.0,104853504.0
3035,264399055.0,540335210.0,5411.437488,897400832.0,104853504.0
3040,264399055.0,540335210.0,5411.437488,897400832.0,104853504.0
3045,264399055.0,540335210.0,5421.310743,900784128.0,104853504.0
3050,264399055.0,540335210.0,5432.053047,900919296.0,104853504.0
3055,264399055.0,540335210.0,5458.054163,908750848.0,104853504.0
3060,277386384.0,540351449.0,5467.230063,833925120.0,104853504.0
3065,277386468.0,540351533.0,5467.245461,833925120.0,104853504.0
3070,277386468.0,540351533.0,5467.245461,833925120.0,104853504.0
3076,277495807.0,553548556.0,5489.582972,907444224.0,104853504.0
3081,277495807.0,553548556.0,5502.267293,907571200.0,104853504.0
3086,277495807.0,553548556.0,5502.787578,907472896.0,104853504.0
3091,277585843.0,566649291.0,5506.618026,804192256.0,104853504.0
3096,277585843.0,566649291.0,5510.135864,787476480.0,104853504.0
3101,277585843.0,566649291.0,5510.135864,787476480.0,104853504.0
3106,277585843.0,566649291.0,5515.692832,804155392.0,104853504.0
3111,277585843.0,566649291.0,5526.657346,668147712.0,104853504.0
3116,277585843.0,566649291.0,5530.998291,668680192.0,104853504.0
3121,277585843.0,566649291.0,5541.514862,749961216.0,104853504.0
3126,277585843.0,566649291.0,5546.979463,771981312.0,104853504.0
3131,277585843.0,566649291.0,5546.979463,771981312.0,104853504.0
3137,277585843.0,566649291.0,5569.504903,869412864.0,104853504.0
3142,277585843.0,566649291.0,5569.504903,869412864.0,104853504.0
3147,277585843.0,566649291.0,5580.28205,886427648.0,104853504.0
3152,277585843.0,566649291.0,5606.036152,886456320.0,104853504.0
3157,277585843.0,566649291.0,5606.036152,886456320.0,104853504.0
3162,277585843.0,566649291.0,5619.617821,888549376.0,104853504.0
3167,277585843.0,566649291.0,5638.04565,892796928.0,104853504.0
3172,277585843.0,566649291.0,5644.175808,892764160.0,104853504.0
3177,277585843.0,566649291.0,5644.175808,892764160.0,104853504.0
3182,277585843.0,566649291.0,5657.315569,892768256.0,104853504.0
3187,277585843.0,566649291.0,5682.161458,895893504.0,104853504.0
3192,277585843.0,566649291.0,5682.161458,895893504.0,104853504.0
3198,277585843.0,566649291.0,5693.835919,895643648.0,104853504.0
3203,277585843.0,566649291.0,5708.832807,898007040.0,104853504.0
3208,290572974.0,566665266.0,5729.294996,825901056.0,104853504.0
3213,290573016.0,566665308.0,5729.32689,825901056.0,104853504.0
3218,290573016.0,566665308.0,5729.32689,825901056.0,104853504.0
3223,290687899.0,579855929.0,5731.579929,915021824.0,104853504.0
3228,290687899.0,579855929.0,5756.222532,915021824.0,104853504.0
3233,290687899.0,579855929.0,5764.727622,881176576.0,104853504.0
3238,290834233.0,593049394.0,5765.595174,850083840.0,104853504.0
3243,290834233.0,593049394.0,5769.910491,773828608.0,104853504.0
3248,290834233.0,593049394.0,5775.435541,605483008.0,104853504.0
3253,290834233.0,593049394.0,5779.555153,606679040.0,104853504.0
3259,290834233.0,593049394.0,5779.555153,606679040.0,104853504.0
3264,290834233.0,593049394.0,5790.670447,656293888.0,104853504.0
3269,290834233.0,593049394.0,5794.316844,637800448.0,104853504.0
3274,290834233.0,593049394.0,5800.061164,644366336.0,104853504.0
3279,290834233.0,593049394.0,5800.061164,644366336.0,104853504.0
3284,290834233.0,593049394.0,5805.813187,746602496.0,104853504.0
3289,290834233.0,593049394.0,5812.327091,826355712.0,104853504.0
3294,290834233.0,593049394.0,5822.873238,860311552.0,104853504.0
3299,290834233.0,593049394.0,5847.898881,867663872.0,104853504.0
3304,290834233.0,593049394.0,5847.898881,867663872.0,104853504.0
3309,290834233.0,593049394.0,5858.852164,878243840.0,104853504.0
3314,290834233.0,593049394.0,5871.317349,890982400.0,104853504.0
3320,290834233.0,593049394.0,5899.15093,887529472.0,104853504.0
3325,290834233.0,593049394.0,5899.15093,887529472.0,104853504.0
3330,290834233.0,593049394.0,5921.840071,894914560.0,104853504.0
3335,290834233.0,593049394.0,5921.840071,894914560.0,104853504.0
3340,290834233.0,593049394.0,5936.099748,904601600.0,104853504.0
3345,290834233.0,593049394.0,5947.122229,904347648.0,104853504.0
3350,290834233.0,593049394.0,5971.568751,896794624.0,104853504.0
3355,290834233.0,593049394.0,5971.568751,896794624.0,104853504.0
3360,303821496.0,593065501.0,5991.793106,823017472.0,104853504.0
3365,303821538.0,593065543.0,5991.81364,823017472.0,104853504.0
3370,303821538.0,593065543.0,5991.81364,823017472.0,104853504.0
3375,303881773.0,606157956.0,6005.860712,896630784.0,104853504.0
3380,303881773.0,606157956.0,6005.860712,896630784.0,104853504.0
3385,304005403.0,619328519.0,6029.226153,965234688.0,104853504.0
3391,304005403.0,619328519.0,6034.309966,759001088.0,104853504.0
3396,304005403.0,619328519.0,6039.138254,583925760.0,104853504.0
3401,304005403.0,619328519.0,6043.922743,584544256.0,104853504.0
3406,304005403.0,619328519.0,6049.70231,607350784.0,104853504.0
3411,304005403.0,619328519.0,6054.680346,610357248.0,104853504.0
3416,304005403.0,619328519.0,6059.746333,613130240.0,104853504.0
3421,304005403.0,619328519.0,6064.194573,652685312.0,104853504.0
3426,304005403.0,619328519.0,6069.935463,721993728.0,104853504.0
3431,304005403.0,619328519.0,6069.935463,721993728.0,104853504.0
3436,304005403.0,619328519.0,6079.158089,841248768.0,104853504.0
3441,304005403.0,619328519.0,6100.637228,883884032.0,104853504.0
3446,304005403.0,619328519.0,6116.794613,873365504.0,104853504.0
3452,304005403.0,619328519.0,6129.17773,880295936.0,104853504.0
3457,304005403.0,619328519.0,6140.974806,882692096.0,104853504.0
3462,304005403.0,619328519.0,6162.348861,896516096.0,104853504.0
3467,304005403.0,619328519.0,6162.348861,896516096.0,104853504.0
3472,304005403.0,619328519.0,6179.706048,898965504.0,104853504.0
3477,304005403.0,619328519.0,6179.706048,898965504.0,104853504.0
3482,304005403.0,619328519.0,6190.759711,899252224.0,104853504.0
3487,304005403.0,619328519.0,6201.607594,899645440.0,104853504.0
3492,304005403.0,619328519.0,6230.097949,888098816.0,104853504.0
3497,304005403.0,619328519.0,6230.097949,888098816.0,104853504.0
3502,304005403.0,619328519.0,6251.832276,895729664.0,104853504.0
3507,316992534.0,619344560.0,6253.656122,821239808.0,104853504.0
3512,316992534.0,619344560.0,6253.656122,821239808.0,104853504.0
3518,317109679.0,632535331.0,6257.798383,910389248.0,104853504.0
3523,317109679.0,632535331.0,6284.380891,911437824.0,104853504.0
3528,317109679.0,632535331.0,6288.99438,911335424.0,104853504.0
3533,317109679.0,632535331.0,6288.99438,911335424.0,104853504.0
3538,317247367.0,645725100.0,6295.193161,678400000.0,104853504.0
3543,317247367.0,645725100.0,6299.190447,688431104.0,104853504.0
3548,317247367.0,645725100.0,6303.471842,555753472.0,104853504.0
3553,317247367.0,645725100.0,6310.164795,556969984.0,104853504.0
3558,317247367.0,645725100.0,6313.7021,577859584.0,104853504.0
3563,317247367.0,645725100.0,6319.045528,579698688.0,104853504.0
3568,317247367.0,645725100.0,6324.935251,583258112.0,104853504.0
3573,317247367.0,645725100.0,6329.697577,671834112.0,104853504.0
3578,317247367.0,645725100.0,6329.697577,671834112.0,104853504.0
3583,317247367.0,645725100.0,6337.63475,776105984.0,104853504.0
3588,317247367.0,645725100.0,6360.327347,798945280.0,104853504.0
3594,317247367.0,645725100.0,6360.327347,798945280.0,104853504.0
3599,317247367.0,645725100.0,6373.244054,798703616.0,104853504.0
3604,317247367.0,645725100.0,6386.810576,798851072.0,104853504.0
3609,317247367.0,645725100.0,6409.960447,799113216.0,104853504.0
3614,317247367.0,645725100.0,6423.397004,799117312.0,104853504.0
3619,317247367.0,645725100.0,6423.397004,799117312.0,104853504.0
3624,317247367.0,645725100.0,6438.542679,813776896.0,104853504.0
3629,317247367.0,645725100.0,6451.652152,813789184.0,104853504.0
3634,317247367.0,645725100.0,6451.652152,813789184.0,104853504.0
3639,317247367.0,645725100.0,6462.373177,814047232.0,104853504.0
3644,317247367.0,645725100.0,6486.312202,823463936.0,104853504.0
3649,317247367.0,645725100.0,6486.312202,823463936.0,104853504.0
3654,317247367.0,645725100.0,6499.997693,823463936.0,104853504.0
3659,330234432.0,645740679.0,6516.126017,855347200.0,104853504.0
3664,330234432.0,645740679.0,6516.126017,855347200.0,104853504.0
3670,330343789.0,658929734.0,6516.400329,899788800.0,104853504.0
3675,330343789.0,658929734.0,6541.461803,945217536.0,104853504.0
3680,330478903.0,672108415.0,6552.7337,894124032.0,104853504.0
3685,330478903.0,672108415.0,6557.982407,600952832.0,104853504.0
3690,330478903.0,672108415.0,6562.588877,601489408.0,104853504.0
3695,330478903.0,672108415.0,6567.291726,603250688.0,104853504.0
3700,330478903.0,672108415.0,6572.348292,606232576.0,104853504.0
3705,330478903.0,672108415.0,6578.510351,635461632.0,104853504.0
3710,330478903.0,672108415.0,6583.151641,641519616.0,104853504.0
3715,330478903.0,672108415.0,6588.465422,677920768.0,104853504.0
3720,330478903.0,672108415.0,6592.95792,758136832.0,104853504.0
3725,330478903.0,672108415.0,6592.95792,758136832.0,104853504.0
3730,330478903.0,672108415.0,6612.115141,876126208.0,104853504.0
3736,330478903.0,672108415.0,6612.115141,876126208.0,104853504.0
3741,330478903.0,672108415.0,6624.117824,887246848.0,104853504.0
3746,330478903.0,672108415.0,6649.313666,902926336.0,104853504.0
3751,330478903.0,672108415.0,6649.313666,902926336.0,104853504.0
3756,330478903.0,672108415.0,6661.736021,903061504.0,104853504.0
3761,330478903.0,672108415.0,6676.676131,903106560.0,104853504.0
3766,330478903.0,672108415.0,6685.684656,907296768.0,104853504.0
3771,330478903.0,672108415.0,6713.357184,888242176.0,104853504.0
3776,330478903.0,672108415.0,6713.357184,888242176.0,104853504.0
3781,330478903.0,672108415.0,6724.494254,895561728.0,104853504.0
3786,330478903.0,672108415.0,6735.321403,895561728.0,104853504.0
3791,330478903.0,672108485.0,6762.653729,901591040.0,104853504.0
3796,330478903.0,672108485.0,6777.538371,901509120.0,104853504.0
3802,343466166.0,672124724.0,6777.946282,826548224.0,104853504.0
3807,343466166.0,672124724.0,6777.946282,826548224.0,104853504.0
3812,343571761.0,685305793.0,6791.209699,898596864.0,104853504.0
3817,343571761.0,685305793.0,6791.209699,898596864.0,104853504.0
3822,343571994.0,685305968.0,6813.251544,834371584.0,104853504.0
3827,343631041.0,690702450.0,6813.338348,834760704.0,104853504.0
3832,343631041.0,690702450.0,6813.338348,834760704.0,104853504.0
3837,343703839.0,698486982.0,6823.162162,609140736.0,104853504.0
3842,343703839.0,698486982.0,6827.990707,610316288.0,104853504.0
3847,343703839.0,698486982.0,6832.764762,611491840.0,104853504.0
3852,343703839.0,698486982.0,6837.3082,660230144.0,104853504.0
3857,343703839.0,698486982.0,6841.984831,641236992.0,104853504.0
3862,343703839.0,698486982.0,6847.85678,647311360.0,104853504.0
3867,343703839.0,698486982.0,6852.873797,741871616.0,104853504.0
3872,343703839.0,698486982.0,6852.873797,741871616.0,104853504.0
3878,343703839.0,698486982.0,6857.85318,770314240.0,104853504.0
3883,343703839.0,698486982.0,6885.156899,896512000.0,104853504.0
3888,343703839.0,698486982.0,6885.156899,896512000.0,104853504.0
3893,343703839.0,698486982.0,6896.020756,896532480.0,104853504.0
3898,343703839.0,698486982.0,6920.048054,906493952.0,104853504.0
3903,343703839.0,698486982.0,6920.048054,906493952.0,104853504.0
3908,343703839.0,698486982.0,6931.444469,908591104.0,104853504.0
3913,343703839.0,698486982.0,6944.631846,911507456.0,104853504.0
3918,343703839.0,698486982.0,6955.66747,911540224.0,104853504.0
3923,343703839.0,698486982.0,6969.383136,911675392.0,104853504.0
3928,343703839.0,698486982.0,6992.909593,916078592.0,104853504.0
3933,343703839.0,698486982.0,6992.909593,916078592.0,104853504.0
3939,343703839.0,698486982.0,7006.695095,916348928.0,104853504.0
3944,343703839.0,698486982.0,7030.609955,918851584.0,104853504.0
3949,356691102.0,698503089.0,7040.00183,846131200.0,104853504.0
3954,356691186.0,698503173.0,7040.03223,846131200.0,104853504.0
3959,356697829.0,700085733.0,7040.09024,847904768.0,104853504.0
3964,356697829.0,700085733.0,7040.09024,847904768.0,104853504.0
3969,356758087.0,711595124.0,7052.070793,934895616.0,104853504.0
3974,356758087.0,711595124.0,7075.3308,934899712.0,104853504.0
3979,356904685.0,724791361.0,7080.553593,777351168.0,104853504.0
3984,356904685.0,724791361.0,7085.093747,747528192.0,104853504.0
3989,356904685.0,724791361.0,7089.632332,658706432.0,104853504.0
3994,356904685.0,724791361.0,7095.813444,659300352.0,104853504.0
3999,356904685.0,724791361.0,7100.329222,703909888.0,104853504.0
4004,356904685.0,724791361.0,7105.960067,684658688.0,104853504.0
4009,356904685.0,724791361.0,7110.384951,687984640.0,104853504.0
4015,356904685.0,724791361.0,7115.536167,776048640.0,104853504.0
4020,356904685.0,724791361.0,7115.536167,776048640.0,104853504.0
4025,356904685.0,724791361.0,7121.022093,838094848.0,104853504.0
4030,356904685.0,724791361.0,7144.939976,894906368.0,104853504.0
4035,356904685.0,724791361.0,7144.939976,894906368.0,104853504.0
4040,356904685.0,724791361.0,7159.076321,899084288.0,104853504.0
4045,356904685.0,724791361.0,7184.835709,893419520.0,104853504.0
4050,356904685.0,724791361.0,7184.835709,893419520.0,104853504.0
4055,356904685.0,724791361.0,7196.732065,893472768.0,104853504.0
4060,356904685.0,724791361.0,7207.430361,900014080.0,104853504.0
4065,356904685.0,724791361.0,7211.206283,904396800.0,104853504.0
4070,356904685.0,724791361.0,7220.825379,906784768.0,104853504.0
4075,356904685.0,724791361.0,7235.817401,914116608.0,104853504.0
4080,356904685.0,724791361.0,7260.578373,914911232.0,104853504.0
4086,356904685.0,724791361.0,7260.578373,914911232.0,104853504.0
4091,356904685.0,724791361.0,7272.892533,914911232.0,104853504.0
4096,356904685.0,724791361.0,7285.043569,914911232.0,104853504.0
4101,369891816.0,724807138.0,7302.514549,844869632.0,104853504.0
4106,369891900.0,724807222.0,7302.537183,844582912.0,104853504.0
4111,369891900.0,724807222.0,7302.537183,844582912.0,104853504.0
4116,370009951.0,738002991.0,7309.86328,940052480.0,104853504.0
4121,370150807.0,751194542.0,7338.333696,889581568.0,104853504.0
4126,370150807.0,751194542.0,7343.004112,793931776.0,104853504.0
4131,370150807.0,751194542.0,7347.613057,803807232.0,104853504.0
4136,370150807.0,751194542.0,7353.501158,650887168.0,104853504.0
4141,370150807.0,751194542.0,7357.740381,651264000.0,104853504.0
4146,370150807.0,751194542.0,7367.734827,674099200.0,104853504.0
4151,370150807.0,751194542.0,7372.843301,676712448.0,104853504.0
4156,370150807.0,751194542.0,7377.558585,756432896.0,104853504.0
4162,370150807.0,751194542.0,7382.503982,779083776.0,104853504.0
4167,370150807.0,751194542.0,7397.523901,899198976.0,104853504.0
4172,370150807.0,751194542.0,7397.523901,899198976.0,104853504.0
4177,370150807.0,751194542.0,7406.84409,899338240.0,104853504.0
4182,370150807.0,751194542.0,7432.441186,906997760.0,104853504.0
4187,370150807.0,751194542.0,7432.441186,906997760.0,104853504.0
4192,370150807.0,751194542.0,7447.598568,908496896.0,104853504.0
4197,370150807.0,751194542.0,7459.942162,908500992.0,104853504.0
4202,370150807.0,751194542.0,7470.433135,908505088.0,104853504.0
4207,370150807.0,751194542.0,7495.766844,915656704.0,104853504.0
4212,370150807.0,751194542.0,7495.766844,915656704.0,104853504.0
4217,370150807.0,751194542.0,7505.941753,920133632.0,104853504.0
4222,370150807.0,751194542.0,7520.742893,893145088.0,104853504.0
4227,370150807.0,751194542.0,7543.077065,904990720.0,104853504.0
4233,370150807.0,751194542.0,7543.077065,904990720.0,104853504.0
4238,383138070.0,751210649.0,7564.235474,842760192.0,104853504.0
4243,383138154.0,751210733.0,7564.25493,842760192.0,104853504.0
4248,383138154.0,751210733.0,7564.25493,842760192.0,104853504.0
4253,383196277.0,764294764.0,7565.364764,918261760.0,104853504.0
4258,383196277.0,764294764.0,7579.811429,918405120.0,104853504.0
4263,383344195.0,777490605.0,7600.953367,906174464.0,104853504.0
4268,383344195.0,777490605.0,7606.45892,669581312.0,104853504.0
4273,383344195.0,777490605.0,7610.898274,670183424.0,104853504.0
4278,383344195.0,777490605.0,7616.28503,671322112.0,104853504.0
4283,383344195.0,777490605.0,7621.194461,673812480.0,104853504.0
4288,383344195.0,777490605.0,7625.580619,699871232.0,104853504.0
4294,383344195.0,777490605.0,7630.61981,705130496.0,104853504.0
4299,383344195.0,777490605.0,7636.583656,756908032.0,104853504.0
4304,383344195.0,777490605.0,7641.608228,775663616.0,104853504.0
4309,383344195.0,777490605.0,7650.807001,874283008.0,104853504.0
4314,383344195.0,777490605.0,7650.807001,874283008.0,104853504.0
4319,383344195.0,777490605.0,7662.350717,882442240.0,104853504.0
4324,383344195.0,777490605.0,7686.683019,887791616.0,104853504.0
4329,383344195.0,777490605.0,7686.683019,887791616.0,104853504.0
4334,383344195.0,777490605.0,7699.928815,899309568.0,104853504.0
4339,383344195.0,777490605.0,7721.42242,902844416.0,104853504.0
4344,383344195.0,777490605.0,7721.42242,902844416.0,104853504.0
4349,383344195.0,777490605.0,7748.249726,908419072.0,104853504.0
4354,383344195.0,777490605.0,7748.249726,908419072.0,104853504.0
4359,383344195.0,777490605.0,7759.009776,908689408.0,104853504.0
4365,383344195.0,777490605.0,7774.025433,908570624.0,104853504.0
4370,383344195.0,777490605.0,7798.290287,910139392.0,104853504.0
4375,383344195.0,777490605.0,7798.290287,910139392.0,104853504.0
4380,383344195.0,777490605.0,7808.14148,910413824.0,104853504.0
4385,383344195.0,777490605.0,7822.823523,912527360.0,104853504.0
4390,396331392.0,777506382.0,7826.023814,841187328.0,104853504.0
4395,396331392.0,777506382.0,7826.023814,841187328.0,104853504.0
4400,396452167.0,790705997.0,7828.115375,930390016.0,104853504.0
0,0.0,2248.0,4.584509,146321408.0,104853504.0
5,0.0,2318.0,7.467335,219078656.0,104853504.0
10,0.0,2318.0,7.467335,219078656.0,104853504.0
15,112152.0,13203076.0,18.264259,444252160.0,104853504.0
20,112152.0,13203076.0,22.866185,469770240.0,104853504.0
25,112152.0,13203076.0,27.707844,483430400.0,104853504.0
30,112152.0,13203146.0,33.085,536064000.0,104853504.0
35,112152.0,13203146.0,38.904184,540000256.0,104853504.0
40,112152.0,13203146.0,43.916092,551972864.0,104853504.0
45,112152.0,13203146.0,48.881935,652111872.0,104853504.0
50,112152.0,13203146.0,53.666275,718098432.0,104853504.0
55,112152.0,13203146.0,67.088471,825163776.0,104853504.0
60,112152.0,13203146.0,77.298347,824983552.0,104853504.0
65,112152.0,13203146.0,89.067637,839389184.0,104853504.0
71,112152.0,13203216.0,101.636244,844660736.0,104853504.0
76,112152.0,13203216.0,115.565021,837099520.0,104853504.0
81,112152.0,13203216.0,126.819301,846372864.0,104853504.0
86,112152.0,13203216.0,140.273017,858914816.0,104853504.0
91,112152.0,13203216.0,152.039798,848134144.0,104853504.0
96,112152.0,13203216.0,163.506529,852762624.0,104853504.0
101,112152.0,13203216.0,176.040588,856301568.0,104853504.0
106,112152.0,13203216.0,191.615366,856981504.0,104853504.0
111,112152.0,13203216.0,203.485829,861057024.0,104853504.0
116,112152.0,13203216.0,212.906001,869449728.0,104853504.0
121,112152.0,13203216.0,226.619471,853176320.0,104853504.0
126,112152.0,13203216.0,236.012539,855949312.0,104853504.0
131,13100711.0,13221683.0,236.509879,783405056.0,104853504.0
136,13225842.0,26416216.0,237.617449,842137600.0,104853504.0
141,13225842.0,26416286.0,244.823256,728809472.0,104853504.0
147,13225842.0,26416286.0,256.09763,733679616.0,104853504.0
152,13225842.0,26416286.0,267.779374,734330880.0,104853504.0
157,13335942.0,39606781.0,277.926553,853409792.0,104853504.0
162,13335942.0,39606781.0,282.821349,545939456.0,104853504.0
167,13335942.0,39606781.0,288.22918,550199296.0,104853504.0
172,13335942.0,39606781.0,292.823335,559898624.0,104853504.0
177,13335942.0,39606781.0,298.304984,597970944.0,104853504.0
182,13335942.0,39606781.0,303.151121,602800128.0,104853504.0
187,13335942.0,39606781.0,308.16775,611713024.0,104853504.0
192,13335942.0,39606781.0,312.193634,644743168.0,104853504.0
197,13335942.0,39606781.0,317.485799,734396416.0,104853504.0
202,13335942.0,39606781.0,338.504884,857227264.0,104853504.0
208,13335942.0,39606781.0,353.522561,861216768.0,104853504.0
213,13335942.0,39606781.0,363.712937,865853440.0,104853504.0
218,13335942.0,39606781.0,377.918332,878161920.0,104853504.0
223,13335942.0,39606781.0,388.134312,884195328.0,104853504.0
228,13335942.0,39606781.0,399.764268,866246656.0,104853504.0
233,13335942.0,39606781.0,413.877596,900755456.0,104853504.0
238,13335942.0,39606781.0,423.982161,900890624.0,104853504.0
243,13335942.0,39606781.0,439.817867,901423104.0,104853504.0
248,13335942.0,39606781.0,451.720412,901947392.0,104853504.0
253,13335942.0,39606781.0,463.604193,902340608.0,104853504.0
258,13335942.0,39606781.0,473.427241,882540544.0,104853504.0
263,13335942.0,39606781.0,488.477931,894418944.0,104853504.0
268,13335942.0,39606781.0,498.562302,894181376.0,104853504.0
274,26323223.0,39623265.0,502.122285,808935424.0,104853504.0
279,26323306.0,39623440.0,502.140378,808853504.0,104853504.0
284,26387213.0,52710589.0,508.708292,880672768.0,104853504.0
289,26387213.0,52710659.0,521.107057,881070080.0,104853504.0
294,26387213.0,52710659.0,530.76057,881332224.0,104853504.0
299,26511041.0,65895214.0,541.00095,790806528.0,104853504.0
304,26511041.0,65895214.0,545.243422,692240384.0,104853504.0
309,26511041.0,65895214.0,550.63809,598872064.0,104853504.0
314,26511041.0,65895214.0,555.369998,604319744.0,104853504.0
319,26511041.0,65895214.0,559.350173,608198656.0,104853504.0
324,26511041.0,65895214.0,565.97283,644984832.0,104853504.0
329,26511041.0,65895214.0,571.122904,653406208.0,104853504.0
334,26511041.0,65895214.0,575.549973,720609280.0,104853504.0
339,26511041.0,65895214.0,580.628404,772603904.0,104853504.0
344,26511041.0,65895214.0,591.956177,880558080.0,104853504.0
349,26511041.0,65895214.0,603.283362,881758208.0,104853504.0
355,26511041.0,65895214.0,617.386394,891953152.0,104853504.0
360,26511041.0,65895214.0,626.777877,901959680.0,104853504.0
365,26511041.0,65895214.0,640.937071,902987776.0,104853504.0
370,26511041.0,65895214.0,651.793703,903155712.0,104853504.0
375,26511041.0,65895214.0,665.535351,910749696.0,104853504.0
380,26511041.0,65895214.0,675.00198,919543808.0,104853504.0
385,26511041.0,65895214.0,688.687653,920199168.0,104853504.0
390,26511041.0,65895214.0,702.608982,920883200.0,104853504.0
395,26511041.0,65895214.0,714.166424,924835840.0,104853504.0
400,26511041.0,65895214.0,727.281209,924577792.0,104853504.0
405,26511041.0,65895214.0,737.947469,924581888.0,104853504.0
410,26511041.0,65895214.0,750.685699,924585984.0,104853504.0
415,26511041.0,65895214.0,761.651565,916697088.0,104853504.0
421,39498346.0,65912353.0,763.584396,817553408.0,104853504.0
426,39560231.0,79002588.0,765.13694,906608640.0,104853504.0
431,39560231.0,79002588.0,777.379062,907657216.0,104853504.0
436,39560231.0,79002588.0,790.095794,908054528.0,104853504.0
441,39560464.0,79002763.0,799.08084,838062080.0,104853504.0
446,39560464.0,79002763.0,799.103661,837947392.0,104853504.0
451,39671783.0,92172095.0,803.385673,772128768.0,104853504.0
456,39671825.0,92172137.0,808.319189,789155840.0,104853504.0
461,39671825.0,92172137.0,813.331015,660213760.0,104853504.0
466,39671825.0,92172137.0,818.31291,661176320.0,104853504.0
471,39671825.0,92172137.0,822.923205,718639104.0,104853504.0
476,39671825.0,92172137.0,828.613531,695132160.0,104853504.0
481,39671825.0,92172137.0,833.961351,702304256.0,104853504.0
486,39671825.0,92172137.0,838.672502,800870400.0,104853504.0
492,39671825.0,92172137.0,842.919484,820281344.0,104853504.0
497,39671825.0,92172137.0,855.475881,892600320.0,104853504.0
502,39671825.0,92172137.0,867.039629,897081344.0,104853504.0
507,39671825.0,92172137.0,878.415897,899194880.0,104853504.0
512,39671825.0,92172137.0,892.146749,902844416.0,104853504.0
517,39671825.0,92172137.0,903.040896,902860800.0,104853504.0
522,39671825.0,92172137.0,917.962506,903917568.0,104853504.0
527,39671825.0,92172137.0,928.816333,904237056.0,104853504.0
532,39671825.0,92172137.0,942.565252,908754944.0,104853504.0
537,39671825.0,92172137.0,954.732792,894320640.0,104853504.0
542,39671825.0,92172137.0,966.706102,894320640.0,104853504.0
548,39671825.0,92172137.0,990.983911,904278016.0,104853504.0
553,39671825.0,92172137.0,1004.821114,904544256.0,104853504.0
558,39671825.0,92172137.0,1015.40204,912388096.0,104853504.0
563,39671825.0,92172137.0,1025.227505,912650240.0,104853504.0
568,52659088.0,92188772.0,1025.8664,834338816.0,104853504.0
573,52659130.0,92188814.0,1025.889506,834293760.0,104853504.0
578,52775135.0,105384517.0,1037.266099,924151808.0,104853504.0
583,52775135.0,105384517.0,1048.41503,924545024.0,104853504.0
588,52775135.0,105384517.0,1059.777808,924545024.0,104853504.0
593,52775368.0,105384692.0,1061.100933,823164928.0,104853504.0
598,52900085.0,118570524.0,1065.39609,782970880.0,104853504.0
603,52900127.0,118570636.0,1069.871556,793473024.0,104853504.0
609,52900127.0,118570636.0,1074.585995,814039040.0,104853504.0
614,52900127.0,118570636.0,1079.43604,645021696.0,104853504.0
619,52900127.0,118570636.0,1084.838881,667049984.0,104853504.0
624,52900127.0,118570636.0,1090.466393,669667328.0,104853504.0
629,52900127.0,118570636.0,1094.681866,673652736.0,104853504.0
634,52900127.0,118570636.0,1099.101001,737288192.0,104853504.0
639,52900127.0,118570636.0,1104.646944,785780736.0,104853504.0
644,52900127.0,118570636.0,1114.711726,872239104.0,104853504.0
649,52900127.0,118570636.0,1128.465518,894754816.0,104853504.0
654,52900127.0,118570636.0,1141.923045,908533760.0,104853504.0
659,52900127.0,118570636.0,1154.868128,914874368.0,104853504.0
664,52900127.0,118570636.0,1165.948708,914882560.0,104853504.0
669,52900127.0,118570636.0,1177.739076,914882560.0,104853504.0
675,52900127.0,118570636.0,1188.634178,914882560.0,104853504.0
680,52900127.0,118570636.0,1202.928415,915746816.0,104853504.0
685,52900127.0,118570636.0,1216.484631,917704704.0,104853504.0
690,52900127.0,118570636.0,1228.517446,919547904.0,104853504.0
695,52900127.0,118570636.0,1237.491063,919547904.0,104853504.0
700,52900127.0,118570636.0,1250.379397,921911296.0,104853504.0
705,52900127.0,118570636.0,1263.8136,921915392.0,104853504.0
710,52900127.0,118570636.0,1277.277286,921919488.0,104853504.0
715,65887390.0,118587469.0,1287.653289,845131776.0,104853504.0
720,65887474.0,118587553.0,1287.670937,844767232.0,104853504.0
725,65887474.0,118587553.0,1287.69509,844767232.0,104853504.0
730,66005261.0,131781408.0,1297.091605,916127744.0,104853504.0
735,66005261.0,131781408.0,1311.294904,916127744.0,104853504.0
741,66005261.0,131781408.0,1321.974706,916135936.0,104853504.0
746,66005261.0,131781408.0,1323.12824,916037632.0,104853504.0
751,66128561.0,144961937.0,1326.140565,790839296.0,104853504.0
756,66128603.0,144961979.0,1331.050251,586489856.0,104853504.0
761,66128603.0,144961979.0,1336.812994,587427840.0,104853504.0
766,66128603.0,144961979.0,1342.200865,590938112.0,104853504.0
771,66128603.0,144961979.0,1347.090278,638881792.0,104853504.0
776,66128603.0,144961979.0,1351.716987,628113408.0,104853504.0
781,66128603.0,144961979.0,1356.927443,636104704.0,104853504.0
786,66128603.0,144961979.0,1362.032141,733573120.0,104853504.0
791,66128603.0,144961979.0,1367.167694,755441664.0,104853504.0
796,66128603.0,144961979.0,1377.915783,876105728.0,104853504.0
801,66128603.0,144961979.0,1392.169712,908857344.0,104853504.0
806,66128603.0,144961979.0,1402.89278,913088512.0,104853504.0
811,66128603.0,144961979.0,1415.699675,913367040.0,104853504.0
817,66128603.0,144961979.0,1426.377385,914378752.0,104853504.0
822,66128603.0,144961979.0,1441.025082,914399232.0,104853504.0
827,66128603.0,144961979.0,1453.130171,915034112.0,104853504.0
832,66128603.0,144961979.0,1465.510201,917286912.0,104853504.0
837,66128603.0,144961979.0,1476.093139,918192128.0,104853504.0
842,66128603.0,144961979.0,1488.478702,918487040.0,104853504.0
847,66128603.0,144961979.0,1499.786721,918638592.0,104853504.0
852,66128603.0,144961979.0,1511.75082,920739840.0,104853504.0
857,66128603.0,144961979.0,1526.207912,921006080.0,104853504.0
862,66128603.0,144961979.0,1536.716539,921137152.0,104853504.0
867,66128603.0,144961979.0,1549.211611,926011392.0,104853504.0
872,79115932.0,144979406.0,1549.65676,856440832.0,104853504.0
877,79206875.0,158123581.0,1559.253997,946024448.0,104853504.0
882,79206875.0,158123581.0,1570.27348,946278400.0,104853504.0
888,79207108.0,158123756.0,1585.362923,908484608.0,104853504.0
893,79207108.0,158123756.0,1585.381996,908480512.0,104853504.0
898,79327469.0,171306750.0,1588.686657,810377216.0,104853504.0
903,79327469.0,171306750.0,1594.356444,822468608.0,104853504.0
908,79327469.0,171306750.0,1598.56758,643960832.0,104853504.0
913,79327469.0,171306750.0,1604.037644,645103616.0,104853504.0
918,79327469.0,171306750.0,1608.556488,672354304.0,104853504.0
923,79327469.0,171306750.0,1613.205718,675823616.0,104853504.0
928,79327469.0,171306750.0,1618.981736,681373696.0,104853504.0
933,79327469.0,171306750.0,1623.643392,746332160.0,104853504.0
938,79327469.0,171306750.0,1628.18568,796139520.0,104853504.0
943,79327469.0,171306750.0,1641.133574,896724992.0,104853504.0
948,79327469.0,171306750.0,1650.855134,923660288.0,104853504.0
953,79327469.0,171306750.0,1663.475926,923787264.0,104853504.0
959,79327469.0,171306750.0,1678.163936,923832320.0,104853504.0
964,79327469.0,171306750.0,1688.926868,925933568.0,104853504.0
969,79327469.0,171306750.0,1702.764404,926191616.0,104853504.0
974,79327469.0,171306750.0,1715.000671,926191616.0,104853504.0
979,79327469.0,171306750.0,1726.137206,926294016.0,104853504.0
984,79327469.0,171306750.0,1738.194725,926298112.0,104853504.0
989,79327469.0,171306750.0,1751.796094,926674944.0,104853504.0
994,79327469.0,171306750.0,1763.299745,926826496.0,104853504.0
999,79327469.0,171306750.0,1773.151355,905871360.0,104853504.0
1004,79327469.0,171306750.0,1785.450866,927805440.0,104853504.0
1009,79327469.0,171306750.0,1798.923294,927948800.0,104853504.0
1015,90692527.0,171319887.0,1811.807058,869232640.0,104853504.0
1020,92314816.0,171324129.0,1811.832304,848928768.0,104853504.0
1025,92314816.0,171324129.0,1811.850777,848928768.0,104853504.0
1030,92376503.0,184412450.0,1820.859335,942448640.0,104853504.0
1035,92376503.0,184412450.0,1832.46208,942194688.0,104853504.0
1040,92376503.0,184412450.0,1846.210545,942321664.0,104853504.0
1045,92376736.0,184412625.0,1847.402254,878133248.0,104853504.0
1050,92460335.0,197505793.0,1849.663324,1008046080.0,104853504.0
1055,92460335.0,197505793.0,1854.781791,805142528.0,104853504.0
1060,92460335.0,197505793.0,1860.078331,822362112.0,104853504.0
1065,92460335.0,197505793.0,1864.961532,665522176.0,104853504.0
1070,92460335.0,197505793.0,1869.136455,666243072.0,104853504.0
1075,92460335.0,197505793.0,1874.560183,689078272.0,104853504.0
1081,92460335.0,197505793.0,1879.943385,693223424.0,104853504.0
1086,92460335.0,197505793.0,1885.470092,762081280.0,104853504.0
1091,92460335.0,197505793.0,1889.858074,807432192.0,104853504.0
1096,92460335.0,197505793.0,1901.426268,884944896.0,104853504.0
1101,92460335.0,197505793.0,1913.052663,918556672.0,104853504.0
1106,92460335.0,197505793.0,1923.764452,930349056.0,104853504.0
1111,92460335.0,197505793.0,1936.168146,930357248.0,104853504.0
1116,92460335.0,197505793.0,1948.480409,939802624.0,104853504.0
1121,92460335.0,197505793.0,1963.115225,940199936.0,104853504.0
1126,92460335.0,197505793.0,1975.263988,940003328.0,104853504.0
1131,92460335.0,197505793.0,1985.955987,940429312.0,104853504.0
1136,92460335.0,197505793.0,2000.200495,940699648.0,104853504.0
1141,92460335.0,197505793.0,2009.830171,940965888.0,104853504.0
1146,92460335.0,197505793.0,2022.39235,940838912.0,104853504.0
1152,92460335.0,197505793.0,2034.767705,941240320.0,104853504.0
1157,92460335.0,197505793.0,2044.450496,941109248.0,104853504.0
1162,92460335.0,197505793.0,2061.223539,947654656.0,104853504.0
1167,92460335.0,197505793.0,2072.400269,947654656.0,104853504.0
1172,105447532.0,197522692.0,2073.560161,849833984.0,104853504.0
1177,105447616.0,197522776.0,2073.590244,849567744.0,104853504.0
1182,105550091.0,210714189.0,2080.812118,916512768.0,104853504.0
1187,105550091.0,210714189.0,2094.685492,916320256.0,104853504.0
1192,105550091.0,210714189.0,2107.039821,916983808.0,104853504.0
1197,105550091.0,210714259.0,2108.712056,916631552.0,104853504.0
1202,105680651.0,223898088.0,2110.400289,798887936.0,104853504.0
1207,105680693.0,223898130.0,2121.014432,666411008.0,104853504.0
1212,105680693.0,223898130.0,2126.63515,669634560.0,104853504.0
1218,105680693.0,223898130.0,2130.14425,672448512.0,104853504.0
1223,105680693.0,223898130.0,2136.033397,702578688.0,104853504.0
1228,105680693.0,223898130.0,2141.58724,710664192.0,104853504.0
1233,105680693.0,223898130.0,2146.41492,780210176.0,104853504.0
1238,105680693.0,223898130.0,2150.962276,831000576.0,104853504.0
1243,105680693.0,223898130.0,2161.110642,893845504.0,104853504.0
1248,105680693.0,223898130.0,2173.900941,913076224.0,104853504.0
1253,105680693.0,223898130.0,2183.681272,912891904.0,104853504.0
1258,105680693.0,223898130.0,2194.784932,919183360.0,104853504.0
1263,105680693.0,223898130.0,2208.858624,919195648.0,104853504.0
1268,105680693.0,223898130.0,2221.299572,912723968.0,104853504.0
1273,105680693.0,223898130.0,2234.842842,914464768.0,104853504.0
1278,105680693.0,223898130.0,2244.142824,926453760.0,104853504.0
1283,105680693.0,223898130.0,2246.894505,926461952.0,104853504.0
1289,105680693.0,223898130.0,2262.428478,928944128.0,104853504.0
1294,105680693.0,223898130.0,2271.133365,929075200.0,104853504.0
1299,105680693.0,223898130.0,2286.974095,933957632.0,104853504.0
1304,105680693.0,223898130.0,2297.646625,933957632.0,104853504.0
1309,105680693.0,223898130.0,2310.137233,934092800.0,104853504.0
1314,105680693.0,223898130.0,2324.438328,934096896.0,104853504.0
1319,118668022.0,223914633.0,2334.727244,859246592.0,104853504.0
1324,118668022.0,223914633.0,2334.743182,859226112.0,104853504.0
1329,118786091.0,237113588.0,2338.407766,948383744.0,104853504.0
1334,118786091.0,237113588.0,2350.583231,948408320.0,104853504.0
1339,118786091.0,237113588.0,2362.443095,948539392.0,104853504.0
1344,118932557.0,250308703.0,2371.816086,991506432.0,104853504.0
1349,118932599.0,250308745.0,2375.476299,794345472.0,104853504.0
1355,118932599.0,250308745.0,2381.688537,632057856.0,104853504.0
1360,118932599.0,250308745.0,2386.299523,632623104.0,104853504.0
1365,118932599.0,250308745.0,2390.880277,633851904.0,104853504.0
1370,118932599.0,250308745.0,2396.153069,659877888.0,104853504.0
1375,118932599.0,250308745.0,2400.414156,664530944.0,104853504.0
1380,118932599.0,250308745.0,2406.694863,697810944.0,104853504.0
1385,118932599.0,250308745.0,2411.969513,781172736.0,104853504.0
1390,118932599.0,250308745.0,2419.135234,869400576.0,104853504.0
1395,118932599.0,250308745.0,2433.323805,903536640.0,104853504.0
1400,118932599.0,250308745.0,2446.304497,907874304.0,104853504.0
1405,118932599.0,250308745.0,2455.891069,907730944.0,104853504.0
1410,118932599.0,250308745.0,2467.960898,913887232.0,104853504.0
1416,118932599.0,250308745.0,2477.962006,917819392.0,104853504.0
1421,118932599.0,250308745.0,2492.296678,918020096.0,104853504.0
1426,118932599.0,250308745.0,2506.130072,923734016.0,104853504.0
1431,118932599.0,250308745.0,2515.556689,928038912.0,104853504.0
1436,118932599.0,250308745.0,2530.932564,928292864.0,104853504.0
1441,118932599.0,250308745.0,2541.515334,933801984.0,104853504.0
1446,118932599.0,250308745.0,2555.244303,933810176.0,104853504.0
1451,118932599.0,250308745.0,2566.907699,933810176.0,104853504.0
1456,118932599.0,250308745.0,2578.836268,944107520.0,104853504.0
1461,118932599.0,250308745.0,2591.135779,944107520.0,104853504.0
1466,131919928.0,250325710.0,2596.193724,868569088.0,104853504.0
1471,131919970.0,250325752.0,2596.223948,868569088.0,104853504.0
1476,132032279.0,263516175.0,2600.004129,958763008.0,104853504.0
1482,132032279.0,263516175.0,2613.220102,958664704.0,104853504.0
1487,132032279.0,263516175.0,2625.609928,958664704.0,104853504.0
1492,132032279.0,263516175.0,2631.858492,958566400.0,104853504.0
1497,132171683.0,276712742.0,2633.139061,901197824.0,104853504.0
1502,132171683.0,276712742.0,2637.234211,811683840.0,104853504.0
1507,132171683.0,276712742.0,2642.227927,824475648.0,104853504.0
1512,132171683.0,276712742.0,2646.525638,837890048.0,104853504.0
1517,132171683.0,276712742.0,2652.863405,689086464.0,104853504.0
1522,132171683.0,276712742.0,2657.665771,731201536.0,104853504.0
1527,132171683.0,276712742.0,2663.315184,713601024.0,104853504.0
1532,132171683.0,276712742.0,2668.170032,725000192.0,104853504.0
1537,132171683.0,276712742.0,2677.844289,840372224.0,104853504.0
1542,132171683.0,276712742.0,2690.295689,908763136.0,104853504.0
1548,132171683.0,276712742.0,2702.080241,925519872.0,104853504.0
1553,132171683.0,276712742.0,2713.182673,927068160.0,104853504.0
1558,132171683.0,276712742.0,2729.509701,931577856.0,104853504.0
1563,132171683.0,276712742.0,2739.388268,938401792.0,104853504.0
1568,132171683.0,276712742.0,2753.009621,921513984.0,104853504.0
1573,132171683.0,276712742.0,2763.446371,929800192.0,104853504.0
1578,132171683.0,276712742.0,2779.54046,916180992.0,104853504.0
1583,132171683.0,276712742.0,2788.625024,922722304.0,104853504.0
1588,132171683.0,276712742.0,2804.351463,941699072.0,104853504.0
1593,132171683.0,276712742.0,2816.047453,941707264.0,104853504.0
1598,132171683.0,276712742.0,2827.143166,941834240.0,104853504.0
1603,132171683.0,276712742.0,2839.923769,928698368.0,104853504.0
1608,132171683.0,276712742.0,2850.690872,936169472.0,104853504.0
1614,132171683.0,276712742.0,2858.439071,937111552.0,104853504.0
1619,145159078.0,276730169.0,2858.836,865185792.0,104853504.0
1624,145273979.0,289931830.0,2859.154986,908460032.0,104853504.0
1629,145273979.0,289931830.0,2873.325792,954396672.0,104853504.0
1634,145273979.0,289931830.0,2885.095542,954503168.0,104853504.0
1639,145273979.0,289931830.0,2894.391277,920944640.0,104853504.0
1644,145273979.0,289931830.0,2894.414099,920899584.0,104853504.0
1649,145381043.0,303091041.0,2899.197923,793788416.0,104853504.0
1654,145381043.0,303091041.0,2904.080833,641835008.0,104853504.0
1659,145381043.0,303091041.0,2908.284759,642809856.0,104853504.0
1664,145381043.0,303091041.0,2913.826442,645201920.0,104853504.0
1669,145381043.0,303091041.0,2918.041566,674492416.0,104853504.0
1674,145381043.0,303091041.0,2922.979558,678674432.0,104853504.0
1680,145381043.0,303091041.0,2928.968851,686522368.0,104853504.0
1685,145381043.0,303091041.0,2932.748394,754475008.0,104853504.0
1690,145381043.0,303091041.0,2938.501757,805146624.0,104853504.0
1695,145381043.0,303091041.0,2950.789781,906780672.0,104853504.0
1700,145381043.0,303091041.0,2964.977322,922329088.0,104853504.0
1705,145381043.0,303091041.0,2977.116636,929275904.0,104853504.0
1710,145381043.0,303091041.0,2989.448042,941457408.0,104853504.0
1715,145381043.0,303091041.0,3000.586689,942497792.0,104853504.0
1720,145381043.0,303091041.0,3013.090945,937250816.0,104853504.0
1725,145381043.0,303091041.0,3025.606907,928866304.0,104853504.0
1730,145381043.0,303091041.0,3037.391514,942948352.0,104853504.0
1735,145381043.0,303091041.0,3047.050839,926396416.0,104853504.0
1740,145381043.0,303091041.0,3063.455499,933396480.0,104853504.0
1746,145381043.0,303091041.0,3073.557485,938397696.0,104853504.0
1751,145381043.0,303091041.0,3087.807556,946655232.0,104853504.0
1756,145381043.0,303091041.0,3098.502637,946659328.0,104853504.0
1761,145381043.0,303091041.0,3112.139151,946663424.0,104853504.0
1766,158368372.0,303107478.0,3120.7371,873877504.0,104853504.0
1771,158368414.0,303107520.0,3120.75853,873877504.0,104853504.0
1776,158368414.0,303107520.0,3120.787364,873877504.0,104853504.0
1781,158483495.0,316300913.0,3127.144163,963502080.0,104853504.0
1786,158483495.0,316300913.0,3142.439638,964141056.0,104853504.0
1791,158483495.0,316300913.0,3152.859438,964284416.0,104853504.0
1796,158617619.0,329476822.0,3160.444238,803115008.0,104853504.0
1801,158617619.0,329476822.0,3164.906835,813121536.0,104853504.0
1806,158617619.0,329476822.0,3169.524354,680214528.0,104853504.0
1812,158617619.0,329476822.0,3174.95219,681361408.0,104853504.0
1817,158617619.0,329476822.0,3180.141885,735727616.0,104853504.0
1822,158617619.0,329476822.0,3184.788988,710754304.0,104853504.0
1827,158617619.0,329476822.0,3190.031718,716062720.0,104853504.0
1832,158617619.0,329476822.0,3195.066748,806977536.0,104853504.0
1837,158617619.0,329476822.0,3200.588876,830767104.0,104853504.0
1842,158617619.0,329476822.0,3211.09935,900034560.0,104853504.0
1847,158617619.0,329476822.0,3222.609116,906776576.0,104853504.0
1852,158617619.0,329476822.0,3236.990341,906936320.0,104853504.0
1857,158617619.0,329476822.0,3248.908608,916799488.0,104853504.0
1862,158617619.0,329476822.0,3261.89909,916942848.0,104853504.0
1867,158617619.0,329476822.0,3274.629351,918765568.0,104853504.0
1872,158617619.0,329476822.0,3284.545397,918769664.0,104853504.0
1877,158617619.0,329476822.0,3298.589491,918867968.0,104853504.0
1882,158617619.0,329476822.0,3321.136957,918904832.0,104853504.0
1887,158617619.0,329476822.0,3336.52036,919986176.0,104853504.0
1893,158617619.0,329476822.0,3348.044155,924176384.0,104853504.0
1898,158617619.0,329476822.0,3359.174478,926019584.0,104853504.0
1903,158617619.0,329476822.0,3371.069226,925999104.0,104853504.0
1908,171604948.0,329493985.0,3383.043213,850685952.0,104853504.0
1913,171605032.0,329494069.0,3383.060033,850432000.0,104853504.0
1918,171692921.0,339107603.0,3383.203622,859955200.0,104853504.0
1923,171707309.0,342676572.0,3395.500111,940187648.0,104853504.0
1928,171707309.0,342676572.0,3408.414792,940199936.0,104853504.0
1933,171707309.0,342676572.0,3418.556776,906518528.0,104853504.0
1938,171707309.0,342676572.0,3418.580652,906473472.0,104853504.0
1943,171781109.0,355765427.0,3422.563244,797433856.0,104853504.0
1948,171781151.0,355765469.0,3427.995896,809267200.0,104853504.0
1953,171781151.0,355765469.0,3433.02366,709226496.0,104853504.0
1959,171781151.0,355765469.0,3438.775707,651755520.0,104853504.0
1964,171781151.0,355765469.0,3442.912459,695865344.0,104853504.0
1969,171781151.0,355765469.0,3448.35117,677175296.0,104853504.0
1974,171781151.0,355765469.0,3452.938358,681074688.0,104853504.0
1979,171781151.0,355765469.0,3458.113386,774393856.0,104853504.0
1984,171781151.0,355765469.0,3464.477969,857473024.0,104853504.0
1989,171781151.0,355765469.0,3476.620072,897855488.0,104853504.0
1994,171781151.0,355765469.0,3488.084784,927682560.0,104853504.0
1999,171781151.0,355765469.0,3498.84697,929796096.0,104853504.0
2004,171781151.0,355765469.0,3513.670422,941322240.0,104853504.0
2009,171781151.0,355765469.0,3525.565326,919293952.0,104853504.0
2014,171781151.0,355765469.0,3538.742001,919560192.0,104853504.0
2019,171781151.0,355765469.0,3550.962266,925609984.0,104853504.0
2025,171781151.0,355765469.0,3560.990288,933101568.0,104853504.0
2030,171781151.0,355765469.0,3575.439076,933380096.0,104853504.0
2035,171781151.0,355765469.0,3586.970786,933785600.0,104853504.0
2040,171781151.0,355765469.0,3598.261241,938553344.0,104853504.0
2045,171781151.0,355765469.0,3611.29555,941424640.0,104853504.0
2050,171781151.0,355765469.0,3621.539338,941436928.0,104853504.0
2055,171781151.0,355765469.0,3636.220029,941436928.0,104853504.0
2060,184768546.0,355782566.0,3645.000478,862490624.0,104853504.0
2065,184768630.0,355782650.0,3645.02692,862330880.0,104853504.0
2070,184768630.0,355782650.0,3645.043587,862330880.0,104853504.0
2075,184881863.0,368980003.0,3649.097169,934526976.0,104853504.0
2080,184881863.0,368980003.0,3663.028208,934526976.0,104853504.0
2085,184881863.0,368980003.0,3677.934928,934526976.0,104853504.0
2090,184882096.0,368980178.0,3680.546144,864428032.0,104853504.0
2095,184954079.0,382067736.0,3681.446578,902348800.0,104853504.0
2101,184954079.0,382067736.0,3687.566309,604000256.0,104853504.0
2106,184954079.0,382067736.0,3691.819603,604168192.0,104853504.0
2111,184954079.0,382067736.0,3697.464171,609161216.0,104853504.0
2116,184954079.0,382067736.0,3702.654245,614010880.0,104853504.0
2121,184954079.0,382067736.0,3707.44473,644829184.0,104853504.0
2126,184954079.0,382067736.0,3712.134705,651993088.0,104853504.0
2131,184954079.0,382067736.0,3716.99801,657473536.0,104853504.0
2136,184954079.0,382067736.0,3721.634286,761626624.0,104853504.0
2141,184954079.0,382067736.0,3732.097251,870420480.0,104853504.0
2146,184954079.0,382067736.0,3743.870695,899694592.0,104853504.0
2151,184954079.0,382067736.0,3754.95626,914636800.0,104853504.0
2156,184954079.0,382067736.0,3766.859941,899497984.0,104853504.0
2161,184954079.0,382067736.0,3778.32064,915316736.0,104853504.0
2167,184954079.0,382067736.0,3792.998356,915251200.0,104853504.0
2172,184954079.0,382067736.0,3803.45238,915525632.0,104853504.0
2177,184954079.0,382067736.0,3815.465082,920199168.0,104853504.0
2182,184954079.0,382067736.0,3829.804823,921563136.0,104853504.0
2187,184954079.0,382067736.0,3837.729822,921563136.0,104853504.0
2192,184954079.0,382067736.0,3854.518701,922615808.0,104853504.0
2197,184954079.0,382067736.0,3865.985905,922337280.0,104853504.0
2202,184954079.0,382067736.0,3879.335473,924692480.0,104853504.0
2207,184954079.0,382067736.0,3889.173171,924438528.0,104853504.0
2212,184954079.0,382067736.0,3904.119636,924442624.0,104853504.0
2217,197941474.0,382084833.0,3906.859905,852172800.0,104853504.0
2222,197941558.0,382084917.0,3906.890687,852172800.0,104853504.0
2227,198037235.0,395258906.0,3921.307434,942583808.0,104853504.0
2233,198037235.0,395258906.0,3936.351585,942587904.0,104853504.0
2238,198174329.0,408450787.0,3943.974062,985219072.0,104853504.0
2243,198174329.0,408450787.0,3949.49022,621785088.0,104853504.0
2248,198174329.0,408450787.0,3955.203273,621907968.0,104853504.0
2253,198174329.0,408450787.0,3960.138287,625115136.0,104853504.0
2258,198174329.0,408450787.0,3964.425871,627703808.0,104853504.0
2263,198174329.0,408450787.0,3969.738182,658259968.0,104853504.0
2268,198174329.0,408450787.0,3973.585484,663916544.0,104853504.0
2273,198174329.0,408450787.0,3980.04005,730112000.0,104853504.0
2278,198174329.0,408450787.0,3984.718941,782090240.0,104853504.0
2283,198174329.0,408450787.0,3991.586495,901320704.0,104853504.0
2288,198174329.0,408450787.0,4005.640672,923619328.0,104853504.0
2293,198174329.0,408450787.0,4017.612771,927944704.0,104853504.0
2298,198174329.0,408450787.0,4031.229179,930447360.0,104853504.0
2304,198174329.0,408450787.0,4040.230886,930320384.0,104853504.0
2309,198174329.0,408450787.0,4055.788508,930582528.0,104853504.0
2314,198174329.0,408450787.0,4068.571488,930328576.0,104853504.0
2319,198174329.0,408450787.0,4077.719046,930553856.0,104853504.0
2324,198174329.0,408450787.0,4080.474977,930344960.0,104853504.0
2329,198174329.0,408450787.0,4096.271765,930385920.0,104853504.0
2334,198174329.0,408450787.0,4107.643239,939036672.0,104853504.0
2339,198174329.0,408450787.0,4117.444239,939040768.0,104853504.0
2344,198174329.0,408450787.0,4132.416837,939044864.0,104853504.0
2349,198174329.0,408450787.0,4143.119036,939044864.0,104853504.0
2354,198174329.0,408450787.0,4155.446389,939044864.0,104853504.0
2360,211161526.0,408467224.0,4168.598902,856965120.0,104853504.0
2365,211161526.0,408467224.0,4168.617204,856588288.0,104853504.0
2370,211223255.0,421558227.0,4172.914694,942657536.0,104853504.0
2375,211223255.0,421558227.0,4187.028053,942903296.0,104853504.0
2380,211223255.0,421558227.0,4196.265859,942899200.0,104853504.0
2385,211336721.0,434735192.0,4205.766366,1000787968.0,104853504.0
2390,211336721.0,434735192.0,4212.242028,826634240.0,104853504.0
2395,211336721.0,434735192.0,4217.014919,646721536.0,104853504.0
2400,211336721.0,434735192.0,4221.498189,647503872.0,104853504.0
2405,211336721.0,434735262.0,4226.848589,672321536.0,104853504.0
2410,211336721.0,434735262.0,4231.152117,674902016.0,104853504.0
2415,211336721.0,434735262.0,4235.966641,678678528.0,104853504.0
2420,211336721.0,434735262.0,4242.508126,744075264.0,104853504.0
2425,211336721.0,434735262.0,4247.627195,793296896.0,104853504.0
2430,211336721.0,434735262.0,4255.624344,911572992.0,104853504.0
2436,211336721.0,434735262.0,4267.292572,919724032.0,104853504.0
2441,211336721.0,434735262.0,4279.916027,911699968.0,104853504.0
2446,211336721.0,434735262.0,4292.678196,918441984.0,104853504.0
2451,211336721.0,434735262.0,4304.840589,924991488.0,104853504.0
2456,211336721.0,434735262.0,4318.791123,925257728.0,104853504.0
2461,211336721.0,434735262.0,4330.672055,930365440.0,104853504.0
2466,211336721.0,434735262.0,4339.719335,930709504.0,104853504.0
2471,211336721.0,434735262.0,4343.568049,931209216.0,104853504.0
2476,211336721.0,434735262.0,4358.3437,937799680.0,104853504.0
2481,211336721.0,434735262.0,4368.83071,937803776.0,104853504.0
2486,211336721.0,434735262.0,4379.727974,938070016.0,104853504.0
2491,211336721.0,434735262.0,4393.135455,937951232.0,104853504.0
2496,211336721.0,434735262.0,4404.442452,937955328.0,104853504.0
2502,211336721.0,434735262.0,4420.208855,937959424.0,104853504.0
2507,224324182.0,434752491.0,4430.361736,859926528.0,104853504.0
2512,224324266.0,434752575.0,4430.390355,859607040.0,104853504.0
2517,224384171.0,447842084.0,4440.319312,948908032.0,104853504.0
2522,224384171.0,447842084.0,4453.557929,949157888.0,104853504.0
2527,224384171.0,447842084.0,4465.223409,949551104.0,104853504.0
2532,224384171.0,447842084.0,4465.993945,915697664.0,104853504.0
2537,224505491.0,461026771.0,4469.765432,848543744.0,104853504.0
2542,224505491.0,461026771.0,4474.590831,836063232.0,104853504.0
2547,224505491.0,461026771.0,4479.522395,813367296.0,104853504.0
2552,224505491.0,461026771.0,4484.084426,693698560.0,104853504.0
2557,224505491.0,461026771.0,4489.806333,715931648.0,104853504.0
2562,224505491.0,461026771.0,4499.892558,721526784.0,104853504.0
2567,224505491.0,461026771.0,4503.682076,778952704.0,104853504.0
2573,224505491.0,461026771.0,4509.365934,798109696.0,104853504.0
2578,224505491.0,461026771.0,4518.692476,884051968.0,104853504.0
2583,224505491.0,461026771.0,4533.566725,898240512.0,104853504.0
2588,224505491.0,461026771.0,4543.931972,907161600.0,104853504.0
2593,224505491.0,461026771.0,4555.946116,914771968.0,104853504.0
2598,224505491.0,461026771.0,4569.051821,915849216.0,104853504.0
2603,224505491.0,461026771.0,4582.212981,929755136.0,104853504.0
2608,224505491.0,461026771.0,4592.674309,931164160.0,104853504.0
2613,224505491.0,461026771.0,4604.109637,937222144.0,104853504.0
2618,224505491.0,461026771.0,4619.583894,940875776.0,104853504.0
2623,224505491.0,461026771.0,4630.760772,909148160.0,104853504.0
2628,224505491.0,461026771.0,4641.526201,932487168.0,104853504.0
2633,224505491.0,461026771.0,4653.183764,932503552.0,104853504.0
2639,224505491.0,461026771.0,4668.910295,932634624.0,104853504.0
2644,224505491.0,461026771.0,4680.564952,933949440.0,104853504.0
2649,228760717.0,461030840.0,4692.624038,879919104.0,104853504.0
2654,237492730.0,461043580.0,4692.663229,858804224.0,104853504.0
2659,237613025.0,474238425.0,4693.148384,912867328.0,104853504.0
2664,237613025.0,474238425.0,4704.376877,948830208.0,104853504.0
2669,237613025.0,474238425.0,4716.724969,949092352.0,104853504.0
2674,237613025.0,474238425.0,4728.170948,915255296.0,104853504.0
2679,237613025.0,474238425.0,4728.194518,915230720.0,104853504.0
2684,237716657.0,487409714.0,4731.85574,708153344.0,104853504.0
2689,237716657.0,487409714.0,4738.063336,624472064.0,104853504.0
2694,237716657.0,487409714.0,4741.38934,624824320.0,104853504.0
2699,237716657.0,487409714.0,4747.259898,628776960.0,104853504.0
2705,237716657.0,487409714.0,4751.922138,649199616.0,104853504.0
2710,237716657.0,487409714.0,4758.081218,664809472.0,104853504.0
2715,237716657.0,487409714.0,4763.180164,671109120.0,104853504.0
2720,237716657.0,487409714.0,4767.662783,768217088.0,104853504.0
2725,237716657.0,487409714.0,4772.97584,784576512.0,104853504.0
2730,237716657.0,487409714.0,4785.299008,873807872.0,104853504.0
2735,237716657.0,487409714.0,4797.279471,892620800.0,104853504.0
2740,237716657.0,487409714.0,4809.431209,906346496.0,104853504.0
2745,237716657.0,487409714.0,4823.385238,908705792.0,104853504.0
2750,237716657.0,487409714.0,4834.405559,910938112.0,104853504.0
2755,237716657.0,487409714.0,4846.519447,912003072.0,104853504.0
2760,237716657.0,487409714.0,4858.954254,912007168.0,104853504.0
2765,237716657.0,487409714.0,4863.781681,912060416.0,104853504.0
2771,237716657.0,487409714.0,4871.929452,912027648.0,104853504.0
2776,237716657.0,487409714.0,4882.375622,918298624.0,104853504.0
2781,237716657.0,487409714.0,4896.790221,925511680.0,104853504.0
2786,237716657.0,487409714.0,4909.788264,925511680.0,104853504.0
2791,237716657.0,487409714.0,4921.843399,905850880.0,104853504.0
2796,237716657.0,487409714.0,4934.075311,928137216.0,104853504.0
2801,237716657.0,487409714.0,4945.828077,928137216.0,104853504.0
2806,237716657.0,487409714.0,4954.198982,928043008.0,104853504.0
2811,250768313.0,500518828.0,4955.019769,899751936.0,104853504.0
2816,250768355.0,500518870.0,4967.694941,945754112.0,104853504.0
2821,250768355.0,500518870.0,4980.108431,945754112.0,104853504.0
2826,250899575.0,513707451.0,4991.131787,880672768.0,104853504.0
2831,250899575.0,513707451.0,4997.123789,697716736.0,104853504.0
2837,250899575.0,513707451.0,5001.645597,632967168.0,104853504.0
2842,250899575.0,513707451.0,5007.021509,634372096.0,104853504.0
2847,250899575.0,513707451.0,5011.60717,636420096.0,104853504.0
2852,250899575.0,513707451.0,5015.946469,662380544.0,104853504.0
2857,250899575.0,513707451.0,5022.068019,669196288.0,104853504.0
2862,250899575.0,513707451.0,5027.152481,696913920.0,104853504.0
2867,250899575.0,513707451.0,5031.054255,771776512.0,104853504.0
2872,250899575.0,513707451.0,5041.374521,871772160.0,104853504.0
2877,250899575.0,513707451.0,5050.947901,898359296.0,104853504.0
2882,250899575.0,513707451.0,5063.97703,912166912.0,104853504.0
2887,250899575.0,513707451.0,5078.193365,912179200.0,104853504.0
2892,250899575.0,513707451.0,5100.487707,917708800.0,104853504.0
2897,250899575.0,513707451.0,5100.487707,917708800.0,104853504.0
2903,250899575.0,513707451.0,5123.114107,920215552.0,104853504.0
2908,250899575.0,513707451.0,5139.027243,923668480.0,104853504.0
2913,250899575.0,513707451.0,5149.735847,924073984.0,104853504.0
2918,250899575.0,513707451.0,5160.90284,924602368.0,104853504.0
2923,250899575.0,513707451.0,5176.380772,932700160.0,104853504.0
2928,250899575.0,513707451.0,5188.493556,932704256.0,104853504.0
2933,250899575.0,513707451.0,5199.035699,932708352.0,104853504.0
2938,250899575.0,513707451.0,5212.012178,935579648.0,104853504.0
2943,263886838.0,513724812.0,5216.842187,865759232.0,104853504.0
2948,263886922.0,513724896.0,5216.862461,865759232.0,104853504.0
2953,264006425.0,526922909.0,5221.104868,938545152.0,104853504.0
2958,264006425.0,526922909.0,5233.06355,938934272.0,104853504.0
2963,264006425.0,526922909.0,5246.400872,938934272.0,104853504.0
2968,264006425.0,526922909.0,5252.30418,938844160.0,104853504.0
