Time_stamp(s),Net_transmit(B),Net_receive(B),CPU_time(s),RAM_usage(B),Swap_free(B),,4,3977457664,104591360
0,3099.0,8610.0,9.591527,206462976.0,104591360.0
5,3141.0,8722.0,9.609979,206479360.0,104591360.0
10,111847.0,13194156.0,11.751728,356474880.0,104591360.0
15,111847.0,13194156.0,16.017862,400203776.0,104591360.0
20,111847.0,13194226.0,21.566418,421326848.0,104591360.0
25,111847.0,13194226.0,25.843027,432873472.0,104591360.0
30,111847.0,13194226.0,31.484264,491941888.0,104591360.0
35,111847.0,13194226.0,43.723812,607739904.0,104591360.0
40,111847.0,13194226.0,54.841808,628723712.0,104591360.0
45,111847.0,13194226.0,65.078691,624291840.0,104591360.0
50,111847.0,13194226.0,79.256739,628023296.0,104591360.0
55,111847.0,13194226.0,91.136551,629850112.0,104591360.0
61,111847.0,13194296.0,102.77367,646692864.0,104591360.0
66,111847.0,13194296.0,113.282924,650993664.0,104591360.0
71,111847.0,13194296.0,127.726133,636805120.0,104591360.0
76,111847.0,13194296.0,138.457764,647405568.0,104591360.0
81,111847.0,13194296.0,151.123425,622030848.0,104591360.0
86,111847.0,13194296.0,162.704659,626470912.0,104591360.0
91,111847.0,13194296.0,174.226474,637325312.0,104591360.0
96,111847.0,13194296.0,188.237555,621117440.0,104591360.0
101,111847.0,13194296.0,199.983736,610766848.0,104591360.0
106,111847.0,13194296.0,212.043282,629878784.0,104591360.0
111,111847.0,13194296.0,220.863187,642453504.0,104591360.0
116,111847.0,13194296.0,232.844663,631664640.0,104591360.0
121,111847.0,13194296.0,244.925905,624238592.0,104591360.0
127,111847.0,13194296.0,260.667491,636911616.0,104591360.0
132,111847.0,13194296.0,270.00533,641110016.0,104591360.0
137,111847.0,13194366.0,293.459888,645263360.0,104591360.0
142,111847.0,13194366.0,306.734484,651100160.0,104591360.0
147,111847.0,13194366.0,316.911182,631619584.0,104591360.0
152,111847.0,13194366.0,329.368937,633176064.0,104591360.0
157,111847.0,13194366.0,341.202585,620077056.0,104591360.0
162,111847.0,13194366.0,355.616839,622952448.0,104591360.0
167,111847.0,13194366.0,366.684888,661368832.0,104591360.0
172,111847.0,13194366.0,379.635412,644083712.0,104591360.0
177,111847.0,13194366.0,392.214354,650461184.0,104591360.0
182,111847.0,13194366.0,402.691011,652042240.0,104591360.0
187,111847.0,13194366.0,415.791527,638590976.0,104591360.0
192,111847.0,13194366.0,427.575561,653864960.0,104591360.0
197,111847.0,13194366.0,439.553909,630755328.0,104591360.0
203,111847.0,13194366.0,451.323741,653463552.0,104591360.0
208,111847.0,13194366.0,462.022513,658583552.0,104591360.0
213,111847.0,13194366.0,475.390524,607633408.0,104591360.0
218,112035.0,13194515.0,487.058938,632000512.0,104591360.0
223,112119.0,13194599.0,498.919551,627539968.0,104591360.0
228,13100231.0,13212604.0,508.813849,607076352.0,104591360.0
233,13100231.0,13212604.0,508.831926,606887936.0,104591360.0
238,13100231.0,13212604.0,508.870546,606887936.0,104591360.0
243,13100231.0,13212604.0,508.889843,606887936.0,104591360.0
248,13100231.0,13212604.0,508.909284,606887936.0,104591360.0
253,13100231.0,13212604.0,508.931357,606887936.0,104591360.0
258,13100231.0,13212604.0,508.954154,606887936.0,104591360.0
263,13100231.0,13212604.0,508.987919,606887936.0,104591360.0
268,13100231.0,13212604.0,509.01637,606887936.0,104591360.0
273,13100231.0,13212604.0,509.032332,606887936.0,104591360.0
279,13100231.0,13212604.0,509.055706,606887936.0,104591360.0
284,13100231.0,13212604.0,509.077193,606887936.0,104591360.0
289,13100231.0,13212604.0,509.093709,606887936.0,104591360.0
294,13108590.0,15285586.0,509.173635,608837632.0,104591360.0
299,13171291.0,26297242.0,517.920346,673726464.0,104591360.0
304,13171333.0,26297284.0,531.31105,673992704.0,104591360.0
309,13303319.0,39476559.0,539.500453,758190080.0,104591360.0
314,13303319.0,39476559.0,550.182539,724295680.0,104591360.0
319,13303319.0,39476559.0,562.841525,738680832.0,104591360.0
324,13303319.0,39476559.0,575.793582,749772800.0,104591360.0
329,13303319.0,39476559.0,588.949653,755216384.0,104591360.0
334,13303319.0,39476559.0,598.856849,755347456.0,104591360.0
339,13303319.0,39476559.0,612.739206,764874752.0,104591360.0
344,13303319.0,39476559.0,622.613177,765005824.0,104591360.0
350,13303319.0,39476559.0,636.276152,756760576.0,104591360.0
355,13303319.0,39476559.0,648.712035,757456896.0,104591360.0
360,13303319.0,39476559.0,661.455684,742965248.0,104591360.0
365,13303319.0,39476559.0,669.595552,745320448.0,104591360.0
370,13303319.0,39476559.0,681.796971,745320448.0,104591360.0
375,13303319.0,39476559.0,694.614225,761364480.0,104591360.0
380,13303319.0,39476559.0,708.534181,750370816.0,104591360.0
385,13303319.0,39476559.0,717.700496,760799232.0,104591360.0
390,13303319.0,39476559.0,731.453631,760700928.0,104591360.0
395,13303319.0,39476559.0,741.536331,752197632.0,104591360.0
400,13303319.0,39476559.0,756.181795,743288832.0,104591360.0
405,13303319.0,39476559.0,766.616892,749985792.0,104591360.0
410,13303319.0,39476559.0,777.214639,749998080.0,104591360.0
415,13303319.0,39476559.0,788.301611,732602368.0,104591360.0
421,13303319.0,39476559.0,803.531368,745836544.0,104591360.0
426,13303319.0,39476559.0,815.589256,753958912.0,104591360.0
431,13303319.0,39476559.0,827.86693,742924288.0,104591360.0
436,13303319.0,39476559.0,838.394292,753012736.0,104591360.0
441,13303319.0,39476559.0,851.155079,753016832.0,104591360.0
446,13303319.0,39476559.0,861.828852,753016832.0,104591360.0
451,13303319.0,39476559.0,874.907173,754184192.0,104591360.0
456,13303319.0,39476559.0,886.80669,744796160.0,104591360.0
461,13303319.0,39476559.0,895.894936,753979392.0,104591360.0
466,13303319.0,39476559.0,910.803889,745758720.0,104591360.0
471,13303319.0,39476559.0,920.678135,745758720.0,104591360.0
476,13303319.0,39476559.0,933.220553,752533504.0,104591360.0
482,13303319.0,39476559.0,946.233874,752537600.0,104591360.0
487,13303319.0,39476559.0,971.092541,732737536.0,104591360.0
492,13303319.0,39476559.0,982.843601,725618688.0,104591360.0
497,13303319.0,39476559.0,993.217446,740327424.0,104591360.0
502,13303319.0,39476559.0,1004.985506,747143168.0,104591360.0
507,26290551.0,39493218.0,1012.199901,657244160.0,104591360.0
512,26290593.0,39493260.0,1012.216501,657244160.0,104591360.0
517,26425276.0,52675077.0,1012.681609,660721664.0,104591360.0
522,26425276.0,52675077.0,1024.639915,632786944.0,104591360.0
527,26425276.0,52675077.0,1038.571182,633970688.0,104591360.0
532,26572336.0,65869862.0,1044.209114,748580864.0,104591360.0
537,26572336.0,65869862.0,1058.972835,781537280.0,104591360.0
542,26572336.0,65869862.0,1071.560929,792776704.0,104591360.0
547,26572336.0,65869862.0,1082.867281,777850880.0,104591360.0
553,26572336.0,65869862.0,1095.047509,761556992.0,104591360.0
558,26572336.0,65869862.0,1104.973885,774316032.0,104591360.0
563,26572336.0,65869862.0,1118.846858,791224320.0,104591360.0
568,26572336.0,65869862.0,1130.164936,779796480.0,104591360.0
573,26572336.0,65869862.0,1140.85772,789598208.0,104591360.0
578,26572336.0,65869862.0,1154.802786,794341376.0,104591360.0
583,26572336.0,65869862.0,1165.565281,801382400.0,104591360.0
588,26572336.0,65869932.0,1173.887097,801255424.0,104591360.0
593,26572336.0,65869932.0,1187.776169,775049216.0,104591360.0
598,26572336.0,65869932.0,1201.88247,796774400.0,104591360.0
603,26572336.0,65869932.0,1211.788145,796794880.0,104591360.0
608,26572336.0,65869932.0,1225.843132,797388800.0,104591360.0
614,26572336.0,65869932.0,1237.620349,809103360.0,104591360.0
619,26572336.0,65869932.0,1247.62325,801394688.0,104591360.0
624,26572336.0,65869932.0,1260.756764,782950400.0,104591360.0
629,26572336.0,65869932.0,1273.471716,793772032.0,104591360.0
634,26572336.0,65869932.0,1284.439194,801488896.0,104591360.0
639,26572336.0,65869932.0,1294.796204,796336128.0,104591360.0
644,26572336.0,65869932.0,1305.854285,799195136.0,104591360.0
649,26572336.0,65869932.0,1320.196185,806088704.0,104591360.0
654,26572336.0,65869932.0,1331.939345,806477824.0,104591360.0
659,26572336.0,65869932.0,1344.023667,806477824.0,104591360.0
664,26572336.0,65869932.0,1356.299107,806490112.0,104591360.0
669,26572336.0,65869932.0,1368.689151,828256256.0,104591360.0
674,26572336.0,65869932.0,1380.028332,806354944.0,104591360.0
679,26572336.0,65869932.0,1389.863299,807411712.0,104591360.0
684,26572336.0,65869932.0,1403.772958,809676800.0,104591360.0
690,26572336.0,65869932.0,1415.414522,809684992.0,104591360.0
695,26572336.0,65869932.0,1425.836998,815185920.0,104591360.0
700,26572336.0,65869932.0,1436.211795,815050752.0,104591360.0
705,26572336.0,65869932.0,1451.850717,771588096.0,104591360.0
710,26572336.0,65869932.0,1463.086293,804773888.0,104591360.0
715,26572336.0,65869932.0,1475.464854,805126144.0,104591360.0
720,26572336.0,65869932.0,1487.982061,784781312.0,104591360.0
725,26572336.0,65869932.0,1499.409944,811491328.0,104591360.0
730,39559533.0,65887095.0,1506.816874,712515584.0,104591360.0
735,39559575.0,65887137.0,1506.854488,712159232.0,104591360.0
740,39559575.0,65887137.0,1506.876764,712159232.0,104591360.0
745,39692542.0,79062776.0,1514.305929,704458752.0,104591360.0
750,39692542.0,79062776.0,1526.848697,704589824.0,104591360.0
755,39833728.0,92243701.0,1536.967517,806408192.0,104591360.0
761,39833770.0,92243743.0,1548.106958,831512576.0,104591360.0
766,39833770.0,92243743.0,1560.549382,834973696.0,104591360.0
771,39833770.0,92243743.0,1571.149045,812707840.0,104591360.0
776,39833770.0,92243743.0,1585.308516,828592128.0,104591360.0
781,39833770.0,92243743.0,1595.430995,838033408.0,104591360.0
786,39833770.0,92243743.0,1605.96063,838037504.0,104591360.0
791,39833770.0,92243743.0,1619.252335,838053888.0,104591360.0
796,39833770.0,92243743.0,1633.648021,838066176.0,104591360.0
801,39833770.0,92243743.0,1642.750099,838078464.0,104591360.0
806,39833770.0,92243743.0,1656.496688,844623872.0,104591360.0
811,39833770.0,92243743.0,1667.456964,845717504.0,104591360.0
816,39833770.0,92243743.0,1680.723484,845668352.0,104591360.0
821,39833770.0,92243743.0,1692.245391,826793984.0,104591360.0
827,39833770.0,92243743.0,1703.129834,845336576.0,104591360.0
832,39833770.0,92243743.0,1728.11926,848846848.0,104591360.0
837,39833770.0,92243743.0,1737.60133,855687168.0,104591360.0
842,39833770.0,92243743.0,1752.463429,855687168.0,104591360.0
847,39833770.0,92243743.0,1760.291267,855691264.0,104591360.0
852,39833770.0,92243743.0,1774.015247,855691264.0,104591360.0
857,39833770.0,92243743.0,1784.692035,855691264.0,104591360.0
862,39833770.0,92243743.0,1795.540414,858046464.0,104591360.0
867,39833770.0,92243743.0,1811.637964,858050560.0,104591360.0
872,39833770.0,92243743.0,1821.762217,858058752.0,104591360.0
877,39833770.0,92243743.0,1832.852521,858066944.0,104591360.0
882,39833770.0,92243743.0,1844.438011,858066944.0,104591360.0
887,39833770.0,92243743.0,1857.314652,858075136.0,104591360.0
892,39833770.0,92243743.0,1866.855417,858079232.0,104591360.0
898,39833770.0,92243743.0,1879.138279,858079232.0,104591360.0
903,39833770.0,92243743.0,1890.930927,858095616.0,104591360.0
908,39833770.0,92243743.0,1903.678993,832487424.0,104591360.0
913,39833770.0,92243743.0,1918.264164,843653120.0,104591360.0
918,39833770.0,92243743.0,1928.227721,815128576.0,104591360.0
923,39833770.0,92243743.0,1941.904087,830312448.0,104591360.0
928,39833770.0,92243743.0,1952.248055,808210432.0,104591360.0
933,39833770.0,92243743.0,1965.810899,826228736.0,104591360.0
938,39833770.0,92243743.0,1974.783474,836964352.0,104591360.0
943,39833770.0,92243743.0,1988.863379,842907648.0,104591360.0
948,52821033.0,92261632.0,2000.270448,747184128.0,104591360.0
953,52821033.0,92261632.0,2000.284896,747184128.0,104591360.0
959,52821117.0,92261716.0,2000.30645,747184128.0,104591360.0
964,52821117.0,92261716.0,2000.325247,747184128.0,104591360.0
969,52821117.0,92261716.0,2000.36236,747184128.0,104591360.0
974,52821117.0,92261716.0,2000.383445,747184128.0,104591360.0
979,52821117.0,92261716.0,2000.409592,747184128.0,104591360.0
984,52821117.0,92261716.0,2000.43,747184128.0,104591360.0
989,52821117.0,92261716.0,2000.466671,747184128.0,104591360.0
994,52821117.0,92261716.0,2000.490915,747184128.0,104591360.0
999,52821117.0,92261716.0,2000.509198,747184128.0,104591360.0
1004,52821117.0,92261716.0,2000.531118,747184128.0,104591360.0
1009,52821117.0,92261716.0,2000.576088,747184128.0,104591360.0
1014,52821117.0,92261716.0,2000.592488,747184128.0,104591360.0
1019,52968868.0,105457881.0,2007.605222,738623488.0,104591360.0
1025,52968952.0,105457965.0,2022.594253,740536320.0,104591360.0
1030,52969185.0,105458140.0,2028.107829,710922240.0,104591360.0
1035,52969185.0,105458140.0,2028.131097,710873088.0,104591360.0
1040,53106508.0,118651166.0,2029.235389,754298880.0,104591360.0
1045,53106508.0,118651166.0,2043.674927,773922816.0,104591360.0
1050,53106508.0,118651166.0,2054.833153,787632128.0,104591360.0
1055,53106508.0,118651166.0,2067.602593,787795968.0,104591360.0
1060,53106508.0,118651166.0,2078.826991,787546112.0,104591360.0
1065,53106508.0,118651166.0,2091.828197,787550208.0,104591360.0
1070,53106508.0,118651166.0,2101.109247,787550208.0,104591360.0
1075,53106508.0,118651166.0,2115.01545,787558400.0,104591360.0
1080,53106508.0,118651166.0,2124.109916,787558400.0,104591360.0
1085,53106508.0,118651166.0,2138.764174,768905216.0,104591360.0
1091,53106508.0,118651166.0,2150.977371,779550720.0,104591360.0
1096,53106508.0,118651166.0,2161.697575,780423168.0,104591360.0
1101,53106508.0,118651166.0,2175.357157,787419136.0,104591360.0
1106,53106508.0,118651166.0,2187.562748,789278720.0,104591360.0
1111,53106508.0,118651166.0,2198.178876,792178688.0,104591360.0
1116,53106508.0,118651166.0,2208.338535,792178688.0,104591360.0
1121,53106508.0,118651166.0,2222.251729,793178112.0,104591360.0
1126,53106508.0,118651166.0,2233.872876,793182208.0,104591360.0
1131,53106508.0,118651166.0,2245.232134,792924160.0,104591360.0
1136,53106508.0,118651166.0,2258.844063,792924160.0,104591360.0
1141,53106508.0,118651166.0,2271.141738,792924160.0,104591360.0
1146,53106508.0,118651166.0,2282.830111,792924160.0,104591360.0
1151,53106508.0,118651166.0,2292.471022,792924160.0,104591360.0
1156,53106508.0,118651166.0,2305.747737,792924160.0,104591360.0
1162,53106508.0,118651166.0,2316.942194,797380608.0,104591360.0
1167,53106508.0,118651236.0,2340.453819,797249536.0,104591360.0
1172,53106508.0,118651236.0,2353.068938,797249536.0,104591360.0
1177,53106508.0,118651236.0,2363.707489,758038528.0,104591360.0
1182,53106508.0,118651236.0,2376.48877,782004224.0,104591360.0
1187,53106508.0,118651236.0,2388.110758,768581632.0,104591360.0
1192,53106508.0,118651236.0,2397.673967,752226304.0,104591360.0
1197,53106508.0,118651236.0,2409.856483,735973376.0,104591360.0
1202,53106508.0,118651236.0,2424.46543,773931008.0,104591360.0
1207,53106508.0,118651236.0,2434.618513,781991936.0,104591360.0
1212,53106508.0,118651236.0,2445.97939,761962496.0,104591360.0
1217,53106508.0,118651236.0,2459.853954,777388032.0,104591360.0
1223,53106508.0,118651236.0,2470.938857,785096704.0,104591360.0
1228,53106508.0,118651236.0,2482.761183,784781312.0,104591360.0
1233,53106508.0,118651236.0,2492.992955,786157568.0,104591360.0
1238,66093921.0,118668747.0,2493.623518,686747648.0,104591360.0
1243,66093921.0,118668747.0,2493.656772,686747648.0,104591360.0
1248,66093921.0,118668747.0,2493.679722,686747648.0,104591360.0
1253,66093921.0,118668747.0,2493.703126,686747648.0,104591360.0
1258,66093921.0,118668747.0,2493.72407,686747648.0,104591360.0
1263,66093921.0,118668747.0,2493.739634,686747648.0,104591360.0
1268,66093921.0,118668747.0,2493.784097,686747648.0,104591360.0
1273,66093921.0,118668747.0,2493.804239,686747648.0,104591360.0
1278,66093921.0,118668747.0,2493.822725,686747648.0,104591360.0
1283,66093921.0,118668747.0,2493.843147,686747648.0,104591360.0
1289,66093921.0,118668747.0,2493.862608,686747648.0,104591360.0
1294,66093921.0,118668747.0,2493.906865,686747648.0,104591360.0
1299,66093921.0,118668747.0,2493.920899,686747648.0,104591360.0
1304,66237118.0,131851778.0,2501.116502,720928768.0,104591360.0
1309,66237202.0,131851862.0,2513.26189,720928768.0,104591360.0
1314,66237435.0,131852037.0,2521.508834,690073600.0,104591360.0
1319,66237435.0,131852037.0,2521.530097,690003968.0,104591360.0
1324,66383734.0,145047241.0,2525.906795,675000320.0,104591360.0
1329,66383734.0,145047241.0,2536.643411,706031616.0,104591360.0
1334,66383734.0,145047241.0,2549.955449,705957888.0,104591360.0
1339,66383734.0,145047241.0,2560.336572,679608320.0,104591360.0
1344,66383734.0,145047241.0,2570.410086,704991232.0,104591360.0
1349,66383734.0,145047241.0,2584.957562,693272576.0,104591360.0
1354,66383734.0,145047241.0,2595.09819,675966976.0,104591360.0
1360,66383734.0,145047241.0,2607.66837,709038080.0,104591360.0
1365,66383734.0,145047241.0,2619.034992,694362112.0,104591360.0
1370,66383734.0,145047241.0,2633.675224,698716160.0,104591360.0
1375,66383734.0,145047241.0,2646.063251,698720256.0,104591360.0
1380,66383734.0,145047241.0,2654.598633,705052672.0,104591360.0
1385,66383734.0,145047241.0,2666.573372,705003520.0,104591360.0
1390,66383734.0,145047241.0,2680.879388,690368512.0,104591360.0
1395,66383734.0,145047241.0,2690.705637,704962560.0,104591360.0
1400,66383734.0,145047241.0,2702.065923,706027520.0,104591360.0
1405,66383734.0,145047241.0,2713.825049,692834304.0,104591360.0
1410,66383734.0,145047241.0,2727.926456,704757760.0,104591360.0
1415,66383734.0,145047241.0,2740.257147,704581632.0,104591360.0
1420,66383734.0,145047241.0,2751.277995,711786496.0,104591360.0
1425,66383734.0,145047241.0,2764.928077,712003584.0,104591360.0
1431,66383734.0,145047241.0,2777.284052,685551616.0,104591360.0
1436,66383734.0,145047241.0,2788.576844,701120512.0,104591360.0
1441,66383734.0,145047241.0,2798.257393,715186176.0,104591360.0
1446,66383734.0,145047241.0,2812.995468,710664192.0,104591360.0
1451,66383734.0,145047241.0,2824.102836,720646144.0,104591360.0
1456,66383734.0,145047241.0,2837.299791,720605184.0,104591360.0
1461,66383734.0,145047241.0,2847.875147,691703808.0,104591360.0
1466,66383734.0,145047241.0,2859.430099,725446656.0,104591360.0
1471,66383734.0,145047241.0,2870.973451,725446656.0,104591360.0
1476,66383734.0,145047241.0,2883.001491,723165184.0,104591360.0
1481,66383734.0,145047241.0,2893.160756,702459904.0,104591360.0
1486,66383734.0,145047241.0,2908.961021,687501312.0,104591360.0
1491,66383734.0,145047241.0,2917.591575,709255168.0,104591360.0
1496,66383734.0,145047241.0,2932.285239,721633280.0,104591360.0
1501,66383734.0,145047241.0,2944.470125,721633280.0,104591360.0
1506,66383734.0,145047241.0,2954.55384,703672320.0,104591360.0
1512,66383734.0,145047241.0,2976.740689,710987776.0,104591360.0
1517,79371129.0,145064008.0,2987.724814,713592832.0,104591360.0
1522,79371213.0,145064092.0,2987.748032,713592832.0,104591360.0
1527,79371213.0,145064092.0,2987.773563,713592832.0,104591360.0
1532,79499098.0,158262963.0,2995.855272,698355712.0,104591360.0
1537,79499098.0,158262963.0,3009.356248,698097664.0,104591360.0
1542,79499331.0,158263138.0,3015.354249,666591232.0,104591360.0
1547,79499331.0,158263138.0,3015.379184,666591232.0,104591360.0
1552,79647478.0,171458210.0,3019.450531,800890880.0,104591360.0
1557,79647520.0,171458252.0,3031.778804,804229120.0,104591360.0
1562,79647520.0,171458252.0,3044.277024,802656256.0,104591360.0
1567,79647520.0,171458252.0,3055.831418,772976640.0,104591360.0
1572,79647520.0,171458252.0,3069.051962,825659392.0,104591360.0
1577,79647520.0,171458252.0,3080.919704,813666304.0,104591360.0
1582,79647520.0,171458252.0,3088.288509,818614272.0,104591360.0
1588,79647520.0,171458252.0,3103.470276,815136768.0,104591360.0
1593,79647520.0,171458252.0,3113.819452,819011584.0,104591360.0
1598,79647520.0,171458252.0,3126.176922,819015680.0,104591360.0
1603,79647520.0,171458252.0,3139.352591,821805056.0,104591360.0
1608,79647520.0,171458252.0,3152.30866,822730752.0,104591360.0
1613,79647520.0,171458252.0,3163.19623,822730752.0,104591360.0
1618,79647520.0,171458252.0,3174.726435,817430528.0,104591360.0
1623,79647520.0,171458252.0,3185.739442,829050880.0,104591360.0
1628,79647520.0,171458252.0,3197.217655,813096960.0,104591360.0
1633,79647520.0,171458252.0,3211.820145,824610816.0,104591360.0
1638,79647520.0,171458252.0,3222.586537,827604992.0,104591360.0
1643,79647520.0,171458252.0,3234.423634,827576320.0,104591360.0
1648,79647520.0,171458252.0,3246.135982,819019776.0,104591360.0
1654,79647520.0,171458252.0,3258.779375,814194688.0,104591360.0
1659,79647520.0,171458252.0,3268.976089,818802688.0,104591360.0
1664,79647520.0,171458252.0,3283.481788,812527616.0,104591360.0
1669,79647520.0,171458252.0,3293.527456,816578560.0,104591360.0
1674,79647520.0,171458252.0,3305.881773,830332928.0,104591360.0
1679,79647520.0,171458252.0,3318.141838,835620864.0,104591360.0
1684,79647520.0,171458252.0,3329.524707,826855424.0,104591360.0
1689,79647520.0,171458252.0,3343.220517,826748928.0,104591360.0
1694,79647520.0,171458252.0,3351.866013,832491520.0,104591360.0
1699,79647520.0,171458252.0,3363.662856,800632832.0,104591360.0
1704,79647520.0,171458252.0,3377.300021,809013248.0,104591360.0
1709,79647520.0,171458252.0,3386.844139,829132800.0,104591360.0
1715,79647520.0,171458252.0,3401.296462,814522368.0,104591360.0
1720,79647520.0,171458252.0,3413.347944,815050752.0,104591360.0
1725,79647520.0,171458252.0,3425.977437,818434048.0,104591360.0
1730,79647520.0,171458252.0,3437.273565,818434048.0,104591360.0
1735,79647520.0,171458252.0,3450.412722,827338752.0,104591360.0
1740,79647520.0,171458252.0,3462.600009,827338752.0,104591360.0
1745,79647520.0,171458252.0,3474.902707,827346944.0,104591360.0
1750,92634849.0,171475349.0,3480.947672,735408128.0,104591360.0
1755,92634891.0,171475391.0,3480.981942,735150080.0,104591360.0
1760,92634891.0,171475391.0,3481.000644,735150080.0,104591360.0
1765,92723704.0,184588264.0,3492.765816,710651904.0,104591360.0
1770,92723704.0,184588264.0,3504.465573,712888320.0,104591360.0
1775,92723937.0,184588439.0,3508.495941,682184704.0,104591360.0
1780,92723937.0,184588439.0,3508.516095,682110976.0,104591360.0
1786,92807404.0,197674809.0,3515.044278,747347968.0,104591360.0
1791,92807404.0,197674809.0,3527.497632,748404736.0,104591360.0
1796,92807404.0,197674809.0,3537.738009,754982912.0,104591360.0
1801,92807404.0,197674809.0,3547.416739,782487552.0,104591360.0
1806,92807404.0,197674809.0,3562.327396,745734144.0,104591360.0
1811,92807404.0,197674809.0,3572.989325,767389696.0,104591360.0
1816,92807404.0,197674809.0,3584.513718,739971072.0,104591360.0
1821,92807404.0,197674809.0,3598.734278,753086464.0,104591360.0
1826,92807404.0,197674809.0,3609.393126,767696896.0,104591360.0
1831,92807404.0,197674809.0,3620.914641,755638272.0,104591360.0
1836,92807404.0,197674809.0,3634.153352,781799424.0,104591360.0
1841,92807404.0,197674809.0,3644.775678,781799424.0,104591360.0
1846,92807404.0,197674809.0,3657.692514,785960960.0,104591360.0
1852,92807404.0,197674809.0,3669.423588,763625472.0,104591360.0
1857,92807404.0,197674809.0,3679.978268,777814016.0,104591360.0
1862,92807404.0,197674809.0,3705.702744,785145856.0,104591360.0
1867,92807404.0,197674809.0,3718.031739,785145856.0,104591360.0
1872,92807404.0,197674809.0,3727.551941,785145856.0,104591360.0
1877,92807404.0,197674809.0,3740.137406,785145856.0,104591360.0
1882,92807404.0,197674809.0,3751.634822,785145856.0,104591360.0
1887,92807404.0,197674809.0,3765.067181,785145856.0,104591360.0
1892,92807404.0,197674809.0,3776.564635,785145856.0,104591360.0
1897,92807404.0,197674809.0,3788.893452,785145856.0,104591360.0
1902,92807404.0,197674809.0,3800.08297,785154048.0,104591360.0
1907,92807404.0,197674809.0,3810.698697,785154048.0,104591360.0
1912,92807404.0,197674809.0,3824.134518,785154048.0,104591360.0
1917,92807404.0,197674809.0,3834.188902,785154048.0,104591360.0
1922,92807404.0,197674809.0,3847.036732,785416192.0,104591360.0
1928,92807404.0,197674809.0,3858.611456,785170432.0,104591360.0
1933,92807404.0,197674809.0,3870.575082,785170432.0,104591360.0
1938,92807404.0,197674809.0,3881.744963,785174528.0,104591360.0
1943,92807404.0,197674809.0,3896.476907,773890048.0,104591360.0
1948,92807404.0,197674809.0,3907.933,780767232.0,104591360.0
1953,92807404.0,197674809.0,3920.132168,783335424.0,104591360.0
1958,92807404.0,197674809.0,3931.638695,783335424.0,104591360.0
1963,92807404.0,197674809.0,3941.926213,766930944.0,104591360.0
1968,92807404.0,197674809.0,3955.321512,769851392.0,104591360.0
1973,92807404.0,197674809.0,3967.054907,769851392.0,104591360.0
1978,105794601.0,197691906.0,3974.307439,676048896.0,104591360.0
1983,105794643.0,197691948.0,3974.330315,675790848.0,104591360.0
1989,105794643.0,197691948.0,3974.35785,675790848.0,104591360.0
1994,105794643.0,197691948.0,3974.379124,675790848.0,104591360.0
1999,105794643.0,197691948.0,3974.401248,675790848.0,104591360.0
2004,105794643.0,197691948.0,3974.418834,675790848.0,104591360.0
2009,105794643.0,197691948.0,3974.435995,675790848.0,104591360.0
2014,105794643.0,197691948.0,3974.480475,675790848.0,104591360.0
2019,105794643.0,197691948.0,3974.497385,675790848.0,104591360.0
2024,105794643.0,197691948.0,3974.519805,675790848.0,104591360.0
2029,105794643.0,197691948.0,3974.53889,675790848.0,104591360.0
2034,105794643.0,197691948.0,3974.559729,675790848.0,104591360.0
2039,105794643.0,197691948.0,3974.578922,675790848.0,104591360.0
2044,105794643.0,197691948.0,3974.62207,675790848.0,104591360.0
2049,105909064.0,210869963.0,3984.955672,706949120.0,104591360.0
2054,105909148.0,210870047.0,3997.899199,706949120.0,104591360.0
2060,105909447.0,210870222.0,4002.194485,676614144.0,104591360.0
2065,105909447.0,210870222.0,4002.216741,676614144.0,104591360.0
2070,106044988.0,224043646.0,4009.359118,804978688.0,104591360.0
2075,106044988.0,224043646.0,4019.935713,822005760.0,104591360.0
2080,106044988.0,224043646.0,4031.05394,821751808.0,104591360.0
2085,106044988.0,224043646.0,4044.290542,821751808.0,104591360.0
2090,106044988.0,224043646.0,4057.502644,831229952.0,104591360.0
2095,106044988.0,224043646.0,4069.105929,839168000.0,104591360.0
2100,106044988.0,224043646.0,4078.996173,824545280.0,104591360.0
2105,106044988.0,224043646.0,4090.375444,824201216.0,104591360.0
2110,106044988.0,224043646.0,4102.315196,831660032.0,104591360.0
2115,106044988.0,224043646.0,4114.242105,819601408.0,104591360.0
2121,106044988.0,224043646.0,4128.642704,825434112.0,104591360.0
2126,106044988.0,224043646.0,4140.054417,825434112.0,104591360.0
2131,106044988.0,224043646.0,4151.356124,825434112.0,104591360.0
2136,106044988.0,224043646.0,4162.698826,825434112.0,104591360.0
2141,106044988.0,224043646.0,4172.905987,825434112.0,104591360.0
2146,106044988.0,224043646.0,4187.758938,825434112.0,104591360.0
2151,106044988.0,224043646.0,4199.099897,825434112.0,104591360.0
2156,106044988.0,224043646.0,4210.400199,825958400.0,104591360.0
2161,106044988.0,224043646.0,4220.654792,833597440.0,104591360.0
2166,106044988.0,224043646.0,4233.393709,833597440.0,104591360.0
2171,106044988.0,224043646.0,4246.692437,833597440.0,104591360.0
2176,106044988.0,224043646.0,4258.634124,834342912.0,104591360.0
2182,106044988.0,224043646.0,4271.47685,834347008.0,104591360.0
2187,106044988.0,224043646.0,4295.33465,820334592.0,104591360.0
2192,106044988.0,224043646.0,4308.144685,822378496.0,104591360.0
2197,106044988.0,224043646.0,4319.360197,822382592.0,104591360.0
2202,106044988.0,224043646.0,4331.947059,824999936.0,104591360.0
2207,106044988.0,224043646.0,4341.932659,827977728.0,104591360.0
2212,106044988.0,224043646.0,4352.138185,800813056.0,104591360.0
2217,106044988.0,224043646.0,4366.545229,819834880.0,104591360.0
2222,106044988.0,224043646.0,4378.552411,823771136.0,104591360.0
2227,106044988.0,224043646.0,4388.35761,825692160.0,104591360.0
2232,106044988.0,224043646.0,4401.398111,821657600.0,104591360.0
2237,106044988.0,224043646.0,4413.648436,822415360.0,104591360.0
2242,106044988.0,224043646.0,4427.231656,822415360.0,104591360.0
2247,106044988.0,224043646.0,4438.338905,822423552.0,104591360.0
2252,106044988.0,224043646.0,4448.988142,822431744.0,104591360.0
2258,106044988.0,224043646.0,4460.788183,805801984.0,104591360.0
2263,119032449.0,224060743.0,4466.277142,723062784.0,104591360.0
2268,119032491.0,224060785.0,4466.30368,723062784.0,104591360.0
2273,119032491.0,224060785.0,4466.324693,723062784.0,104591360.0
2278,119123548.0,237165342.0,4476.997376,717946880.0,104591360.0
2283,119123548.0,237165342.0,4488.638859,717946880.0,104591360.0
2288,119123781.0,237165517.0,4493.908801,687837184.0,104591360.0
2293,119123823.0,237165559.0,4493.929847,687681536.0,104591360.0
2298,119267746.0,250356341.0,4500.690946,753504256.0,104591360.0
2303,119267746.0,250356341.0,4514.064745,765149184.0,104591360.0
2308,119267746.0,250356341.0,4526.236531,760193024.0,104591360.0
2313,119267746.0,250356341.0,4537.673125,772640768.0,104591360.0
2318,119267746.0,250356341.0,4548.715278,787099648.0,104591360.0
2323,119267746.0,250356341.0,4562.449969,782811136.0,104591360.0
2329,119267746.0,250356341.0,4573.680667,737505280.0,104591360.0
2334,119267746.0,250356341.0,4583.835996,764739584.0,104591360.0
2339,119267746.0,250356341.0,4598.129341,770240512.0,104591360.0
2344,119267746.0,250356341.0,4609.679454,778530816.0,104591360.0
2349,119267746.0,250356341.0,4621.598855,778530816.0,104591360.0
2354,119267746.0,250356341.0,4632.120253,779366400.0,104591360.0
2359,119267746.0,250356411.0,4646.535522,783847424.0,104591360.0
2364,119267746.0,250356411.0,4658.187013,764473344.0,104591360.0
2369,119267746.0,250356411.0,4668.430459,772640768.0,104591360.0
2374,119267746.0,250356411.0,4682.638528,791961600.0,104591360.0
2379,119267746.0,250356411.0,4694.227806,793174016.0,104591360.0
2384,119267746.0,250356411.0,4704.901426,793174016.0,104591360.0
2389,119267746.0,250356411.0,4714.737907,793174016.0,104591360.0
2394,119267746.0,250356411.0,4727.377629,793174016.0,104591360.0
2399,119267746.0,250356411.0,4742.022222,793174016.0,104591360.0
2405,119267746.0,250356411.0,4752.112327,793174016.0,104591360.0
2410,119267746.0,250356411.0,4763.200647,793174016.0,104591360.0
2415,119267746.0,250356411.0,4775.449078,793174016.0,104591360.0
2420,119267746.0,250356411.0,4788.081306,793174016.0,104591360.0
2425,119267746.0,250356411.0,4799.167507,793174016.0,104591360.0
2430,119267746.0,250356411.0,4813.669899,793178112.0,104591360.0
2435,119267746.0,250356411.0,4824.763124,787648512.0,104591360.0
2440,119267746.0,250356411.0,4835.461295,787652608.0,104591360.0
2445,119267746.0,250356411.0,4849.676723,776380416.0,104591360.0
2450,119267746.0,250356411.0,4860.956072,779354112.0,104591360.0
2455,119267746.0,250356411.0,4872.113331,787488768.0,104591360.0
2460,119267746.0,250356411.0,4884.168298,787488768.0,104591360.0
2465,119267746.0,250356411.0,4896.846899,797761536.0,104591360.0
2471,119267746.0,250356411.0,4906.429989,798703616.0,104591360.0
2476,119267746.0,250356411.0,4920.493624,769609728.0,104591360.0
2481,119267746.0,250356411.0,4931.145773,773431296.0,104591360.0
2486,119267746.0,250356411.0,4944.825083,786706432.0,104591360.0
2491,119267746.0,250356411.0,4956.659481,784998400.0,104591360.0
2496,132255141.0,250373244.0,4959.357035,680136704.0,104591360.0
2501,132255225.0,250373328.0,4959.372962,680136704.0,104591360.0
2506,132255225.0,250373328.0,4959.392268,680136704.0,104591360.0
2511,132382318.0,263544545.0,4972.441892,713920512.0,104591360.0
2516,132382318.0,263544545.0,4985.872367,714575872.0,104591360.0
2521,132382551.0,263544720.0,4987.058779,683667456.0,104591360.0
2526,132382593.0,263544762.0,4987.099875,683667456.0,104591360.0
2531,132529354.0,276735280.0,4993.970735,821125120.0,104591360.0
2536,132529354.0,276735280.0,5007.481489,831971328.0,104591360.0
2541,132529354.0,276735280.0,5017.525443,820101120.0,104591360.0
2546,132529354.0,276735280.0,5029.5904,788860928.0,104591360.0
2552,132529354.0,276735280.0,5040.853706,809709568.0,104591360.0
2557,132529354.0,276735280.0,5063.103465,820092928.0,104591360.0
2562,132529354.0,276735280.0,5079.321846,823734272.0,104591360.0
2567,132529354.0,276735280.0,5090.457895,835477504.0,104591360.0
2572,132529354.0,276735280.0,5102.952482,835481600.0,104591360.0
2577,132529354.0,276735280.0,5114.454259,811552768.0,104591360.0
2582,132529354.0,276735280.0,5124.321988,813891584.0,104591360.0
2587,132529354.0,276735280.0,5139.267703,800047104.0,104591360.0
2592,132529354.0,276735280.0,5151.132046,807665664.0,104591360.0
2597,132529354.0,276735280.0,5161.036471,809005056.0,104591360.0
2602,132529354.0,276735280.0,5174.484081,813662208.0,104591360.0
2607,132529354.0,276735280.0,5186.526036,824434688.0,104591360.0
2612,132529354.0,276735280.0,5194.887272,817901568.0,104591360.0
2617,132529354.0,276735280.0,5208.014146,819695616.0,104591360.0
2623,132529354.0,276735280.0,5219.882596,833847296.0,104591360.0
2628,132529354.0,276735280.0,5234.338706,833847296.0,104591360.0
2633,132529354.0,276735280.0,5244.101933,833847296.0,104591360.0
2638,132529354.0,276735280.0,5256.905959,819507200.0,104591360.0
2643,132529354.0,276735280.0,5269.275033,831664128.0,104591360.0
2648,132529354.0,276735280.0,5281.806245,831664128.0,104591360.0
2653,132529354.0,276735280.0,5292.540778,834789376.0,104591360.0
2658,132529354.0,276735280.0,5303.149111,837931008.0,104591360.0
2663,132529354.0,276735280.0,5316.163299,833785856.0,104591360.0
2668,132529354.0,276735280.0,5327.650821,787685376.0,104591360.0
2673,132529354.0,276735280.0,5340.895281,815525888.0,104591360.0
2678,132529354.0,276735280.0,5354.0832,820158464.0,104591360.0
2684,132529354.0,276735280.0,5364.651101,822423552.0,104591360.0
2689,132529354.0,276735280.0,5376.898386,810295296.0,104591360.0
2694,132529354.0,276735280.0,5388.91279,834285568.0,104591360.0
2699,132529354.0,276735280.0,5399.329014,835338240.0,104591360.0
2704,132529354.0,276735280.0,5412.689619,798683136.0,104591360.0
2709,132529354.0,276735280.0,5424.194696,815906816.0,104591360.0
2714,132529354.0,276735280.0,5433.716484,818044928.0,104591360.0
2719,132529354.0,276735280.0,5448.228619,818425856.0,104591360.0
2724,145516617.0,276752179.0,5451.54167,734461952.0,104591360.0
2729,145516659.0,276752221.0,5451.562401,734461952.0,104591360.0
2734,145516659.0,276752221.0,5451.584774,734461952.0,104591360.0
2739,145516659.0,276752221.0,5451.618574,734461952.0,104591360.0
2745,145516659.0,276752221.0,5451.645398,734461952.0,104591360.0
2750,145516659.0,276752221.0,5451.661243,734461952.0,104591360.0
2755,145516659.0,276752221.0,5451.682353,734461952.0,104591360.0
2760,145516659.0,276752221.0,5451.727428,734461952.0,104591360.0
2765,145516659.0,276752221.0,5451.746645,734461952.0,104591360.0
2770,145516659.0,276752221.0,5451.764863,734461952.0,104591360.0
2775,145516659.0,276752221.0,5451.788171,734461952.0,104591360.0
2780,145516659.0,276752221.0,5451.807477,734461952.0,104591360.0
2785,145516659.0,276752221.0,5451.824174,734461952.0,104591360.0
2790,145591612.0,289834470.0,5452.260486,766574592.0,104591360.0
2795,145591696.0,289834554.0,5464.988503,745676800.0,104591360.0
2800,145591696.0,289834554.0,5476.087087,746004480.0,104591360.0
2805,145591929.0,289834729.0,5479.573415,715669504.0,104591360.0
2810,145591929.0,289834729.0,5479.600668,715669504.0,104591360.0
2816,145727866.0,303021353.0,5487.616379,831635456.0,104591360.0
2821,145727866.0,303021353.0,5499.971661,837099520.0,104591360.0
2826,145727866.0,303021353.0,5511.20754,848019456.0,104591360.0
2831,145727866.0,303021353.0,5521.178318,852779008.0,104591360.0
2836,145727866.0,303021353.0,5535.85863,865619968.0,104591360.0
2841,145727866.0,303021353.0,5548.4887,845504512.0,104591360.0
2846,145727866.0,303021353.0,5559.235965,851632128.0,104591360.0
2851,145727866.0,303021353.0,5572.210679,833302528.0,104591360.0
2856,145727866.0,303021353.0,5584.212773,835489792.0,104591360.0
2861,145727866.0,303021353.0,5594.776387,858972160.0,104591360.0
2866,145727866.0,303021353.0,5607.796591,866435072.0,104591360.0
2871,145727866.0,303021353.0,5618.856285,866426880.0,104591360.0
2876,145727866.0,303021353.0,5632.467082,865513472.0,104591360.0
2881,145727866.0,303021353.0,5643.5218,852754432.0,104591360.0
2887,145727866.0,303021353.0,5656.275616,860897280.0,104591360.0
2892,145727866.0,303021353.0,5678.089192,860909568.0,104591360.0
2897,145727866.0,303021353.0,5689.390546,860917760.0,104591360.0
2902,145727866.0,303021353.0,5704.069423,868794368.0,104591360.0
2907,145727866.0,303021353.0,5712.667212,868798464.0,104591360.0
2912,145727866.0,303021353.0,5726.040443,840888320.0,104591360.0
2917,145727866.0,303021353.0,5737.468975,861151232.0,104591360.0
2922,145727866.0,303021353.0,5751.966813,858263552.0,104591360.0
2927,145727866.0,303021353.0,5762.215554,858808320.0,104591360.0
2932,145727866.0,303021353.0,5774.338626,865677312.0,104591360.0
2937,145727866.0,303021353.0,5787.15401,863272960.0,104591360.0
2942,145727866.0,303021353.0,5799.455233,863948800.0,104591360.0
2947,145727866.0,303021353.0,5810.3392,861708288.0,104591360.0
2952,145727866.0,303021353.0,5823.181631,872361984.0,104591360.0
2958,145727866.0,303021353.0,5835.248496,859594752.0,104591360.0
2963,145727866.0,303021353.0,5845.011399,863776768.0,104591360.0
2968,145727866.0,303021353.0,5859.300415,863801344.0,104591360.0
2973,145727866.0,303021353.0,5869.564342,864858112.0,104591360.0
2978,145727866.0,303021353.0,5883.000188,862322688.0,104591360.0
2983,145727866.0,303021353.0,5894.388617,864407552.0,104591360.0
2988,145727866.0,303021353.0,5906.387674,867282944.0,104591360.0
2993,145727866.0,303021353.0,5917.690297,867287040.0,104591360.0
2998,145727866.0,303021353.0,5930.183034,867299328.0,104591360.0
3003,145727866.0,303021353.0,5941.363047,867303424.0,104591360.0
3008,158715195.0,303038780.0,5943.830136,756350976.0,104591360.0
3013,158715279.0,303038864.0,5943.852956,755920896.0,104591360.0
3018,158715279.0,303038864.0,5943.895436,755920896.0,104591360.0
3024,158715279.0,303038864.0,5943.912067,755920896.0,104591360.0
3029,158715279.0,303038864.0,5943.931649,755920896.0,104591360.0
3034,158715279.0,303038864.0,5943.952693,755920896.0,104591360.0
3039,158715279.0,303038864.0,5943.997108,755920896.0,104591360.0
3044,158715279.0,303038864.0,5944.011423,755920896.0,104591360.0
3049,158715279.0,303038864.0,5944.034166,755920896.0,104591360.0
3054,158715279.0,303038864.0,5944.055107,755920896.0,104591360.0
3059,158715279.0,303038864.0,5944.074723,755920896.0,104591360.0
3064,158715279.0,303038864.0,5944.098963,755920896.0,104591360.0
3069,158715279.0,303038864.0,5944.136641,755920896.0,104591360.0
3074,158750698.0,307232992.0,5944.198677,756449280.0,104591360.0
3079,158851696.0,316233001.0,5958.296119,727007232.0,104591360.0
3084,158851696.0,316233001.0,5970.011983,728907776.0,104591360.0
3089,159000274.0,329429304.0,5979.444018,834564096.0,104591360.0
3094,159000274.0,329429304.0,5990.830083,848859136.0,104591360.0
3100,159000274.0,329429304.0,6004.936173,848871424.0,104591360.0
3105,159000274.0,329429304.0,6016.235355,860336128.0,104591360.0
3110,159000274.0,329429304.0,6027.808509,863207424.0,104591360.0
3115,159000274.0,329429304.0,6040.141697,863207424.0,104591360.0
3120,159000274.0,329429304.0,6052.853719,863207424.0,104591360.0
3125,159000274.0,329429304.0,6064.441487,863207424.0,104591360.0
3130,159000274.0,329429304.0,6076.393259,874233856.0,104591360.0
3135,159000274.0,329429304.0,6087.157591,874233856.0,104591360.0
3140,159000274.0,329429304.0,6100.800101,874237952.0,104591360.0
3145,159000274.0,329429304.0,6110.14518,852955136.0,104591360.0
3150,159000274.0,329429304.0,6121.927957,865460224.0,104591360.0
3155,159000274.0,329429304.0,6134.613449,843501568.0,104591360.0
3160,159000274.0,329429304.0,6147.118061,847728640.0,104591360.0
3166,159000274.0,329429304.0,6156.815851,834883584.0,104591360.0
3171,159000274.0,329429304.0,6170.001599,853512192.0,104591360.0
3176,159000274.0,329429304.0,6181.846083,847630336.0,104591360.0
3181,159000274.0,329429304.0,6192.122884,867749888.0,104591360.0
3186,159000274.0,329429304.0,6205.944261,844222464.0,104591360.0
3191,159000274.0,329429304.0,6218.981472,843599872.0,104591360.0
3196,159000274.0,329429304.0,6229.013041,862978048.0,104591360.0
3201,159000274.0,329429304.0,6243.601166,863760384.0,104591360.0
3206,159000274.0,329429304.0,6251.580575,832196608.0,104591360.0
3211,159000274.0,329429304.0,6266.196276,868519936.0,104591360.0
3216,159000274.0,329429304.0,6276.618259,868519936.0,104591360.0
3221,159000274.0,329429304.0,6290.347886,871469056.0,104591360.0
3227,159000274.0,329429304.0,6299.623331,871477248.0,104591360.0
3232,159000274.0,329429304.0,6325.087468,871481344.0,104591360.0
3237,159000274.0,329429304.0,6335.527618,871485440.0,104591360.0
3242,159000274.0,329429304.0,6348.188892,841228288.0,104591360.0
3247,159000274.0,329429304.0,6360.666339,864575488.0,104591360.0
3252,159000274.0,329429304.0,6371.395125,876437504.0,104591360.0
3257,159000274.0,329429304.0,6383.660985,876437504.0,104591360.0
3262,159000274.0,329429304.0,6396.661288,878198784.0,104591360.0
3267,159000274.0,329429304.0,6406.976621,878202880.0,104591360.0
3272,159000274.0,329429304.0,6420.31301,871047168.0,104591360.0
3277,159000274.0,329429304.0,6433.705452,871321600.0,104591360.0
3282,171987669.0,329446071.0,6435.745213,771805184.0,104591360.0
3287,171987753.0,329446155.0,6435.765192,771805184.0,104591360.0
3292,172062640.0,336148401.0,6435.86513,772116480.0,104591360.0
3297,172135636.0,342639350.0,6448.810012,739000320.0,104591360.0
3303,172135636.0,342639350.0,6458.044651,739000320.0,104591360.0
3308,172135636.0,342639350.0,6463.354348,738934784.0,104591360.0
3313,172135636.0,342639350.0,6463.39085,738902016.0,104591360.0
3318,172281376.0,355832155.0,6472.319515,854401024.0,104591360.0
3323,172281376.0,355832155.0,6482.31903,873361408.0,104591360.0
3328,172281376.0,355832155.0,6496.720275,867725312.0,104591360.0
3333,172281376.0,355832155.0,6504.716728,875589632.0,104591360.0
3338,172281376.0,355832155.0,6519.071802,881201152.0,104591360.0
3343,172281376.0,355832155.0,6529.72343,890888192.0,104591360.0
3348,172281376.0,355832155.0,6543.248664,892325888.0,104591360.0
3353,172281376.0,355832155.0,6553.63178,892297216.0,104591360.0
3358,172281376.0,355832155.0,6564.262759,892297216.0,104591360.0
3363,172281376.0,355832155.0,6576.166317,892305408.0,104591360.0
3368,172281376.0,355832155.0,6588.021818,892305408.0,104591360.0
3373,172281376.0,355832155.0,6600.292642,888000512.0,104591360.0
3379,172281376.0,355832155.0,6613.058333,888004608.0,104591360.0
3384,172281376.0,355832155.0,6625.953421,890929152.0,104591360.0
3389,172281376.0,355832155.0,6636.58313,890929152.0,104591360.0
3394,172281376.0,355832155.0,6649.373896,890933248.0,104591360.0
3399,172281376.0,355832155.0,6660.92559,890941440.0,104591360.0
3404,172281376.0,355832155.0,6671.599295,898334720.0,104591360.0
3409,172281376.0,355832155.0,6685.944341,883503104.0,104591360.0
3414,172281376.0,355832155.0,6697.218563,885415936.0,104591360.0
3419,172281376.0,355832155.0,6707.215615,885420032.0,104591360.0
3424,172281376.0,355832155.0,6719.666408,885420032.0,104591360.0
3429,172281376.0,355832155.0,6732.658007,886513664.0,104591360.0
3435,172281376.0,355832155.0,6745.566778,886513664.0,104591360.0
3440,172281376.0,355832155.0,6756.212175,854581248.0,104591360.0
3445,172281376.0,355832155.0,6768.244551,878645248.0,104591360.0
3450,172281376.0,355832155.0,6782.079236,880689152.0,104591360.0
3455,172281376.0,355832155.0,6793.406836,880689152.0,104591360.0
3460,172281376.0,355832155.0,6804.723888,880697344.0,104591360.0
3465,172281376.0,355832155.0,6816.068864,880701440.0,104591360.0
3470,172281376.0,355832155.0,6829.417741,859082752.0,104591360.0
3475,172281376.0,355832155.0,6839.702904,882069504.0,104591360.0
3480,172281376.0,355832155.0,6851.358052,882073600.0,104591360.0
3485,172281376.0,355832155.0,6862.689351,882081792.0,104591360.0
3490,172281376.0,355832155.0,6876.699548,882081792.0,104591360.0
3495,172281376.0,355832155.0,6889.07359,882081792.0,104591360.0
3501,172281376.0,355832155.0,6900.254977,882081792.0,104591360.0
3506,172281376.0,355832155.0,6911.76928,884772864.0,104591360.0
3511,172281376.0,355832155.0,6921.659803,884772864.0,104591360.0
3516,185268771.0,355849384.0,6927.428237,772345856.0,104591360.0
3521,185268813.0,355849426.0,6927.44743,772345856.0,104591360.0
3526,185401714.0,369023019.0,6927.891987,779415552.0,104591360.0
3531,185401714.0,369023019.0,6938.887454,789520384.0,104591360.0
3536,185401714.0,369023019.0,6953.738152,789520384.0,104591360.0
3541,185547982.0,382217606.0,6963.607803,879677440.0,104591360.0
3546,185547982.0,382217606.0,6974.254126,888422400.0,104591360.0
3551,185547982.0,382217606.0,6982.632298,888422400.0,104591360.0
3556,185547982.0,382217606.0,6997.470558,888692736.0,104591360.0
3561,185547982.0,382217606.0,7009.439776,888438784.0,104591360.0
3566,185547982.0,382217606.0,7023.038151,888442880.0,104591360.0
3571,185547982.0,382217606.0,7030.835301,888442880.0,104591360.0
3577,185547982.0,382217606.0,7044.627717,892190720.0,104591360.0
3582,185547982.0,382217606.0,7055.573995,880586752.0,104591360.0
3587,185547982.0,382217606.0,7067.227086,880594944.0,104591360.0
3592,185547982.0,382217606.0,7090.633789,895578112.0,104591360.0
3597,185547982.0,382217606.0,7105.752452,895590400.0,104591360.0
3602,185547982.0,382217606.0,7116.18192,895320064.0,104591360.0
3607,185547982.0,382217606.0,7128.664632,895324160.0,104591360.0
3612,185547982.0,382217606.0,7140.313735,895324160.0,104591360.0
3617,185547982.0,382217606.0,7153.180868,902668288.0,104591360.0
3622,185547982.0,382217606.0,7164.915884,902647808.0,104591360.0
3627,185547982.0,382217606.0,7177.111456,902647808.0,104591360.0
3632,185547982.0,382217606.0,7189.46679,902647808.0,104591360.0
3637,185547982.0,382217606.0,7201.680314,902647808.0,104591360.0
3642,185547982.0,382217606.0,7212.568476,902647808.0,104591360.0
3647,185547982.0,382217606.0,7222.992862,904482816.0,104591360.0
3653,185547982.0,382217606.0,7234.520843,885268480.0,104591360.0
3658,185547982.0,382217606.0,7247.934494,868438016.0,104591360.0
3663,185547982.0,382217606.0,7259.809976,881397760.0,104591360.0
3668,185547982.0,382217606.0,7270.754308,875446272.0,104591360.0
3673,185547982.0,382217606.0,7283.032968,885440512.0,104591360.0
3678,185547982.0,382217606.0,7293.477373,850075648.0,104591360.0
3683,185547982.0,382217606.0,7307.561034,874577920.0,104591360.0
3688,185547982.0,382217606.0,7317.09739,883761152.0,104591360.0
3693,185547982.0,382217606.0,7331.320211,884445184.0,104591360.0
3698,185547982.0,382217606.0,7341.665662,897507328.0,104591360.0
3703,185547982.0,382217606.0,7356.51277,899633152.0,104591360.0
3708,185547982.0,382217606.0,7365.557441,899633152.0,104591360.0
3714,185547982.0,382217606.0,7380.030271,893820928.0,104591360.0
3719,185547982.0,382217606.0,7389.791037,879828992.0,104591360.0
3724,185547982.0,382217606.0,7400.974693,894840832.0,104591360.0
3729,185547982.0,382217606.0,7415.707107,886112256.0,104591360.0
3734,198535245.0,382234571.0,7420.506906,774230016.0,104591360.0
3739,198535287.0,382234613.0,7420.545881,774230016.0,104591360.0
3744,198535287.0,382234613.0,7420.565995,774230016.0,104591360.0
3749,198681652.0,395424640.0,7426.615283,754352128.0,104591360.0
3754,198681652.0,395424640.0,7442.955494,757501952.0,104591360.0
3759,198813004.0,408618435.0,7451.381295,863318016.0,104591360.0
3764,198813046.0,408618477.0,7460.749898,861028352.0,104591360.0
3769,198813046.0,408618477.0,7474.677419,885440512.0,104591360.0
3774,198813046.0,408618477.0,7486.359314,867041280.0,104591360.0
3780,198813046.0,408618477.0,7497.485663,867319808.0,104591360.0
3785,198813046.0,408618477.0,7509.879614,887975936.0,104591360.0
3790,198813046.0,408618477.0,7523.806451,871251968.0,104591360.0
3795,198813046.0,408618477.0,7534.702429,880500736.0,104591360.0
3800,198813046.0,408618477.0,7546.51426,877146112.0,104591360.0
3805,198813046.0,408618477.0,7557.963442,895037440.0,104591360.0
3810,198813046.0,408618477.0,7568.744945,897789952.0,104591360.0
3815,198813046.0,408618477.0,7583.187035,887390208.0,104591360.0
3820,198813046.0,408618477.0,7593.847718,907886592.0,104591360.0
3825,198813046.0,408618477.0,7604.782907,907886592.0,104591360.0
3830,198813046.0,408618477.0,7617.258951,907886592.0,104591360.0
3835,198813046.0,408618477.0,7630.190995,907898880.0,104591360.0
3841,198813046.0,408618477.0,7641.79002,907898880.0,104591360.0
3846,198813046.0,408618477.0,7653.376487,907898880.0,104591360.0
3851,198813046.0,408618477.0,7665.4175,908685312.0,104591360.0
3856,198813046.0,408618477.0,7678.815455,908685312.0,104591360.0
3861,198813046.0,408618477.0,7690.420027,908685312.0,104591360.0
3866,198813046.0,408618477.0,7701.451369,908689408.0,104591360.0
3871,198813046.0,408618477.0,7713.294991,908693504.0,104591360.0
3876,198813046.0,408618477.0,7723.554862,908820480.0,104591360.0
3881,198813046.0,408618477.0,7737.263919,878723072.0,104591360.0
3886,198813046.0,408618477.0,7748.447979,880984064.0,104591360.0
3891,198813046.0,408618477.0,7761.245672,891715584.0,104591360.0
3896,198813046.0,408618477.0,7773.714491,891715584.0,104591360.0
3901,198813046.0,408618477.0,7782.017559,891715584.0,104591360.0
3906,198813046.0,408618477.0,7798.225443,891719680.0,104591360.0
3912,198813046.0,408618477.0,7819.991367,891723776.0,104591360.0
3917,198813046.0,408618477.0,7831.892776,891723776.0,104591360.0
3922,198813046.0,408618477.0,7845.783389,895266816.0,104591360.0
3927,198813046.0,408618477.0,7857.392858,896319488.0,104591360.0
3932,198813046.0,408618477.0,7867.833644,873259008.0,104591360.0
3937,198813046.0,408618477.0,7879.135696,868220928.0,104591360.0
3942,198813046.0,408618477.0,7892.057627,889561088.0,104591360.0
3947,198813046.0,408618477.0,7904.673508,889880576.0,104591360.0
3952,211800573.0,408636102.0,7913.008757,780513280.0,104591360.0
3957,211800657.0,408636186.0,7913.031052,780382208.0,104591360.0
3962,211800657.0,408636186.0,7913.049386,780382208.0,104591360.0
3967,211943788.0,421830503.0,7919.932275,761511936.0,104591360.0
3973,211943788.0,421830503.0,7933.774114,761253888.0,104591360.0
3978,211944021.0,421830678.0,7940.49424,731258880.0,104591360.0
3983,211944063.0,421830720.0,7940.539196,731185152.0,104591360.0
3988,212093926.0,435025726.0,7943.427393,864231424.0,104591360.0
3993,212093926.0,435025726.0,7955.130195,877101056.0,104591360.0
3998,212093926.0,435025726.0,7969.024483,884695040.0,104591360.0
4003,212093926.0,435025726.0,7979.461964,884695040.0,104591360.0
4008,212093926.0,435025726.0,7991.510464,886530048.0,104591360.0
4013,212093926.0,435025726.0,8003.729492,866779136.0,104591360.0
4018,212093926.0,435025726.0,8015.317926,866791424.0,104591360.0
4023,212093926.0,435025726.0,8028.53142,866795520.0,104591360.0
4028,212093926.0,435025726.0,8037.003721,869122048.0,104591360.0
4033,212093926.0,435025726.0,8050.909483,869400576.0,104591360.0
4039,212093926.0,435025726.0,8063.626454,840175616.0,104591360.0
4044,212093926.0,435025726.0,8074.637418,869146624.0,104591360.0
4049,212093926.0,435025726.0,8087.608049,875454464.0,104591360.0
4054,212093926.0,435025726.0,8098.002936,876756992.0,104591360.0
4059,212093926.0,435025726.0,8111.491558,883974144.0,104591360.0
4064,212093926.0,435025726.0,8123.127421,887603200.0,104591360.0
4069,212093926.0,435025726.0,8133.802439,887611392.0,104591360.0
4074,212093926.0,435025726.0,8146.221763,888143872.0,104591360.0
4079,212093926.0,435025726.0,8157.409955,892321792.0,104591360.0
4084,212093926.0,435025726.0,8171.157516,886214656.0,104591360.0
4089,212093926.0,435025726.0,8180.513239,887484416.0,104591360.0
4094,212093926.0,435025726.0,8193.281499,894873600.0,104591360.0
4099,212093926.0,435025726.0,8203.670288,894619648.0,104591360.0
4105,212093926.0,435025726.0,8218.825007,884506624.0,104591360.0
4110,212093926.0,435025726.0,8230.536751,888791040.0,104591360.0
4115,212093926.0,435025726.0,8242.607122,893734912.0,104591360.0
4120,212093926.0,435025726.0,8254.373462,895594496.0,104591360.0
4125,212093926.0,435025726.0,8266.275798,899923968.0,104591360.0
4130,212093926.0,435025726.0,8274.926744,882356224.0,104591360.0
4135,212093926.0,435025726.0,8290.349164,895283200.0,104591360.0
4140,212093926.0,435025726.0,8300.501065,895283200.0,104591360.0
4145,212093926.0,435025726.0,8312.904466,895291392.0,104591360.0
4150,212093926.0,435025726.0,8325.796499,895295488.0,104591360.0
4155,212093926.0,435025726.0,8336.240078,895295488.0,104591360.0
4160,212093926.0,435025726.0,8349.489768,895557632.0,104591360.0
4166,212093926.0,435025726.0,8362.070316,898441216.0,104591360.0
4171,212093926.0,435025726.0,8371.751591,898441216.0,104591360.0
4176,212093926.0,435025726.0,8382.781592,905011200.0,104591360.0
4181,212093926.0,435025726.0,8394.390125,905003008.0,104591360.0
4186,225081321.0,435042823.0,8404.658012,792866816.0,104591360.0
4191,225081405.0,435042907.0,8404.677573,792608768.0,104591360.0
4196,225081405.0,435042907.0,8404.698151,792608768.0,104591360.0
4201,225166852.0,448132416.0,8410.822566,680267776.0,104591360.0
4206,225166852.0,448132416.0,8425.425267,685105152.0,104591360.0
4211,225166852.0,448132416.0,8432.273996,686223360.0,104591360.0
4216,225166852.0,448132416.0,8432.30293,686223360.0,104591360.0
4221,225303418.0,461328455.0,8434.9312,821047296.0,104591360.0
4226,225303460.0,461328497.0,8446.768764,836546560.0,104591360.0
4231,225303460.0,461328497.0,8458.43575,837672960.0,104591360.0
4236,225303460.0,461328497.0,8471.713049,848887808.0,104591360.0
4242,225303460.0,461328497.0,8482.866916,854892544.0,104591360.0
4247,225303460.0,461328497.0,8507.598179,854925312.0,104591360.0
4252,225303460.0,461328497.0,8517.844966,824664064.0,104591360.0
4257,225303460.0,461328497.0,8530.834835,833630208.0,104591360.0
4262,225303460.0,461328497.0,8542.643669,856727552.0,104591360.0
4267,225303460.0,461328497.0,8552.756,856002560.0,104591360.0
4272,225303460.0,461328497.0,8567.173241,821948416.0,104591360.0
4277,225303460.0,461328497.0,8576.004985,842997760.0,104591360.0
4282,225303460.0,461328497.0,8588.647883,831971328.0,104591360.0
4287,225303460.0,461328497.0,8601.045867,843931648.0,104591360.0
4292,225303460.0,461328497.0,8614.968708,845606912.0,104591360.0
4297,225303460.0,461328497.0,8626.851674,848818176.0,104591360.0
4302,225303460.0,461328497.0,8635.556186,848818176.0,104591360.0
4307,225303460.0,461328497.0,8650.67467,832077824.0,104591360.0
4312,225303460.0,461328497.0,8662.623116,849825792.0,104591360.0
4318,225303460.0,461328497.0,8673.125422,830869504.0,104591360.0
4323,225303460.0,461328497.0,8684.982232,833773568.0,104591360.0
4328,225303460.0,461328497.0,8695.593361,829861888.0,104591360.0
4333,225303460.0,461328497.0,8710.427618,814297088.0,104591360.0
4338,225303460.0,461328497.0,8722.242965,831692800.0,104591360.0
4343,225303460.0,461328497.0,8732.248308,831434752.0,104591360.0
4348,225303460.0,461328497.0,8746.134521,831721472.0,104591360.0
4353,225303460.0,461328497.0,8757.951149,835350528.0,104591360.0
4358,225303460.0,461328497.0,8769.468861,843632640.0,104591360.0
4363,225303460.0,461328497.0,8782.292986,845053952.0,104591360.0
4368,225303460.0,461328497.0,8792.548379,829005824.0,104591360.0
4373,225303460.0,461328497.0,8804.588349,810356736.0,104591360.0
4378,225303460.0,461328497.0,8817.373093,832356352.0,104591360.0
4383,225303460.0,461328497.0,8827.873717,832356352.0,104591360.0
4388,225303460.0,461328497.0,8839.651278,840925184.0,104591360.0
4393,225303460.0,461328497.0,8850.36955,842715136.0,104591360.0
4399,225303460.0,461328497.0,8861.207563,823484416.0,104591360.0
4404,225303460.0,461328497.0,8875.63876,840388608.0,104591360.0
4409,225303460.0,461328497.0,8886.400168,840392704.0,104591360.0
4414,238290789.0,461345132.0,8896.905937,766717952.0,104591360.0
4419,238290831.0,461345174.0,8896.926751,766308352.0,104591360.0
4424,238290831.0,461345174.0,8896.946784,766308352.0,104591360.0
4429,238391260.0,474474745.0,8905.191039,768512000.0,104591360.0
4434,238391260.0,474474745.0,8917.031914,768512000.0,104591360.0
4439,238391493.0,474474920.0,8924.327948,737853440.0,104591360.0
4444,238391493.0,474474920.0,8924.353888,737853440.0,104591360.0
4449,238535680.0,487670652.0,8927.732446,854847488.0,104591360.0
4454,238535680.0,487670652.0,8940.34908,870522880.0,104591360.0
4459,238535680.0,487670652.0,8950.613959,872693760.0,104591360.0
4464,238535680.0,487670652.0,8963.671297,877359104.0,104591360.0
4469,238535680.0,487670652.0,8974.200527,879251456.0,104591360.0
4475,238535680.0,487670652.0,8987.732122,863424512.0,104591360.0
4480,238535680.0,487670652.0,8999.347136,890769408.0,104591360.0
4485,238535680.0,487670652.0,9011.436852,855908352.0,104591360.0
4490,238535680.0,487670652.0,9021.255714,884600832.0,104591360.0
4495,238535680.0,487670652.0,9035.10142,884596736.0,104591360.0
4500,238535680.0,487670652.0,9046.928975,884596736.0,104591360.0
4505,238535680.0,487670652.0,9057.663663,857092096.0,104591360.0
4510,238535680.0,487670652.0,9071.086305,882094080.0,104591360.0
4515,238535680.0,487670652.0,9081.362541,851214336.0,104591360.0
4520,238535680.0,487670652.0,9094.637723,875618304.0,104591360.0
4525,238535680.0,487670652.0,9106.092321,875528192.0,104591360.0
4531,238535680.0,487670652.0,9117.569874,850472960.0,104591360.0
4536,238535680.0,487670652.0,9131.050417,870645760.0,104591360.0
4541,238535680.0,487670652.0,9141.981645,888012800.0,104591360.0
4546,238535680.0,487670652.0,9152.835275,871153664.0,104591360.0
4551,238535680.0,487670652.0,9166.022381,886841344.0,104591360.0
4556,238535680.0,487670652.0,9177.592864,889720832.0,104591360.0
4561,238535680.0,487670652.0,9189.584746,889237504.0,104591360.0
4566,238535680.0,487670652.0,9202.076319,878096384.0,104591360.0
4571,238535680.0,487670652.0,9213.938487,879902720.0,104591360.0
4576,238535680.0,487670652.0,9224.197154,879910912.0,104591360.0
4581,238535680.0,487670652.0,9235.617156,885661696.0,104591360.0
4586,238535680.0,487670652.0,9249.685763,900120576.0,104591360.0
4592,238535680.0,487670652.0,9262.36324,883736576.0,104591360.0
4597,238535680.0,487670652.0,9284.181004,870535168.0,104591360.0
4602,238535680.0,487670652.0,9297.366076,883658752.0,104591360.0
4607,238535680.0,487670652.0,9307.337507,884420608.0,104591360.0
4612,238535680.0,487670652.0,9319.725698,888119296.0,104591360.0
4617,238535680.0,487670652.0,9331.788,888123392.0,104591360.0
4622,238535680.0,487670652.0,9344.27729,888123392.0,104591360.0
4627,238535680.0,487670652.0,9357.508504,888123392.0,104591360.0
4632,238535680.0,487670652.0,9366.103416,894574592.0,104591360.0
4637,238535680.0,487670652.0,9380.992266,894574592.0,104591360.0
4642,251523075.0,487687749.0,9389.28902,746889216.0,104591360.0
4647,251523159.0,487687833.0,9389.304529,746848256.0,104591360.0
4652,251523159.0,487687833.0,9389.32557,746848256.0,104591360.0
4658,251523159.0,487687833.0,9389.369466,746848256.0,104591360.0
4663,251523159.0,487687833.0,9389.389542,746848256.0,104591360.0
4668,251523159.0,487687833.0,9389.407102,746848256.0,104591360.0
4673,251523159.0,487687833.0,9389.431129,746848256.0,104591360.0
4678,251523159.0,487687833.0,9389.461923,746848256.0,104591360.0
4683,251523159.0,487687833.0,9389.483483,746848256.0,104591360.0
4688,251523159.0,487687833.0,9389.502975,746848256.0,104591360.0
4693,251523159.0,487687833.0,9389.525408,746848256.0,104591360.0
4698,251523159.0,487687833.0,9389.548405,746848256.0,104591360.0
4703,251523159.0,487687833.0,9389.589024,746848256.0,104591360.0
4708,251523159.0,487687833.0,9389.605371,746848256.0,104591360.0
4713,251671768.0,500882018.0,9396.983518,780734464.0,104591360.0
4718,251671852.0,500882172.0,9411.525192,780931072.0,104591360.0
4723,251813079.0,514071950.0,9419.536781,864006144.0,104591360.0
4729,251813079.0,514071950.0,9433.215465,879505408.0,104591360.0
4734,251813079.0,514071950.0,9445.251005,879673344.0,104591360.0
4739,251813079.0,514071950.0,9456.626109,895500288.0,104591360.0
4744,251813079.0,514071950.0,9467.157134,866496512.0,104591360.0
4749,251813079.0,514071950.0,9479.402701,885891072.0,104591360.0
4754,251813079.0,514071950.0,9490.264781,889720832.0,104591360.0
4759,251813079.0,514071950.0,9502.345506,889565184.0,104591360.0
4764,251813079.0,514071950.0,9515.751919,879009792.0,104591360.0
4769,251813079.0,514071950.0,9527.987079,894455808.0,104591360.0
4774,251813079.0,514071950.0,9537.769612,876642304.0,104591360.0
4779,251813079.0,514071950.0,9551.931889,899358720.0,104591360.0
4784,251813079.0,514071950.0,9562.357676,899620864.0,104591360.0
4789,251813079.0,514071950.0,9572.956216,882130944.0,104591360.0
4794,251813079.0,514071950.0,9585.783248,902922240.0,104591360.0
4800,251813079.0,514071950.0,9597.741211,902807552.0,104591360.0
4805,251813079.0,514071950.0,9610.05492,903069696.0,104591360.0
4810,251813079.0,514071950.0,9620.237461,889364480.0,104591360.0
4815,251813079.0,514071950.0,9632.125978,896704512.0,104591360.0
4820,251813079.0,514071950.0,9643.415444,896704512.0,104591360.0
4825,251813079.0,514071950.0,9657.271588,902213632.0,104591360.0
4830,251813079.0,514071950.0,9669.189304,882114560.0,104591360.0
4835,251813079.0,514071950.0,9679.945012,884641792.0,104591360.0
4840,251813079.0,514071950.0,9693.516282,895250432.0,104591360.0
4845,251813079.0,514071950.0,9702.846434,905265152.0,104591360.0
4850,251813079.0,514071950.0,9716.666638,905265152.0,104591360.0
4855,251813079.0,514071950.0,9728.167986,905265152.0,104591360.0
4860,251813079.0,514071950.0,9739.246147,877957120.0,104591360.0
4865,251813079.0,514071950.0,9752.237034,880078848.0,104591360.0
4871,251813079.0,514071950.0,9763.643673,881336320.0,104591360.0
4876,251813079.0,514071950.0,9776.204768,896299008.0,104591360.0
4881,251813079.0,514071950.0,9789.120289,900501504.0,104591360.0
4886,251813079.0,514071950.0,9799.506028,874614784.0,104591360.0
4891,251813079.0,514071950.0,9812.347838,868163584.0,104591360.0
4896,251813079.0,514071950.0,9824.270054,856031232.0,104591360.0
4901,251813079.0,514071950.0,9836.30197,877027328.0,104591360.0
4906,251813079.0,514071950.0,9848.466249,879636480.0,104591360.0
4911,251813079.0,514071950.0,9860.817665,863797248.0,104591360.0
4916,251813079.0,514071950.0,9871.201581,875479040.0,104591360.0
4921,251813079.0,514071950.0,9881.471894,878313472.0,104591360.0
4926,264800532.0,514088933.0,9881.717013,766701568.0,104591360.0
4931,264800532.0,514088933.0,9881.736345,766701568.0,104591360.0
4936,264934291.0,527270776.0,9888.603767,775471104.0,104591360.0
4942,264934291.0,527270776.0,9901.75718,775876608.0,104591360.0
4947,265074553.0,540448863.0,9909.899879,859357184.0,104591360.0
4952,265074553.0,540448863.0,9935.335089,874930176.0,104591360.0
4957,265074553.0,540448863.0,9947.182466,880599040.0,104591360.0
4962,265074553.0,540448863.0,9957.673204,882315264.0,104591360.0
4967,265074553.0,540448863.0,9969.710301,896348160.0,104591360.0
4972,265074553.0,540448863.0,9980.071581,884101120.0,104591360.0
4977,265074553.0,540448863.0,9994.189507,898707456.0,104591360.0
4982,265074553.0,540448863.0,10002.632259,898707456.0,104591360.0
4987,265074553.0,540448863.0,10016.885435,898711552.0,104591360.0
4992,265074553.0,540448863.0,10027.691669,898711552.0,104591360.0
4997,265074553.0,540448863.0,10041.381615,899579904.0,104591360.0
5002,265074553.0,540448863.0,10052.919576,899321856.0,104591360.0
5007,265074553.0,540448863.0,10064.13828,901181440.0,104591360.0
5013,265074553.0,540448863.0,10075.274521,901181440.0,104591360.0
5018,265074553.0,540448863.0,10088.259777,907018240.0,104591360.0
5023,265074553.0,540448863.0,10100.404806,875831296.0,104591360.0
5028,265074553.0,540448863.0,10111.494281,875831296.0,104591360.0
5033,265074553.0,540448863.0,10125.970442,898875392.0,104591360.0
5038,265074553.0,540448863.0,10135.923691,898875392.0,104591360.0
5043,265074553.0,540448863.0,10146.621652,898879488.0,104591360.0
5048,265074553.0,540448863.0,10159.587857,899141632.0,104591360.0
5053,265074553.0,540448863.0,10173.42127,898883584.0,104591360.0
5058,265074553.0,540448863.0,10184.2888,898883584.0,104591360.0
5063,265074553.0,540448863.0,10194.895241,900521984.0,104591360.0
5068,265074553.0,540448863.0,10208.870423,900526080.0,104591360.0
5073,265074553.0,540448863.0,10220.018111,860499968.0,104591360.0
5078,265074553.0,540448863.0,10232.652074,886431744.0,104591360.0
5083,265074553.0,540448863.0,10244.070894,886431744.0,104591360.0
5089,265074553.0,540448863.0,10254.685048,872706048.0,104591360.0
5094,265074553.0,540448863.0,10268.327239,886648832.0,104591360.0
5099,265074553.0,540448863.0,10280.820986,886652928.0,104591360.0
5104,265074553.0,540448863.0,10292.410775,888717312.0,104591360.0
5109,265074553.0,540448863.0,10300.901899,880115712.0,104591360.0
5114,265074553.0,540448863.0,10312.875479,882479104.0,104591360.0
5119,265074553.0,540448863.0,10326.835344,882479104.0,104591360.0
5124,265074553.0,540448863.0,10339.134024,882491392.0,104591360.0
5129,265074553.0,540448863.0,10351.850215,882495488.0,104591360.0
5134,265074553.0,540448863.0,10363.871446,893562880.0,104591360.0
5139,265074553.0,540448863.0,10372.723892,893562880.0,104591360.0
5144,265074553.0,540448863.0,10373.165041,893464576.0,104591360.0
5149,278061948.0,540466356.0,10373.385991,781438976.0,104591360.0
5154,278207893.0,553661969.0,10380.620834,781950976.0,104591360.0
5160,278207893.0,553661969.0,10390.196777,781955072.0,104591360.0
5165,278208126.0,553662144.0,10400.850331,751501312.0,104591360.0
5170,278208126.0,553662144.0,10400.864812,751501312.0,104591360.0
5175,278343667.0,566839858.0,10402.69626,889278464.0,104591360.0
5180,278343667.0,566839858.0,10415.91112,889176064.0,104591360.0
5185,278343667.0,566839858.0,10424.589671,889176064.0,104591360.0
5190,278343667.0,566839858.0,10439.586402,873889792.0,104591360.0
5195,278343667.0,566839858.0,10451.327664,890667008.0,104591360.0
5200,278343667.0,566839858.0,10463.895061,891559936.0,104591360.0
5205,278343667.0,566839858.0,10472.183209,862367744.0,104591360.0
5210,278343667.0,566839858.0,10487.225166,866557952.0,104591360.0
5215,278343667.0,566839858.0,10499.996266,895885312.0,104591360.0
5221,278343667.0,566839858.0,10509.246331,893112320.0,104591360.0
5226,278343667.0,566839858.0,10520.139068,858157056.0,104591360.0
5231,278343667.0,566839858.0,10535.925898,880889856.0,104591360.0
5236,278343667.0,566839858.0,10546.449488,880889856.0,104591360.0
5241,278343667.0,566839858.0,10557.273124,894218240.0,104591360.0
5246,278343667.0,566839858.0,10569.46138,894738432.0,104591360.0
5251,278343667.0,566839858.0,10580.367112,894484480.0,104591360.0
5256,278343667.0,566839858.0,10592.626874,870535168.0,104591360.0
5261,278343667.0,566839858.0,10604.120216,879562752.0,104591360.0
5266,278343667.0,566839858.0,10615.619726,871997440.0,104591360.0
5271,278343667.0,566839858.0,10630.018442,884412416.0,104591360.0
5276,278343667.0,566839858.0,10642.053595,889470976.0,104591360.0
5282,278343667.0,566839858.0,10664.754128,898342912.0,104591360.0
5287,278343667.0,566839858.0,10677.898638,880603136.0,104591360.0
5292,278343667.0,566839858.0,10690.373395,895471616.0,104591360.0
5297,278343667.0,566839858.0,10701.923481,897957888.0,104591360.0
5302,278343667.0,566839858.0,10713.384965,886571008.0,104591360.0
5307,278343667.0,566839858.0,10726.673922,886566912.0,104591360.0
5312,278343667.0,566839858.0,10736.308397,890589184.0,104591360.0
5317,278343667.0,566839858.0,10749.609295,890474496.0,104591360.0
5322,278343667.0,566839858.0,10760.663662,890929152.0,104591360.0
5327,278343667.0,566839858.0,10772.660905,889851904.0,104591360.0
5332,278343667.0,566839858.0,10785.796297,894906368.0,104591360.0
5337,278343667.0,566839858.0,10797.251082,880709632.0,104591360.0
5343,278343667.0,566839858.0,10808.88457,880988160.0,104591360.0
5348,278343667.0,566839858.0,10821.834444,880349184.0,104591360.0
5353,278343667.0,566839858.0,10832.689576,883908608.0,104591360.0
5358,278343667.0,566839858.0,10846.037697,883908608.0,104591360.0
5363,278343667.0,566839858.0,10857.677228,885309440.0,104591360.0
5368,291330798.0,566856823.0,10865.66729,772280320.0,104591360.0
5373,291330840.0,566856865.0,10865.706864,772059136.0,104591360.0
5378,291330840.0,566856865.0,10865.724505,772059136.0,104591360.0
5383,291467305.0,580040424.0,10872.284546,802844672.0,104591360.0
5388,291467305.0,580040424.0,10883.032045,802844672.0,104591360.0
5393,291467538.0,580040599.0,10893.01493,772124672.0,104591360.0
5398,291467580.0,580040641.0,10893.051339,772124672.0,104591360.0
5403,291607675.0,593223635.0,10896.319246,884707328.0,104591360.0
5409,291607675.0,593223635.0,10908.252414,862949376.0,104591360.0
5414,291607675.0,593223635.0,10918.551032,879292416.0,104591360.0
5419,291607675.0,593223635.0,10931.9736,894287872.0,104591360.0
5424,291607675.0,593223635.0,10942.768061,878374912.0,104591360.0
5429,291607675.0,593223635.0,10956.678543,895074304.0,104591360.0
5434,291607675.0,593223635.0,10968.601494,897433600.0,104591360.0
5439,291607675.0,593223635.0,10979.230851,903041024.0,104591360.0
5444,291607675.0,593223635.0,10992.315411,903045120.0,104591360.0
5449,291607675.0,593223635.0,11002.691016,903045120.0,104591360.0
5454,291607675.0,593223635.0,11016.256871,903045120.0,104591360.0
5459,291607675.0,593223635.0,11026.170568,903053312.0,104591360.0
5464,291607675.0,593223635.0,11037.54839,903053312.0,104591360.0
5469,291607675.0,593223635.0,11049.583525,903057408.0,104591360.0
5475,291607675.0,593223635.0,11064.092827,903057408.0,104591360.0
5480,291607675.0,593223635.0,11075.235682,903061504.0,104591360.0
5485,291607675.0,593223635.0,11088.180812,903065600.0,104591360.0
5490,291607675.0,593223635.0,11098.281805,903581696.0,104591360.0
5495,291607675.0,593223635.0,11110.463976,906985472.0,104591360.0
5500,291607675.0,593223635.0,11122.327173,883982336.0,104591360.0
5505,291607675.0,593223635.0,11133.939773,883994624.0,104591360.0
5510,291607675.0,593223635.0,11146.009042,891060224.0,104591360.0
5515,291607675.0,593223635.0,11159.507906,878362624.0,104591360.0
5520,291607675.0,593223635.0,11168.279558,886267904.0,104591360.0
5525,291607675.0,593223635.0,11182.39589,895401984.0,104591360.0
5530,291607675.0,593223635.0,11192.527461,894955520.0,104591360.0
5535,291607675.0,593223635.0,11206.985903,897548288.0,104591360.0
5541,291607675.0,593223635.0,11217.91426,897548288.0,104591360.0
5546,291607675.0,593223635.0,11228.584727,873762816.0,104591360.0
5551,291607675.0,593223635.0,11240.657344,891863040.0,104591360.0
5556,291607675.0,593223635.0,11252.262375,891772928.0,104591360.0
5561,291607675.0,593223635.0,11265.691366,893628416.0,104591360.0
5566,291607675.0,593223635.0,11278.008881,893915136.0,104591360.0
5571,291607675.0,593223635.0,11289.608852,887668736.0,104591360.0
5576,291607675.0,593223635.0,11300.604206,894599168.0,104591360.0
5581,291607675.0,593223635.0,11314.215658,876457984.0,104591360.0
5586,291607675.0,593223635.0,11323.901087,892420096.0,104591360.0
5591,291607675.0,593223635.0,11336.852606,875188224.0,104591360.0
5596,291607675.0,593223635.0,11347.070268,896970752.0,104591360.0
5601,304595136.0,593240600.0,11357.316427,776466432.0,104591360.0
5607,304595178.0,593240642.0,11357.341227,776192000.0,104591360.0
5612,304595178.0,593240642.0,11357.395059,776192000.0,104591360.0
5617,304595178.0,593240642.0,11357.418246,776192000.0,104591360.0
5622,304595178.0,593240642.0,11357.439312,776192000.0,104591360.0
5627,304595178.0,593240642.0,11357.456527,776192000.0,104591360.0
5632,304595178.0,593240642.0,11357.476216,776192000.0,104591360.0
5637,304595178.0,593240642.0,11357.511571,776192000.0,104591360.0
5642,304595178.0,593240642.0,11357.541048,776192000.0,104591360.0
5647,304595178.0,593240642.0,11357.554504,776192000.0,104591360.0
5652,304595178.0,593240642.0,11357.577956,776192000.0,104591360.0
5657,304595178.0,593240642.0,11357.59678,776192000.0,104591360.0
5662,304595178.0,593240642.0,11357.640899,776192000.0,104591360.0
5667,304742335.0,606434497.0,11365.965746,807088128.0,104591360.0
5673,304742419.0,606434581.0,11379.7438,807038976.0,104591360.0
5678,304742652.0,606434756.0,11385.050103,776814592.0,104591360.0
5683,304742652.0,606434756.0,11385.069862,776708096.0,104591360.0
5688,304892515.0,619630818.0,11389.210174,900300800.0,104591360.0
5693,304892515.0,619630818.0,11401.720712,907079680.0,104591360.0
5698,304892515.0,619630818.0,11413.864812,885190656.0,104591360.0
5703,304892515.0,619630818.0,11424.673525,902860800.0,104591360.0
5708,304892515.0,619630818.0,11435.296197,879501312.0,104591360.0
5713,304892515.0,619630818.0,11449.130171,907407360.0,104591360.0
5718,304892515.0,619630818.0,11460.750562,878239744.0,104591360.0
5723,304892515.0,619630818.0,11473.480537,916762624.0,104591360.0
5728,304892515.0,619630818.0,11483.906723,882962432.0,104591360.0
5733,304892515.0,619630818.0,11497.588669,897163264.0,104591360.0
5739,304892515.0,619630818.0,11508.179172,917827584.0,104591360.0
5744,304892515.0,619630818.0,11520.159514,909725696.0,104591360.0
5749,304892515.0,619630818.0,11533.28875,924266496.0,104591360.0
5754,304892515.0,619630818.0,11544.029231,909922304.0,104591360.0
5759,304892515.0,619630818.0,11555.857401,912318464.0,104591360.0
5764,304892515.0,619630818.0,11567.598747,912801792.0,104591360.0
5769,304892515.0,619630818.0,11577.761245,902488064.0,104591360.0
5774,304892515.0,619630818.0,11591.074659,921296896.0,104591360.0
5779,304892515.0,619630818.0,11603.043852,913121280.0,104591360.0
5784,304892515.0,619630818.0,11616.273046,906870784.0,104591360.0
5789,304892515.0,619630818.0,11626.920491,907141120.0,104591360.0
5794,304892515.0,619630818.0,11639.15641,929021952.0,104591360.0
5800,304892515.0,619630818.0,11651.135037,928874496.0,104591360.0
5805,304892515.0,619630818.0,11663.831024,928874496.0,104591360.0
5810,304892515.0,619630818.0,11676.53521,930385920.0,104591360.0
5815,304892515.0,619630818.0,11686.596411,915001344.0,104591360.0
5820,304892515.0,619630818.0,11699.967466,891318272.0,104591360.0
5825,304892515.0,619630818.0,11712.345261,896520192.0,104591360.0
5830,304892515.0,619630818.0,11722.834454,909824000.0,104591360.0
5835,304892515.0,619630818.0,11733.082514,909811712.0,104591360.0
5840,304892515.0,619630818.0,11747.371995,890937344.0,104591360.0
5845,304892515.0,619630818.0,11759.812765,906366976.0,104591360.0
5850,304892515.0,619630818.0,11767.579715,913657856.0,104591360.0
5855,304892515.0,619630818.0,11782.082342,896200704.0,104591360.0
5861,304892515.0,619630818.0,11793.053636,910053376.0,104591360.0
5866,304892515.0,619630818.0,11806.553414,914554880.0,104591360.0
5871,304892515.0,619630818.0,11818.758596,914477056.0,104591360.0
5876,304892515.0,619630818.0,11830.28965,914956288.0,104591360.0
5881,304892515.0,619630818.0,11841.199378,914960384.0,104591360.0
5886,317879910.0,619648179.0,11849.377703,777015296.0,104591360.0
5891,317879994.0,619648263.0,11849.4187,776691712.0,104591360.0
5896,317879994.0,619648263.0,11849.443416,776691712.0,104591360.0
5901,317879994.0,619648263.0,11849.459331,776691712.0,104591360.0
5906,317879994.0,619648263.0,11849.47888,776691712.0,104591360.0
5911,317879994.0,619648263.0,11849.517453,776691712.0,104591360.0
5916,317879994.0,619648263.0,11849.538526,776691712.0,104591360.0
5922,317879994.0,619648263.0,11849.583022,776691712.0,104591360.0
5927,317879994.0,619648263.0,11849.583022,776691712.0,104591360.0
5932,317879994.0,619648263.0,11849.639676,776691712.0,104591360.0
5937,317879994.0,619648263.0,11849.665808,776691712.0,104591360.0
5942,317879994.0,619648263.0,11849.679853,776691712.0,104591360.0
5947,317879994.0,619648263.0,11849.70393,776691712.0,104591360.0
5952,318011311.0,632817830.0,11860.224793,747503616.0,104591360.0
5957,318011395.0,632817914.0,11873.703676,749273088.0,104591360.0
5962,318011628.0,632818089.0,11877.019599,718229504.0,104591360.0
5967,318011628.0,632818089.0,11877.057018,718229504.0,104591360.0
5972,318158059.0,646014877.0,11880.66412,835174400.0,104591360.0
5977,318158059.0,646014877.0,11894.420978,873328640.0,104591360.0
5982,318158059.0,646014877.0,11903.797516,882700288.0,104591360.0
5987,318158059.0,646014877.0,11918.268561,869748736.0,104591360.0
5992,318158059.0,646014877.0,11929.14265,881299456.0,104591360.0
5998,318158059.0,646014877.0,11939.707691,894017536.0,104591360.0
6003,318158059.0,646014877.0,11953.636114,893243392.0,104591360.0
6008,318158059.0,646014877.0,11963.309307,898363392.0,104591360.0
6013,318158059.0,646014877.0,11975.20514,904232960.0,104591360.0
6018,318158059.0,646014877.0,11988.900636,907300864.0,104591360.0
6023,318158059.0,646014877.0,11999.454415,891170816.0,104591360.0
6028,318158059.0,646014877.0,12011.893723,900849664.0,104591360.0
6033,318158059.0,646014877.0,12025.450264,893165568.0,104591360.0
6038,318158059.0,646014877.0,12038.129212,901718016.0,104591360.0
6043,318158059.0,646014877.0,12049.20392,887336960.0,104591360.0
6048,318158059.0,646014877.0,12059.566915,897167360.0,104591360.0
6053,318158059.0,646014877.0,12070.237315,901099520.0,104591360.0
6058,318158059.0,646014877.0,12083.02821,884584448.0,104591360.0
6064,318158059.0,646014877.0,12094.806151,914776064.0,104591360.0
6069,318158059.0,646014877.0,12107.925123,890224640.0,104591360.0
6074,318158059.0,646014877.0,12120.784047,905928704.0,104591360.0
6079,318158059.0,646014877.0,12133.173106,907300864.0,104591360.0
6084,318158059.0,646014877.0,12144.030694,913903616.0,104591360.0
6089,318158059.0,646014877.0,12153.991098,913903616.0,104591360.0
6094,318158059.0,646014877.0,12168.172552,900739072.0,104591360.0
6099,318158059.0,646014877.0,12179.937515,908701696.0,104591360.0
6104,318158059.0,646014877.0,12190.426488,908890112.0,104591360.0
6109,318158059.0,646014877.0,12205.087921,916819968.0,104591360.0
6114,318158059.0,646014877.0,12214.780332,914112512.0,104591360.0
6119,318158059.0,646014877.0,12226.681786,918761472.0,104591360.0
6124,318158059.0,646014877.0,12240.444137,918761472.0,104591360.0
6129,318158059.0,646014877.0,12249.415322,918761472.0,104591360.0
6135,318158059.0,646014877.0,12264.009536,919351296.0,104591360.0
6140,318158059.0,646014877.0,12275.378588,919347200.0,104591360.0
6145,318158059.0,646014877.0,12287.097128,910479360.0,104591360.0
6150,318158059.0,646014877.0,12300.337573,910708736.0,104591360.0
6155,318158059.0,646014877.0,12311.417275,916803584.0,104591360.0
6160,318158059.0,646014877.0,12320.752747,916799488.0,104591360.0
6165,318158059.0,646014877.0,12335.720625,916803584.0,104591360.0
6170,331145256.0,646031380.0,12341.599204,817393664.0,104591360.0
6175,331145298.0,646031422.0,12341.617548,817393664.0,104591360.0
6180,331145298.0,646031422.0,12341.635951,817393664.0,104591360.0
6185,331275757.0,659209041.0,12354.59128,824131584.0,104591360.0
6190,331275757.0,659209041.0,12364.640717,824131584.0,104591360.0
6196,331275990.0,659209216.0,12369.124433,793800704.0,104591360.0
6201,331275990.0,659209216.0,12369.162022,793800704.0,104591360.0
6206,331411927.0,672383168.0,12375.883309,924708864.0,104591360.0
6211,331411927.0,672383168.0,12388.553721,924712960.0,104591360.0
6216,331411927.0,672383168.0,12396.929564,933101568.0,104591360.0
6221,331411927.0,672383168.0,12412.86151,934359040.0,104591360.0
6226,331411927.0,672383168.0,12424.240779,934363136.0,104591360.0
6231,331411927.0,672383168.0,12434.665114,942739456.0,104591360.0
6236,331411927.0,672383168.0,12448.244571,942739456.0,104591360.0
6241,331411927.0,672383168.0,12460.153676,942739456.0,104591360.0
6246,331411927.0,672383168.0,12469.830017,942743552.0,104591360.0
6251,331411927.0,672383168.0,12481.585464,942743552.0,104591360.0
6256,331411927.0,672383168.0,12495.252077,942747648.0,104591360.0
6262,331411927.0,672383168.0,12506.513186,942747648.0,104591360.0
6267,331411927.0,672383168.0,12531.123262,942747648.0,104591360.0
6272,331411927.0,672383168.0,12544.498839,942747648.0,104591360.0
6277,331411927.0,672383168.0,12555.29282,942747648.0,104591360.0
6282,331411927.0,672383168.0,12565.465524,942747648.0,104591360.0
6287,331411927.0,672383168.0,12580.280454,942747648.0,104591360.0
6292,331411927.0,672383168.0,12590.018245,943046656.0,104591360.0
6297,331411927.0,672383168.0,12601.977753,949329920.0,104591360.0
6302,331411927.0,672383168.0,12616.090169,915382272.0,104591360.0
6307,331411927.0,672383168.0,12625.934094,923164672.0,104591360.0
6312,331411927.0,672383168.0,12638.52345,923774976.0,104591360.0
6317,331411927.0,672383168.0,12650.987106,923799552.0,104591360.0
6322,331411927.0,672383168.0,12662.666885,926949376.0,104591360.0
6328,331411927.0,672383168.0,12674.323839,929775616.0,104591360.0
6333,331411927.0,672383168.0,12686.660666,929787904.0,104591360.0
6338,331411927.0,672383168.0,12696.477533,934526976.0,104591360.0
6343,331411927.0,672383168.0,12709.14727,934531072.0,104591360.0
6348,331411927.0,672383168.0,12723.177734,929763328.0,104591360.0
6353,331411927.0,672383168.0,12734.827744,929763328.0,104591360.0
6358,331411927.0,672383168.0,12746.874127,940240896.0,104591360.0
6363,331411927.0,672383168.0,12759.302824,940240896.0,104591360.0
6368,331411927.0,672383168.0,12769.623415,940240896.0,104591360.0
6373,331411927.0,672383168.0,12781.397604,943464448.0,104591360.0
6378,331411927.0,672383168.0,12792.145316,943464448.0,104591360.0
6383,331411927.0,672383168.0,12806.013782,943464448.0,104591360.0
6388,331411927.0,672383168.0,12817.061574,943464448.0,104591360.0
6394,331411927.0,672383168.0,12828.087065,943468544.0,104591360.0
6399,344399256.0,672400265.0,12832.135125,831213568.0,104591360.0
6404,344399340.0,672400349.0,12832.150022,831213568.0,104591360.0
6409,344549467.0,685596316.0,12832.809685,824950784.0,104591360.0
6414,344549467.0,685596316.0,12845.480522,825749504.0,104591360.0
6419,344549467.0,685596316.0,12858.956201,827518976.0,104591360.0
6424,344549700.0,685596491.0,12859.621583,797184000.0,104591360.0
6429,344549700.0,685596491.0,12859.63889,797184000.0,104591360.0
6434,344630857.0,698683125.0,12866.242157,925827072.0,104591360.0
6439,344630857.0,698683125.0,12878.665061,934498304.0,104591360.0
6444,344630857.0,698683125.0,12893.108104,934498304.0,104591360.0
6450,344630857.0,698683125.0,12904.231588,903008256.0,104591360.0
6455,344630857.0,698683125.0,12915.406682,931631104.0,104591360.0
6460,344630857.0,698683125.0,12927.663024,926085120.0,104591360.0
6465,344630857.0,698683125.0,12938.053608,929247232.0,104591360.0
6470,344630857.0,698683125.0,12950.808204,929247232.0,104591360.0
6475,344630857.0,698683125.0,12962.155266,931864576.0,104591360.0
6480,344630857.0,698683125.0,12973.417227,931864576.0,104591360.0
6485,344630857.0,698683125.0,12986.964151,931864576.0,104591360.0
6490,344630857.0,698683125.0,12998.81303,937902080.0,104591360.0
6495,344630857.0,698683125.0,13011.321777,937795584.0,104591360.0
6500,344630857.0,698683125.0,13023.663902,946778112.0,104591360.0
6505,344630857.0,698683125.0,13036.027142,946778112.0,104591360.0
6510,344630857.0,698683125.0,13045.867838,930058240.0,104591360.0
6516,344630857.0,698683125.0,13057.65794,937717760.0,104591360.0
6521,344630857.0,698683125.0,13069.411743,938184704.0,104591360.0
6526,344630857.0,698683125.0,13083.031936,938184704.0,104591360.0
6531,344630857.0,698683125.0,13091.978072,942116864.0,104591360.0
6536,344630857.0,698683125.0,13107.65667,932950016.0,104591360.0
6541,344630857.0,698683125.0,13116.341666,919425024.0,104591360.0
6546,344630857.0,698683125.0,13130.028379,937701376.0,104591360.0
6551,344630857.0,698683125.0,13140.587053,938713088.0,104591360.0
6556,344630857.0,698683125.0,13152.542135,921833472.0,104591360.0
6561,344630857.0,698683125.0,13166.214174,903356416.0,104591360.0
6566,344630857.0,698683125.0,13177.765995,932941824.0,104591360.0
6572,344630857.0,698683125.0,13190.351098,936841216.0,104591360.0
6577,344630857.0,698683125.0,13215.321974,902529024.0,104591360.0
6582,344630857.0,698683125.0,13227.042617,923848704.0,104591360.0
6587,344630857.0,698683125.0,13236.048235,923860992.0,104591360.0
6592,344630857.0,698683125.0,13246.751577,925192192.0,104591360.0
6597,344630857.0,698683125.0,13262.349722,925200384.0,104591360.0
6602,344630857.0,698683125.0,13272.789819,927997952.0,104591360.0
6607,344630857.0,698683125.0,13282.690876,928251904.0,104591360.0
6612,344630857.0,698683125.0,13296.16032,930930688.0,104591360.0
6617,344630857.0,698683125.0,13308.770469,934866944.0,104591360.0
6622,344630857.0,698683125.0,13319.188047,934797312.0,104591360.0
6627,357617988.0,698702928.0,13322.825948,822362112.0,104591360.0
6632,357618030.0,698702970.0,13322.858332,822362112.0,104591360.0
6638,357730537.0,709482708.0,13322.998887,822661120.0,104591360.0
6643,357743935.0,711878807.0,13336.676839,826089472.0,104591360.0
6648,357743935.0,711878807.0,13348.323107,826118144.0,104591360.0
6653,357854959.0,725043034.0,13360.064457,900767744.0,104591360.0
6658,357854959.0,725043034.0,13370.390234,925003776.0,104591360.0
6663,357854959.0,725043034.0,13381.902071,929325056.0,104591360.0
6668,357854959.0,725043034.0,13393.857135,918396928.0,104591360.0
6673,357854959.0,725043034.0,13408.465076,921759744.0,104591360.0
6678,357854959.0,725043034.0,13418.514265,935358464.0,104591360.0
6683,357854959.0,725043034.0,13428.304352,942321664.0,104591360.0
6688,357854959.0,725043034.0,13442.23991,942321664.0,104591360.0
6693,357854959.0,725043034.0,13454.692322,942321664.0,104591360.0
6698,357854959.0,725043034.0,13465.694964,950620160.0,104591360.0
6703,357854959.0,725043034.0,13476.213991,936001536.0,104591360.0
6709,357854959.0,725043034.0,13488.820915,945106944.0,104591360.0
6714,357854959.0,725043034.0,13503.104577,938221568.0,104591360.0
6719,357854959.0,725043034.0,13512.688175,938221568.0,104591360.0
6724,357854959.0,725043034.0,13526.509959,930353152.0,104591360.0
6729,357854959.0,725043034.0,13538.21146,930353152.0,104591360.0
6734,357854959.0,725043034.0,13550.287088,937697280.0,104591360.0
6739,357854959.0,725043034.0,13561.350264,937697280.0,104591360.0
6744,357854959.0,725043034.0,13573.843622,944828416.0,104591360.0
6749,357854959.0,725043034.0,13585.599162,945090560.0,104591360.0
6754,357854959.0,725043034.0,13595.177097,944840704.0,104591360.0
6759,357854959.0,725043034.0,13609.811132,932671488.0,104591360.0
6764,357854959.0,725043034.0,13622.481155,945766400.0,104591360.0
6769,357854959.0,725043034.0,13634.203192,945766400.0,104591360.0
6775,357854959.0,725043034.0,13644.94542,945766400.0,104591360.0
6780,357854959.0,725043034.0,13656.227892,945766400.0,104591360.0
6785,357854959.0,725043034.0,13669.762375,945766400.0,104591360.0
6790,357854959.0,725043034.0,13682.373196,925704192.0,104591360.0
6795,357854959.0,725043034.0,13693.980665,935219200.0,104591360.0
6800,357854959.0,725043034.0,13704.2538,935153664.0,104591360.0
6805,357854959.0,725043034.0,13718.362189,932777984.0,104591360.0
6810,357854959.0,725043034.0,13729.754695,947978240.0,104591360.0
6815,357854959.0,725043034.0,13739.335342,940822528.0,104591360.0
6820,357854959.0,725043034.0,13752.117794,940568576.0,104591360.0
6825,357854959.0,725043034.0,13764.627966,940568576.0,104591360.0
6830,357854959.0,725043034.0,13776.512005,940568576.0,104591360.0
6836,357854959.0,725043034.0,13788.305088,944447488.0,104591360.0
6841,357854959.0,725043034.0,13801.057631,944013312.0,104591360.0
6846,357854959.0,725043034.0,13812.461715,944013312.0,104591360.0
6851,357854959.0,725043034.0,13813.923053,943915008.0,104591360.0
6856,370842090.0,725060197.0,13814.138425,831541248.0,104591360.0
6861,370842174.0,725060281.0,13814.178267,831287296.0,104591360.0
6866,370842174.0,725060281.0,13814.200058,831287296.0,104591360.0
6871,370842174.0,725060281.0,13814.21502,831287296.0,104591360.0
6876,370842174.0,725060281.0,13814.240848,831287296.0,104591360.0
6881,370842174.0,725060281.0,13814.259696,831287296.0,104591360.0
6886,370842174.0,725060281.0,13814.278207,831287296.0,104591360.0
6891,370842174.0,725060281.0,13814.321855,831287296.0,104591360.0
6896,370842174.0,725060281.0,13814.337249,831287296.0,104591360.0
6901,370842174.0,725060281.0,13814.360309,831287296.0,104591360.0
6907,370842174.0,725060281.0,13814.379224,831287296.0,104591360.0
6912,370982335.0,738244632.0,13817.631191,789688320.0,104591360.0
6917,370982419.0,738244716.0,13830.634135,794066944.0,104591360.0
6922,370982419.0,738244716.0,13842.107376,793972736.0,104591360.0
6927,370982419.0,738244716.0,13842.121969,793972736.0,104591360.0
6932,370982419.0,738244716.0,13842.138705,793972736.0,104591360.0
6937,371103937.0,751415873.0,13852.967106,731717632.0,104591360.0
6942,371103937.0,751415873.0,13864.45451,762613760.0,104591360.0
6947,371103937.0,751415873.0,13874.016785,762966016.0,104591360.0
6952,371103937.0,751415873.0,13889.300505,763121664.0,104591360.0
6957,371103937.0,751415873.0,13900.784044,763392000.0,104591360.0
6962,371103937.0,751415873.0,13911.689885,764891136.0,104591360.0
6967,371103937.0,751415873.0,13924.046768,765153280.0,104591360.0
6972,371103937.0,751415873.0,13937.954971,769638400.0,104591360.0
6978,371103937.0,751415873.0,13949.781095,770056192.0,104591360.0
6983,371103937.0,751415873.0,13960.918971,773705728.0,104591360.0
6988,371103937.0,751415873.0,13973.686536,773705728.0,104591360.0
6993,371103937.0,751415873.0,13985.37697,773705728.0,104591360.0
6998,371103937.0,751415873.0,13995.341649,773722112.0,104591360.0
7003,371103937.0,751415873.0,14006.538773,773722112.0,104591360.0
7008,371103937.0,751415873.0,14019.326993,773722112.0,104591360.0
7013,371103937.0,751415873.0,14032.580812,773722112.0,104591360.0
7018,371103937.0,751415873.0,14045.330258,773722112.0,104591360.0
7023,371103937.0,751415873.0,14056.185355,773722112.0,104591360.0
7028,371103937.0,751415873.0,14067.821416,775360512.0,104591360.0
7033,371103937.0,751415873.0,14079.61782,775368704.0,104591360.0
7039,371103937.0,751415873.0,14091.906976,775372800.0,104591360.0
7044,371103937.0,751415873.0,14104.186562,775380992.0,104591360.0
7049,371103937.0,751415873.0,14114.554816,775389184.0,104591360.0
7054,371103937.0,751415873.0,14127.375535,775393280.0,104591360.0
7059,371103937.0,751415873.0,14137.781474,778981376.0,104591360.0
7064,371103937.0,751415873.0,14152.371141,779046912.0,104591360.0
7069,371103937.0,751415873.0,14163.491914,779046912.0,104591360.0
7074,371103937.0,751415873.0,14175.448107,779051008.0,104591360.0
7079,371103937.0,751415873.0,14185.62557,779051008.0,104591360.0
7084,371103937.0,751415873.0,14196.705676,780582912.0,104591360.0
7089,371103937.0,751415873.0,14212.967939,780582912.0,104591360.0
7094,371103937.0,751415873.0,14224.462929,780582912.0,104591360.0
7099,371103937.0,751415873.0,14235.395965,780582912.0,104591360.0
7105,371103937.0,751415873.0,14247.89017,780587008.0,104591360.0
7110,371103937.0,751415873.0,14258.507082,780587008.0,104591360.0
7115,371103937.0,751415873.0,14270.108158,780587008.0,104591360.0
7120,371103937.0,751415873.0,14285.065153,780587008.0,104591360.0
7125,371103937.0,751415873.0,14296.336468,780587008.0,104591360.0
7130,371103937.0,751415873.0,14307.641733,753745920.0,104591360.0
7135,384091200.0,751432244.0,14311.213282,757170176.0,104591360.0
7140,384091284.0,751432328.0,14311.253632,757170176.0,104591360.0
7145,384091284.0,751432328.0,14311.271581,757170176.0,104591360.0
7150,384091284.0,751432328.0,14311.291205,757170176.0,104591360.0
7155,384091284.0,751432328.0,14311.325254,757170176.0,104591360.0
7160,384091284.0,751432328.0,14311.352971,757170176.0,104591360.0
7166,384091284.0,751432328.0,14311.370129,757170176.0,104591360.0
7171,384091284.0,751432328.0,14311.392749,757170176.0,104591360.0
7176,384091284.0,751432328.0,14311.413069,757170176.0,104591360.0
7181,384091284.0,751432328.0,14311.45216,757170176.0,104591360.0
7186,384091284.0,751432328.0,14311.471335,757170176.0,104591360.0
7191,384091284.0,751432328.0,14311.494353,757170176.0,104591360.0
7196,384091284.0,751432328.0,14311.513454,757170176.0,104591360.0
7201,384196597.0,762401960.0,14311.664182,762986496.0,104591360.0
7206,384219277.0,764626357.0,14323.63746,765394944.0,104591360.0
7211,384219277.0,764626357.0,14337.101139,765423616.0,104591360.0
7216,384219510.0,764626532.0,14339.16882,733315072.0,104591360.0
7221,384219510.0,764626532.0,14339.202747,733315072.0,104591360.0
7226,384347197.0,777801870.0,14345.927667,886710272.0,104591360.0
7231,384347197.0,777801870.0,14358.306628,889200640.0,104591360.0
7236,384347197.0,777801870.0,14371.715541,902619136.0,104591360.0
7242,384347197.0,777801870.0,14383.462503,902623232.0,104591360.0
7247,384347197.0,777801870.0,14409.479777,902631424.0,104591360.0
7252,384347197.0,777801870.0,14418.644908,896229376.0,104591360.0
7257,384347197.0,777801870.0,14433.050325,896233472.0,104591360.0
7262,384347197.0,777801870.0,14444.599966,908886016.0,104591360.0
7267,384347197.0,777801870.0,14454.971993,883515392.0,104591360.0
7272,384347197.0,777801870.0,14468.250498,883527680.0,104591360.0
7277,384347197.0,777801870.0,14479.350138,885731328.0,104591360.0
7282,384347197.0,777801870.0,14489.911725,865988608.0,104591360.0
7287,384347197.0,777801870.0,14503.083921,884588544.0,104591360.0
7292,384347197.0,777801870.0,14514.670314,885641216.0,104591360.0
7297,384347197.0,777801870.0,14526.908769,885100544.0,104591360.0
7303,384347197.0,777801870.0,14539.885093,888266752.0,104591360.0
7308,384347197.0,777801870.0,14551.400279,891400192.0,104591360.0
7313,384347197.0,777801870.0,14563.701051,893792256.0,104591360.0
7318,384347197.0,777801870.0,14576.372094,893620224.0,104591360.0
7323,384347197.0,777801870.0,14588.360727,893816832.0,104591360.0
7328,384347197.0,777801870.0,14598.436115,894451712.0,104591360.0
7333,384347197.0,777801870.0,14611.968436,895737856.0,104591360.0
7338,384347197.0,777801870.0,14623.207404,895737856.0,104591360.0
7343,384347197.0,777801870.0,14636.333022,895737856.0,104591360.0
7348,384347197.0,777801870.0,14646.303064,895737856.0,104591360.0
7353,384347197.0,777801870.0,14659.502825,895741952.0,104591360.0
7358,384347197.0,777801870.0,14670.416235,895741952.0,104591360.0
7363,384347197.0,777801870.0,14683.822683,895741952.0,104591360.0
7368,384347197.0,777801870.0,14694.92469,895746048.0,104591360.0
7374,384347197.0,777801870.0,14708.628488,895754240.0,104591360.0
7379,384347197.0,777801870.0,14718.095423,895754240.0,104591360.0
7384,384347197.0,777801870.0,14728.330402,895754240.0,104591360.0
7389,384347197.0,777801870.0,14744.136547,899362816.0,104591360.0
7394,384347197.0,777801870.0,14756.111871,899887104.0,104591360.0
7399,384347197.0,777801870.0,14768.410832,899891200.0,104591360.0
7404,384347197.0,777801870.0,14778.730578,899891200.0,104591360.0
7409,384347197.0,777801870.0,14789.995508,899895296.0,104591360.0
7414,384347197.0,777801870.0,14801.563178,906149888.0,104591360.0
7419,397334658.0,777818967.0,14806.629149,820633600.0,104591360.0
7425,397334742.0,777819051.0,14806.651712,820625408.0,104591360.0
7430,397334742.0,777819051.0,14806.6764,820625408.0,104591360.0
7435,397334742.0,777819051.0,14806.711208,820625408.0,104591360.0
7440,397334742.0,777819051.0,14806.733385,820625408.0,104591360.0
7445,397334742.0,777819051.0,14806.751448,820625408.0,104591360.0
7450,397334742.0,777819051.0,14806.770608,820625408.0,104591360.0
7455,397334742.0,777819051.0,14806.793155,820625408.0,104591360.0
7460,397334742.0,777819051.0,14806.838467,820625408.0,104591360.0
7465,397334742.0,777819051.0,14806.854917,820625408.0,104591360.0
7470,397334742.0,777819051.0,14806.874301,820625408.0,104591360.0
7475,397334742.0,777819051.0,14806.895864,820625408.0,104591360.0
7480,397334742.0,777819051.0,14806.919601,820625408.0,104591360.0
7485,397426987.0,790924598.0,14808.207883,794955776.0,104591360.0
