Global_accuracy,Global_loss,Local_accuracy,Local_loss,raspberrypi1_fit_accuracy,raspberrypi1_fit_loss,raspberrypi1_ev_accuracy,raspberrypi1_ev_loss,raspberry4_fit_accuracy,raspberry4_fit_loss,raspberry4_ev_accuracy,raspberry4_ev_loss,raspberry3_fit_accuracy,raspberry3_fit_loss,raspberry3_ev_accuracy,raspberry3_ev_loss,Ejecucion
0.0885354131460189,2.314990997314453,0.6070000032583872,1.2032615145047505,0.7555000185966492,0.7192860245704651,0.0885354131460189,2.314990997314453,0.2899999916553497,2.2395241260528564,0.0885354131460189,2.314990997314453,0.2899999916553497,2.2395241260528564,0.0885354131460189,2.314990997314453,1
0.0885354131460189,2.331551074981689,0.7390000025431315,0.7883260150750478,0.8824999928474426,0.3812838792800903,0.0885354131460189,2.331551074981689,0.859000027179718,0.4217605292797088,0.0885354131460189,2.331551074981689,0.4754999876022339,1.5619336366653442,0.0885354131460189,2.331551074981689,1
0.0885354131460189,2.4056546688079834,0.8443333307902018,0.4710340003172557,0.8980000019073486,0.2994710505008697,0.0885354131460189,2.4056546688079834,0.9020000100135804,0.2871444821357727,0.0885354131460189,2.4056546688079834,0.7329999804496765,0.8264864683151245,0.0885354131460189,2.4056546688079834,1
0.0885354131460189,2.456173658370972,0.8978333274523417,0.3242820998032887,0.9179999828338624,0.2532627880573272,0.0885354131460189,2.456173658370972,0.9279999732971193,0.2519250512123108,0.0885354131460189,2.456173658370972,0.8475000262260437,0.4676584601402282,0.0885354131460189,2.456173658370972,1
0.3349339663982391,2.101167917251587,0.9268333315849304,0.2249480187892913,0.9474999904632568,0.1434472352266311,0.3349339663982391,2.101167917251587,0.8895000219345093,0.3671398758888244,0.3349339663982391,2.101167917251587,0.8895000219345093,0.3671398758888244,0.3349339663982391,2.101167917251587,1
0.9129651784896852,0.3364054560661316,0.950000007947286,0.1628557741641998,0.9635000228881836,0.1242136359214782,0.9129651784896852,0.3364054560661316,0.9505000114440918,0.1478492766618728,0.9129651784896852,0.3364054560661316,0.9359999895095824,0.2165044099092483,0.9129651784896852,0.3364054560661316,1
0.9456782937049866,0.1912438124418258,0.9448333382606506,0.1789087156454722,0.9350000023841858,0.2165867835283279,0.9456782937049866,0.1912438124418258,0.9614999890327454,0.1116878688335418,0.9456782937049866,0.1912438124418258,0.9380000233650208,0.2084514945745468,0.9456782937049866,0.1912438124418258,1
0.9549819827079772,0.1620426774024963,0.9558333158493042,0.1390571668744087,0.9559999704360962,0.124145857989788,0.9549819827079772,0.1620426774024963,0.9490000009536744,0.177869826555252,0.9549819827079772,0.1620426774024963,0.9490000009536744,0.177869826555252,0.9549819827079772,0.1620426774024963,1
0.9567826986312866,0.1484028846025467,0.9561666448911031,0.1455252344409624,0.9664999842643738,0.1246730759739875,0.9567826986312866,0.1484028846025467,0.953499972820282,0.1450097262859344,0.9567826986312866,0.1484028846025467,0.953499972820282,0.1450097262859344,0.9567826986312866,0.1484028846025467,1
0.9612845182418824,0.1418528109788894,0.9663333296775818,0.1076248263319333,0.9670000076293944,0.1016278490424156,0.9612845182418824,0.1418528109788894,0.9589999914169312,0.130256101489067,0.9612845182418824,0.1418528109788894,0.9589999914169312,0.130256101489067,0.9612845182418824,0.1418528109788894,1
0.9654861688613892,0.1374115347862243,0.9699999888737996,0.0989183311661084,0.9695000052452089,0.1005423069000244,0.9654861688613892,0.1374115347862243,0.9764999747276306,0.0822732523083686,0.9654861688613892,0.1374115347862243,0.9639999866485596,0.1139394342899322,0.9654861688613892,0.1374115347862243,1
0.9669867753982544,0.1294953376054763,0.9641666611035664,0.1168857763210932,0.9729999899864196,0.0810616463422775,0.9669867753982544,0.1294953376054763,0.9574999809265136,0.1402821242809295,0.9669867753982544,0.1294953376054763,0.9574999809265136,0.1402821242809295,0.9669867753982544,0.1294953376054763,1
0.9699879884719848,0.115815132856369,0.9733333388964336,0.0875770971179008,0.9645000100135804,0.1138468012213707,0.9699879884719848,0.115815132856369,0.9794999957084656,0.0652010962367057,0.9699879884719848,0.115815132856369,0.9760000109672546,0.083683393895626,0.9699879884719848,0.115815132856369,1
0.9675870537757874,0.1393287181854248,0.9741666714350382,0.08362744251887,0.9760000109672546,0.0742467269301414,0.9675870537757874,0.1393287181854248,0.9704999923706056,0.0963600575923919,0.9675870537757874,0.1393287181854248,0.9760000109672546,0.0802755430340766,0.9675870537757874,0.1393287181854248,1
0.970288097858429,0.1190531328320503,0.9731666843096416,0.0917330160737037,0.9825000166893004,0.0631788894534111,0.970288097858429,0.1190531328320503,0.962000012397766,0.1336572766304016,0.970288097858429,0.1190531328320503,0.975000023841858,0.0783628821372985,0.970288097858429,0.1190531328320503,1
0.9666866660118104,0.1288357973098755,0.9799999992052714,0.0724891275167465,0.9800000190734864,0.0698868855834007,0.9666866660118104,0.1288357973098755,0.9835000038146972,0.0661565065383911,0.9666866660118104,0.1288357973098755,0.9835000038146972,0.0661565065383911,0.9666866660118104,0.1288357973098755,1
0.9738895297050476,0.1010178178548812,0.9771666526794434,0.0810613458355267,0.9739999771118164,0.0923841074109077,0.9738895297050476,0.1010178178548812,0.977999985218048,0.0711013972759246,0.9738895297050476,0.1010178178548812,0.9794999957084656,0.0796985328197479,0.9738895297050476,0.1010178178548812,1
0.9723889827728271,0.103797361254692,0.96533332268397,0.1115178664525349,0.959500014781952,0.1223385035991668,0.9723889827728271,0.103797361254692,0.9574999809265136,0.1463627368211746,0.9723889827728271,0.103797361254692,0.9789999723434448,0.0658523589372634,0.9723889827728271,0.103797361254692,1
0.9741896986961364,0.1083863601088523,0.9769999980926514,0.079469649742047,0.9869999885559082,0.0457044653594493,0.9741896986961364,0.1083863601088523,0.9605000019073486,0.1352876275777816,0.9741896986961364,0.1083863601088523,0.9835000038146972,0.0574168562889099,0.9741896986961364,0.1083863601088523,1
0.9732893109321594,0.1018665209412574,0.9821666677792869,0.0608974881470203,0.9854999780654908,0.0532542429864406,0.9732893109321594,0.1018665209412574,0.9835000038146972,0.0582578480243682,0.9732893109321594,0.1018665209412574,0.9835000038146972,0.0582578480243682,0.9732893109321594,0.1018665209412574,1
0.9738895297050476,0.1074289306998252,0.977666676044464,0.0796368718147277,0.9700000286102296,0.1136517599225044,0.9738895297050476,0.1074289306998252,0.9860000014305116,0.0449828132987022,0.9738895297050476,0.1074289306998252,0.9860000014305116,0.0449828132987022,0.9738895297050476,0.1074289306998252,1
0.976890742778778,0.0974023565649986,0.9796666701634724,0.0687575029830138,0.9635000228881836,0.119902953505516,0.976890742778778,0.0974023565649986,0.9904999732971193,0.0362406782805919,0.976890742778778,0.0974023565649986,0.9850000143051147,0.0501288771629333,0.976890742778778,0.0974023565649986,1
0.9771908521652222,0.0890168100595474,0.9780000050862632,0.0747231021523475,0.9760000109672546,0.0839033350348472,0.9771908521652222,0.0890168100595474,0.9815000295639038,0.0697524100542068,0.9771908521652222,0.0890168100595474,0.9815000295639038,0.0697524100542068,0.9771908521652222,0.0890168100595474,1
0.9756903052330016,0.0992914512753486,0.9823333223660788,0.0637024069825808,0.9735000133514404,0.0978632494807243,0.9756903052330016,0.0992914512753486,0.9854999780654908,0.044363334774971,0.9756903052330016,0.0992914512753486,0.9854999780654908,0.044363334774971,0.9756903052330016,0.0992914512753486,1
0.9789915680885316,0.0820470005273819,0.9753333131472268,0.0916164442896843,0.9674999713897704,0.1246129125356674,0.9789915680885316,0.0820470005273819,0.9764999747276306,0.080825425684452,0.9789915680885316,0.0820470005273819,0.9819999933242798,0.0694109946489334,0.9789915680885316,0.0820470005273819,1
0.9735894203186036,0.1006639525294303,0.9818333387374878,0.0726223190625508,0.9739999771118164,0.092508390545845,0.9735894203186036,0.1006639525294303,0.9825000166893004,0.0757176503539085,0.9735894203186036,0.1006639525294303,0.9890000224113464,0.049640916287899,0.9735894203186036,0.1006639525294303,1
0.9777911305427552,0.0816306471824646,0.9803333282470704,0.0781428863604863,0.9810000061988832,0.0858303382992744,0.9777911305427552,0.0816306471824646,0.9860000014305116,0.0388805717229843,0.9777911305427552,0.0816306471824646,0.9860000014305116,0.0388805717229843,0.9777911305427552,0.0816306471824646,1
0.9804921746253968,0.079884149134159,0.9838333328564962,0.0604343563318252,0.9884999990463256,0.0397490374743938,0.9804921746253968,0.079884149134159,0.9794999957084656,0.0878729000687599,0.9804921746253968,0.079884149134159,0.9835000038146972,0.053681131452322,0.9804921746253968,0.079884149134159,1
0.9810924530029296,0.0848308429121971,0.9766666491826376,0.0934586152434349,0.975499987602234,0.0900825709104538,0.9810924530029296,0.0848308429121971,0.9869999885559082,0.0497683212161064,0.9810924530029296,0.0848308429121971,0.9869999885559082,0.0497683212161064,0.9810924530029296,0.0848308429121971,1
0.9831932783126832,0.0734436884522438,0.9828333258628844,0.0742477054397265,0.9735000133514404,0.0957429632544517,0.9831932783126832,0.0734436884522438,0.9854999780654908,0.0758071392774581,0.9831932783126832,0.0734436884522438,0.9894999861717224,0.0511930137872695,0.9831932783126832,0.0734436884522438,1
0.1044417768716812,2.308600187301636,0.609333316485087,1.195444881916046,0.7799999713897705,0.6399322152137756,0.1044417768716812,2.308600187301636,0.293500006198883,2.212753772735596,0.1044417768716812,2.308600187301636,0.293500006198883,2.212753772735596,0.1044417768716812,2.308600187301636,2
0.0966386571526527,2.3275535106658936,0.734333336353302,0.7911134759585062,0.8690000176429749,0.4004307091236114,0.0966386571526527,2.3275535106658936,0.4735000133514404,1.545069456100464,0.0966386571526527,2.3275535106658936,0.4735000133514404,1.545069456100464,0.0966386571526527,2.3275535106658936,2
0.1044417768716812,2.351226091384888,0.8413333495457967,0.4688986043135325,0.8970000147819519,0.3057035803794861,0.1044417768716812,2.351226091384888,0.7365000247955322,0.7728145718574524,0.1044417768716812,2.351226091384888,0.7365000247955322,0.7728145718574524,0.1044417768716812,2.351226091384888,2
0.1044417768716812,2.340000867843628,0.9018333355585734,0.3173407167196274,0.9200000166893004,0.2585625648498535,0.1044417768716812,2.340000867843628,0.9369999766349792,0.2001664787530899,0.1044417768716812,2.340000867843628,0.8485000133514404,0.4932931065559387,0.1044417768716812,2.340000867843628,2
0.2454981952905655,1.951812982559204,0.9264999826749166,0.2276314149300257,0.9279999732971193,0.2188757210969925,0.2454981952905655,1.951812982559204,0.9509999752044678,0.1412685513496399,0.2454981952905655,1.951812982559204,0.9004999995231628,0.3227499723434448,0.2454981952905655,1.951812982559204,2
0.9201680421829224,0.2906199097633362,0.9375,0.1900816361109415,0.9474999904632568,0.1572679132223129,0.9201680421829224,0.2906199097633362,0.915499985218048,0.2583714127540588,0.9201680421829224,0.2906199097633362,0.915499985218048,0.2583714127540588,0.9201680421829224,0.2906199097633362,2
0.9453781247138976,0.17302206158638,0.9494999845822653,0.1670814802249272,0.949999988079071,0.1677331179380417,0.9453781247138976,0.17302206158638,0.962499976158142,0.1173605471849441,0.9453781247138976,0.17302206158638,0.9359999895095824,0.2161507755517959,0.9453781247138976,0.17302206158638,2
0.9495798349380492,0.174954667687416,0.9558333357175192,0.1493645459413528,0.9545000195503236,0.1490014940500259,0.9495798349380492,0.174954667687416,0.9409999847412108,0.2023705393075943,0.9495798349380492,0.174954667687416,0.9409999847412108,0.2023705393075943,0.9495798349380492,0.174954667687416,2
0.9576830863952636,0.1500699669122696,0.968666672706604,0.1037115380167961,0.9710000157356262,0.0906180515885353,0.9576830863952636,0.1500699669122696,0.9769999980926514,0.0731192082166671,0.9576830863952636,0.1500699669122696,0.9580000042915344,0.1473973542451858,0.9576830863952636,0.1500699669122696,2
0.9639856219291688,0.1372877806425094,0.9644999901453654,0.1186934188008308,0.9664999842643738,0.1110009849071502,0.9639856219291688,0.1372877806425094,0.9549999833106996,0.1517619043588638,0.9639856219291688,0.1372877806425094,0.9549999833106996,0.1517619043588638,0.9639856219291688,0.1372877806425094,2
0.9651860594749452,0.1259850263595581,0.9660000006357828,0.1162867248058319,0.9664999842643738,0.1095284894108772,0.9651860594749452,0.1259850263595581,0.9710000157356262,0.1000941768288612,0.9651860594749452,0.1259850263595581,0.9605000019073486,0.1392375081777572,0.9651860594749452,0.1259850263595581,2
0.9687874913215636,0.1168156266212463,0.965666671593984,0.1170265699426333,0.959500014781952,0.1418608725070953,0.9687874913215636,0.1168156266212463,0.9674999713897704,0.1055443808436393,0.9687874913215636,0.1168156266212463,0.9700000286102296,0.1036744564771652,0.9687874913215636,0.1168156266212463,2
0.9678871631622314,0.1120501682162284,0.9701666633288064,0.1043183133006095,0.977999985218048,0.0734799727797508,0.9678871631622314,0.1120501682162284,0.968999981880188,0.1175557225942611,0.9678871631622314,0.1120501682162284,0.968999981880188,0.1175557225942611,0.9678871631622314,0.1120501682162284,2
0.970588207244873,0.1075610518455505,0.9704999923706056,0.0989042694369951,0.9605000019073486,0.1304603219032287,0.970588207244873,0.1075610518455505,0.9729999899864196,0.0916617512702941,0.970588207244873,0.1075610518455505,0.9729999899864196,0.0916617512702941,0.970588207244873,0.1075610518455505,2
0.9717887043952942,0.0972384661436081,0.9765000144640604,0.0825396329164505,0.977500021457672,0.0832072719931602,0.9717887043952942,0.0972384661436081,0.9794999957084656,0.0658660382032394,0.9717887043952942,0.0972384661436081,0.9794999957084656,0.0658660382032394,0.9717887043952942,0.0972384661436081,2
0.9780912399291992,0.0804596468806266,0.9823333223660788,0.0598974389334519,0.9915000200271606,0.0362506918609142,0.9780912399291992,0.0804596468806266,0.9789999723434448,0.0709743872284889,0.9780912399291992,0.0804596468806266,0.9764999747276306,0.0724672377109527,0.9780912399291992,0.0804596468806266,2
0.9747899174690248,0.1020686700940132,0.9706666668256124,0.100702628493309,0.9605000019073486,0.1313851475715637,0.9747899174690248,0.1020686700940132,0.9735000133514404,0.0910692363977432,0.9747899174690248,0.1020686700940132,0.977999985218048,0.0796535015106201,0.9747899174690248,0.1020686700940132,2
0.9783913493156432,0.0842020213603973,0.9768333236376444,0.0920533488194147,0.9764999747276306,0.0979446619749069,0.9783913493156432,0.0842020213603973,0.977999985218048,0.0855533480644226,0.9783913493156432,0.0842020213603973,0.9760000109672546,0.0926620364189148,0.9783913493156432,0.0842020213603973,2
0.9783913493156432,0.0771542936563491,0.984333356221517,0.0589996476968129,0.9825000166893004,0.0604150407016277,0.9783913493156432,0.0771542936563491,0.984000027179718,0.0521902181208133,0.9783913493156432,0.0771542936563491,0.984000027179718,0.0521902181208133,0.9783913493156432,0.0771542936563491,2
0.9795918464660645,0.0776743218302726,0.9765000144640604,0.0877788364887237,0.9760000109672546,0.0962983295321464,0.9795918464660645,0.0776743218302726,0.9835000038146972,0.062525987625122,0.9795918464660645,0.0776743218302726,0.9835000038146972,0.062525987625122,0.9795918464660645,0.0776743218302726,2
0.9771908521652222,0.092327706515789,0.9761666655540466,0.0912729700406392,0.9679999947547911,0.1226568967103958,0.9771908521652222,0.092327706515789,0.9815000295639038,0.0656621530652046,0.9771908521652222,0.092327706515789,0.9815000295639038,0.0656621530652046,0.9771908521652222,0.092327706515789,2
0.9789915680885316,0.0724395364522934,0.9771666725476584,0.0774193008740743,0.9825000166893004,0.0598485991358757,0.9789915680885316,0.0724395364522934,0.9664999842643738,0.1212458759546279,0.9789915680885316,0.0724395364522934,0.9825000166893004,0.0511634275317192,0.9789915680885316,0.0724395364522934,2
0.981692671775818,0.0657391026616096,0.9833333293596904,0.0571946303049723,0.9804999828338624,0.0692634433507919,0.981692671775818,0.0657391026616096,0.984499990940094,0.0478671602904796,0.981692671775818,0.0657391026616096,0.9850000143051147,0.0544532872736454,0.981692671775818,0.0657391026616096,2
0.9795918464660645,0.0815181657671928,0.9766666889190674,0.0816923417150974,0.968500018119812,0.1142582669854164,0.9795918464660645,0.0815181657671928,0.9890000224113464,0.0360955856740474,0.9795918464660645,0.0815181657671928,0.9890000224113464,0.0360955856740474,0.9795918464660645,0.0815181657671928,2
0.9804921746253968,0.0663044601678848,0.9830000003178916,0.0638856266935666,0.9829999804496764,0.0577172115445137,0.9804921746253968,0.0663044601678848,0.984000027179718,0.0682976618409156,0.9804921746253968,0.0663044601678848,0.9819999933242798,0.0656420066952705,0.9804921746253968,0.0663044601678848,2
0.9834933876991272,0.0672048330307006,0.9835000038146972,0.0580033554385105,0.9835000038146972,0.0684162601828575,0.9834933876991272,0.0672048330307006,0.9915000200271606,0.0254836659878492,0.9834933876991272,0.0672048330307006,0.9915000200271606,0.0254836659878492,0.9834933876991272,0.0672048330307006,2
0.981692671775818,0.0704095065593719,0.9711666703224182,0.1035009063780307,0.9695000052452089,0.1157103851437568,0.981692671775818,0.0704095065593719,0.9545000195503236,0.1592416167259216,0.981692671775818,0.0704095065593719,0.9894999861717224,0.0355507172644138,0.981692671775818,0.0704095065593719,2
0.9780912399291992,0.0740684941411018,0.9816666642824808,0.0670576741298039,0.9785000085830688,0.0915788188576698,0.9780912399291992,0.0740684941411018,0.9835000038146972,0.0418482795357704,0.9780912399291992,0.0740684941411018,0.9829999804496764,0.0677459239959716,0.9780912399291992,0.0740684941411018,2
0.9825930595397948,0.064532071352005,0.987666666507721,0.0510603220512469,0.9850000143051147,0.0648229047656059,0.9825930595397948,0.064532071352005,0.9850000143051147,0.058490976691246,0.9825930595397948,0.064532071352005,0.9929999709129332,0.0298670846968889,0.9825930595397948,0.064532071352005,2
0.9843937754631042,0.0562575384974479,0.98799999554952,0.0481229188541571,0.9794999957084656,0.0762403979897499,0.9843937754631042,0.0562575384974479,0.9929999709129332,0.0359272472560405,0.9843937754631042,0.0562575384974479,0.9915000200271606,0.0322011113166809,0.9843937754631042,0.0562575384974479,2
0.0885354131460189,2.332677125930786,0.6183333396911621,1.172998050848643,0.7754999995231628,0.6751067638397217,0.0885354131460189,2.332677125930786,0.3125,2.167569637298584,0.0885354131460189,2.332677125930786,0.3125,2.167569637298584,0.0885354131460189,2.332677125930786,3
0.0885354131460189,2.3906571865081787,0.7303333183129629,0.8090561827023824,0.8654999732971191,0.4088810980319977,0.0885354131460189,2.3906571865081787,0.4699999988079071,1.5554628372192385,0.0885354131460189,2.3906571865081787,0.4699999988079071,1.5554628372192385,0.0885354131460189,2.3906571865081787,3
0.0966386571526527,2.4438047409057617,0.8346666693687439,0.4995446701844533,0.8815000057220459,0.3471324741840362,0.0966386571526527,2.4438047409057617,0.7254999876022339,0.8265030980110168,0.0966386571526527,2.4438047409057617,0.7254999876022339,0.8265030980110168,0.0966386571526527,2.4438047409057617,3
0.0966386571526527,2.412869691848755,0.8946666518847147,0.3303299297889073,0.9294999837875366,0.2342554479837417,0.0966386571526527,2.412869691848755,0.843999981880188,0.4856770634651184,0.0966386571526527,2.412869691848755,0.843999981880188,0.4856770634651184,0.0966386571526527,2.412869691848755,3
0.3763505518436432,2.048936367034912,0.921500007311503,0.2414048512776692,0.9325000047683716,0.1975659132003784,0.3763505518436432,2.048936367034912,0.949999988079071,0.1646912693977356,0.3763505518436432,2.048936367034912,0.8820000290870667,0.3619573712348938,0.3763505518436432,2.048936367034912,3
0.9087635278701782,0.318850427865982,0.9383333524068196,0.2011912415424982,0.9430000185966492,0.1646611839532852,0.9087635278701782,0.318850427865982,0.9545000195503236,0.1641858220100402,0.9087635278701782,0.318850427865982,0.9175000190734864,0.2747267186641693,0.9087635278701782,0.318850427865982,3
0.9435774087905884,0.1894340366125106,0.9476666649182638,0.1668736264109611,0.9639999866485596,0.1176827177405357,0.9435774087905884,0.1894340366125106,0.9265000224113464,0.2309155464172363,0.9435774087905884,0.1894340366125106,0.9265000224113464,0.2309155464172363,0.9435774087905884,0.1894340366125106,3
0.9516806602478028,0.1756749451160431,0.9551666577657064,0.1477115005254745,0.9714999794960022,0.0950068235397338,0.9516806602478028,0.1756749451160431,0.9350000023841858,0.2194884419441223,0.9516806602478028,0.1756749451160431,0.9350000023841858,0.2194884419441223,0.9516806602478028,0.1756749451160431,3
0.9555822610855104,0.1672884076833725,0.9546666741371156,0.1406864449381828,0.9614999890327454,0.1118675395846366,0.9555822610855104,0.1672884076833725,0.9495000243186952,0.1656388342380523,0.9555822610855104,0.1672884076833725,0.9495000243186952,0.1656388342380523,0.9555822610855104,0.1672884076833725,3
0.9576830863952636,0.1460800021886825,0.962666670481364,0.122189442316691,0.962000012397766,0.1246653273701667,0.9576830863952636,0.1460800021886825,0.9710000157356262,0.091735653579235,0.9576830863952636,0.1460800021886825,0.9549999833106996,0.1501673460006714,0.9576830863952636,0.1460800021886825,3
0.9600840210914612,0.1424863934516906,0.965500017007192,0.1191424255569775,0.9660000205039978,0.1125152707099914,0.9600840210914612,0.1424863934516906,0.962000012397766,0.1334857195615768,0.9600840210914612,0.1424863934516906,0.968500018119812,0.1114262863993644,0.9600840210914612,0.1424863934516906,3
0.9663865566253662,0.1166493222117424,0.9695000052452089,0.0960847934087117,0.9679999947547911,0.102495364844799,0.9663865566253662,0.1166493222117424,0.9760000109672546,0.0756765902042388,0.9663865566253662,0.1166493222117424,0.9645000100135804,0.1100824251770973,0.9663865566253662,0.1166493222117424,3
0.9672869443893432,0.1133192405104637,0.9734999934832256,0.0970991775393486,0.977999985218048,0.0702626258134841,0.9672869443893432,0.1133192405104637,0.962499976158142,0.1268121749162674,0.9672869443893432,0.1133192405104637,0.9800000190734864,0.0942227318882942,0.9672869443893432,0.1133192405104637,3
0.970588207244873,0.108648344874382,0.9710000157356262,0.1062957098086675,0.9815000295639038,0.0739643573760986,0.970588207244873,0.108648344874382,0.975000023841858,0.09017114341259,0.970588207244873,0.108648344874382,0.975000023841858,0.09017114341259,0.970588207244873,0.108648344874382,3
0.9747899174690248,0.0970394164323806,0.9788333376248678,0.0673899079362551,0.9785000085830688,0.0719492509961128,0.9747899174690248,0.0970394164323806,0.9794999957084656,0.0641910508275032,0.9747899174690248,0.0970394164323806,0.9785000085830688,0.0660294219851493,0.9747899174690248,0.0970394164323806,3
0.97148859500885,0.1024565249681472,0.9664999842643738,0.1072229444980621,0.972000002861023,0.0869330540299415,0.97148859500885,0.1024565249681472,0.953499972820282,0.1449451744556427,0.97148859500885,0.1024565249681472,0.9739999771118164,0.0897906050086021,0.97148859500885,0.1024565249681472,3
0.9732893109321594,0.1058866456151008,0.9741666714350382,0.0808438559373219,0.9804999828338624,0.0557175315916538,0.9732893109321594,0.1058866456151008,0.959500014781952,0.1309705525636673,0.9732893109321594,0.1058866456151008,0.9825000166893004,0.0558434836566448,0.9732893109321594,0.1058866456151008,3
0.9750900268554688,0.0900281220674514,0.9806666572888691,0.0653183658917744,0.9760000109672546,0.0914314240217208,0.9750900268554688,0.0900281220674514,0.9764999747276306,0.0722010806202888,0.9750900268554688,0.0900281220674514,0.9764999747276306,0.0722010806202888,0.9750900268554688,0.0900281220674514,3
0.9750900268554688,0.095536783337593,0.9758333563804626,0.0928659749527772,0.975000023841858,0.1081636920571327,0.9750900268554688,0.095536783337593,0.9825000166893004,0.0607487000524997,0.9750900268554688,0.095536783337593,0.9825000166893004,0.0607487000524997,0.9750900268554688,0.095536783337593,3
0.9741896986961364,0.106223739683628,0.9756666620572408,0.0930649874111016,0.968999981880188,0.1116101741790771,0.9741896986961364,0.106223739683628,0.9704999923706056,0.1218609064817428,0.9741896986961364,0.106223739683628,0.987500011920929,0.0457238815724849,0.9741896986961364,0.106223739683628,3
0.9744898080825806,0.1157373040914535,0.9693333307902018,0.116523173948129,0.949999988079071,0.1857678294181823,0.9744898080825806,0.1157373040914535,0.9815000295639038,0.0691352412104606,0.9744898080825806,0.1157373040914535,0.9815000295639038,0.0691352412104606,0.9744898080825806,0.1157373040914535,3
0.9792917370796204,0.0896031707525253,0.9751666585604348,0.0931809941927592,0.9664999842643738,0.1284829527139663,0.9792917370796204,0.0896031707525253,0.9794999957084656,0.0794663652777671,0.9792917370796204,0.0896031707525253,0.9794999957084656,0.071593664586544,0.9792917370796204,0.0896031707525253,3
0.9792917370796204,0.0771708041429519,0.9790000120798746,0.0674313058455785,0.9810000061988832,0.0553630664944648,0.9792917370796204,0.0771708041429519,0.977500021457672,0.0808475911617279,0.9792917370796204,0.0771708041429519,0.9785000085830688,0.0660832598805427,0.9792917370796204,0.0771708041429519,3
0.981992781162262,0.0728395208716392,0.9896666606267294,0.0408208382626374,0.9850000143051147,0.0602542161941528,0.981992781162262,0.0728395208716392,0.99099999666214,0.03310127556324,0.981992781162262,0.0728395208716392,0.99099999666214,0.03310127556324,0.981992781162262,0.0728395208716392,3
0.9834933876991272,0.0654927566647529,0.9863333503405252,0.050781151279807,0.9890000224113464,0.0438129678368568,0.9834933876991272,0.0654927566647529,0.9925000071525574,0.0310485903173685,0.9834933876991272,0.0654927566647529,0.9925000071525574,0.0310485903173685,0.9834933876991272,0.0654927566647529,3
0.982292890548706,0.0704942792654037,0.9850000143051147,0.0559966328243414,0.9815000295639038,0.0718910545110702,0.982292890548706,0.0704942792654037,0.9884999990463256,0.0356285087764263,0.982292890548706,0.0704942792654037,0.9884999990463256,0.0356285087764263,0.982292890548706,0.0704942792654037,3
0.9789915680885316,0.0799427106976509,0.9838333328564962,0.0633802972733974,0.9869999885559082,0.0584917776286602,0.9789915680885316,0.0799427106976509,0.977500021457672,0.0837413892149925,0.9789915680885316,0.0799427106976509,0.9869999885559082,0.0479077249765396,0.9789915680885316,0.0799427106976509,3
0.9789915680885316,0.0817400589585304,0.9865000049273172,0.0622603471080462,0.9900000095367432,0.0479252114892005,0.9789915680885316,0.0817400589585304,0.9815000295639038,0.0836744531989097,0.9789915680885316,0.0817400589585304,0.9879999756813048,0.0551813766360282,0.9789915680885316,0.0817400589585304,3
0.9798919558525084,0.0881946384906768,0.9774999817212424,0.0795155428349971,0.9829999804496764,0.0609412416815757,0.9798919558525084,0.0881946384906768,0.959999978542328,0.1403774172067642,0.9798919558525084,0.0881946384906768,0.9894999861717224,0.0372279696166515,0.9798919558525084,0.0881946384906768,3
0.982292890548706,0.0748800560832023,0.9831666549046836,0.0622860851387182,0.975499987602234,0.0832510814070701,0.982292890548706,0.0748800560832023,0.9894999861717224,0.0518485270440578,0.982292890548706,0.0748800560832023,0.9894999861717224,0.0518485270440578,0.982292890548706,0.0748800560832023,3
0.1044417768716812,2.3221559524536133,0.6265000104904175,1.164449671904246,0.7975000143051147,0.645264744758606,0.1044417768716812,2.3221559524536133,0.7705000042915344,0.7143359780311584,0.1044417768716812,2.3221559524536133,0.3115000128746032,2.1337482929229736,0.1044417768716812,2.3221559524536133,4
0.0966386571526527,2.3611953258514404,0.734000007311503,0.8089022239049276,0.8485000133514404,0.4899875223636627,0.0966386571526527,2.3611953258514404,0.862500011920929,0.4125712811946869,0.0966386571526527,2.3611953258514404,0.4909999966621399,1.524147868156433,0.0966386571526527,2.3611953258514404,4
0.0957382917404174,2.3723905086517334,0.843499998251597,0.4948538939158122,0.9020000100135804,0.3154238164424896,0.0957382917404174,2.3723905086517334,0.7174999713897705,0.8787655830383301,0.0957382917404174,2.3723905086517334,0.7174999713897705,0.8787655830383301,0.0957382917404174,2.3723905086517334,4
0.0921368524432182,2.423065423965454,0.8851666649182638,0.3692864924669266,0.921999990940094,0.2461182922124862,0.0921368524432182,2.423065423965454,0.8259999752044678,0.5650134682655334,0.0921368524432182,2.423065423965454,0.8259999752044678,0.5650134682655334,0.0921368524432182,2.423065423965454,4
0.2911164462566376,2.253503799438477,0.9174999992052714,0.2579357375701268,0.9375,0.1870109438896179,0.2911164462566376,2.253503799438477,0.8774999976158142,0.3764211535453796,0.2911164462566376,2.253503799438477,0.8774999976158142,0.3764211535453796,0.2911164462566376,2.253503799438477,4
0.8907563090324402,0.3710459470748901,0.928166667620341,0.2304391711950302,0.9490000009536744,0.1705687642097473,0.8907563090324402,0.3710459470748901,0.9384999871253968,0.1861577481031417,0.8907563090324402,0.3710459470748901,0.8970000147819519,0.3345910012722015,0.8907563090324402,0.3710459470748901,4
0.9450780153274536,0.1995604038238525,0.9513333241144816,0.1666314726074536,0.965499997138977,0.1183963790535926,0.9450780153274536,0.1995604038238525,0.9589999914169312,0.1367642432451248,0.9450780153274536,0.1995604038238525,0.9294999837875366,0.2447337955236435,0.9450780153274536,0.1995604038238525,4
0.952881157398224,0.1647232621908188,0.9604999820391336,0.1333399216334025,0.9664999842643738,0.111413225531578,0.952881157398224,0.1647232621908188,0.9459999799728394,0.1668959110975265,0.952881157398224,0.1647232621908188,0.9459999799728394,0.1668959110975265,0.952881157398224,0.1647232621908188,4
0.9567826986312866,0.154838889837265,0.9639999866485596,0.1217970003684361,0.975499987602234,0.0751065611839294,0.9567826986312866,0.154838889837265,0.9605000019073486,0.1295156329870224,0.9567826986312866,0.154838889837265,0.9559999704360962,0.1607688069343567,0.9567826986312866,0.154838889837265,4
0.960684299468994,0.1553812623023986,0.9630000193913778,0.1238331620891888,0.968500018119812,0.1023560836911201,0.960684299468994,0.1553812623023986,0.9635000228881836,0.1220848709344863,0.960684299468994,0.1553812623023986,0.9570000171661376,0.1470585316419601,0.960684299468994,0.1553812623023986,4
0.9636854529380798,0.1318043172359466,0.9678333401679992,0.1103171408176422,0.977500021457672,0.0707522928714752,0.9636854529380798,0.1318043172359466,0.9629999995231628,0.135152131319046,0.9636854529380798,0.1318043172359466,0.9629999995231628,0.135152131319046,0.9636854529380798,0.1318043172359466,4
0.964885950088501,0.1321115642786026,0.9641666611035664,0.1124049425125122,0.968999981880188,0.0995954796671867,0.964885950088501,0.1321115642786026,0.965499997138977,0.1127985268831253,0.964885950088501,0.1321115642786026,0.965499997138977,0.1127985268831253,0.964885950088501,0.1321115642786026,4
0.9666866660118104,0.121771439909935,0.971833348274231,0.0993108103672663,0.9670000076293944,0.1221125051379203,0.9666866660118104,0.121771439909935,0.977500021457672,0.0812391713261604,0.9666866660118104,0.121771439909935,0.9710000157356262,0.0945807546377182,0.9666866660118104,0.121771439909935,4
0.966086447238922,0.1325668543577194,0.965833326180776,0.1195704862475395,0.9639999866485596,0.1277456283569336,0.966086447238922,0.1325668543577194,0.9645000100135804,0.1245930939912796,0.966086447238922,0.1325668543577194,0.968999981880188,0.1063727363944053,0.966086447238922,0.1325668543577194,4
0.9729892015457152,0.1006205603480339,0.9731666644414266,0.0900728205839793,0.975499987602234,0.0810473561286926,0.9729892015457152,0.1006205603480339,0.9745000004768372,0.0828976333141326,0.9729892015457152,0.1006205603480339,0.9695000052452089,0.1062734723091125,0.9729892015457152,0.1006205603480339,4
0.9735894203186036,0.0995670482516288,0.9758333365122476,0.0785060574611028,0.9760000109672546,0.0741784125566482,0.9735894203186036,0.0995670482516288,0.9739999771118164,0.0876124277710914,0.9735894203186036,0.0995670482516288,0.977500021457672,0.0737273320555687,0.9735894203186036,0.0995670482516288,4
0.9717887043952942,0.1036722362041473,0.977666676044464,0.0778664623697598,0.9804999828338624,0.0790447294712066,0.9717887043952942,0.1036722362041473,0.9725000262260436,0.0863346308469772,0.9717887043952942,0.1036722362041473,0.9800000190734864,0.0682200267910957,0.9717887043952942,0.1036722362041473,4
0.9738895297050476,0.096978485584259,0.9813333551088969,0.0679822688301404,0.977500021457672,0.0776180550456047,0.9738895297050476,0.096978485584259,0.9865000247955322,0.0482014566659927,0.9738895297050476,0.096978485584259,0.9865000247955322,0.0482014566659927,0.9738895297050476,0.096978485584259,4
0.9759904146194458,0.1004129275679588,0.9773333271344504,0.0871578641235828,0.9794999957084656,0.0792498141527175,0.9759904146194458,0.1004129275679588,0.9674999713897704,0.1216500028967857,0.9759904146194458,0.1004129275679588,0.9850000143051147,0.0605737753212451,0.9759904146194458,0.1004129275679588,4
0.9780912399291992,0.0888759419322013,0.980833331743876,0.0686842973033587,0.9810000061988832,0.0696832910180091,0.9780912399291992,0.0888759419322013,0.9764999747276306,0.0775701478123664,0.9780912399291992,0.0888759419322013,0.9850000143051147,0.0587994530797004,0.9780912399291992,0.0888759419322013,4
0.9747899174690248,0.1052957624197006,0.9733333388964336,0.0926269640525182,0.968999981880188,0.1211371123790741,0.9747899174690248,0.1052957624197006,0.9815000295639038,0.0593787431716918,0.9747899174690248,0.1052957624197006,0.9815000295639038,0.0593787431716918,0.9747899174690248,0.1052957624197006,4
0.9771908521652222,0.0784093216061592,0.9831666549046836,0.0610132503012816,0.9829999804496764,0.0564655624330043,0.9771908521652222,0.0784093216061592,0.9829999804496764,0.0588289871811866,0.9771908521652222,0.0784093216061592,0.9829999804496764,0.0588289871811866,0.9771908521652222,0.0784093216061592,4
0.9786914587020874,0.0810969173908233,0.980833331743876,0.0656571288903554,0.9704999923706056,0.1028300449252128,0.9786914587020874,0.0810969173908233,0.9854999780654908,0.0475597269833087,0.9786914587020874,0.0810969173908233,0.9865000247955322,0.0465816147625446,0.9786914587020874,0.0810969173908233,4
0.9792917370796204,0.0888502150774002,0.9778333504994712,0.0814102875689665,0.9570000171661376,0.1600791215896606,0.9792917370796204,0.0888502150774002,0.9890000224113464,0.0368768274784088,0.9792917370796204,0.0888502150774002,0.9890000224113464,0.0368768274784088,0.9792917370796204,0.0888502150774002,4
0.9813925623893738,0.0809723362326622,0.9829999804496764,0.0633781713744004,0.9804999828338624,0.069890983402729,0.9813925623893738,0.0809723362326622,0.9854999780654908,0.0541808195412159,0.9813925623893738,0.0809723362326622,0.9854999780654908,0.0541808195412159,0.9813925623893738,0.0809723362326622,4
0.9780912399291992,0.0921929106116294,0.984499990940094,0.0581987102826436,0.9819999933242798,0.0596377700567245,0.9780912399291992,0.0921929106116294,0.9884999990463256,0.0366924181580543,0.9780912399291992,0.0921929106116294,0.9884999990463256,0.0366924181580543,0.9780912399291992,0.0921929106116294,4
0.9825930595397948,0.0728981345891952,0.987833340962728,0.0505280916889508,0.9854999780654908,0.0602512173354625,0.9825930595397948,0.0728981345891952,0.9915000200271606,0.0444805957376956,0.9825930595397948,0.0728981345891952,0.9865000247955322,0.0468524619936943,0.9825930595397948,0.0728981345891952,4
0.9801920652389526,0.0833361446857452,0.97516667842865,0.1048143145938714,0.984000027179718,0.0927578657865524,0.9801920652389526,0.0833361446857452,0.9570000171661376,0.1666458845138549,0.9801920652389526,0.0833361446857452,0.984499990940094,0.0550391934812068,0.9801920652389526,0.0833361446857452,4
0.982292890548706,0.0794559195637703,0.9851666688919068,0.0579682004948457,0.9725000262260436,0.1077324002981185,0.982292890548706,0.0794559195637703,0.9925000071525574,0.0342720784246921,0.982292890548706,0.0794559195637703,0.9925000071525574,0.0342720784246921,0.982292890548706,0.0794559195637703,4
0.982893168926239,0.0663813427090644,0.9893333117167156,0.0431068862477938,0.9879999756813048,0.0461910516023635,0.982893168926239,0.0663813427090644,0.9879999756813048,0.0447413250803947,0.982893168926239,0.0663813427090644,0.9919999837875366,0.0383882820606231,0.982893168926239,0.0663813427090644,4
0.0885354131460189,2.31723427772522,0.5949999888737997,1.2627033392588298,0.765999972820282,0.7284079790115356,0.0885354131460189,2.31723427772522,0.7509999871253967,0.7385276556015015,0.0885354131460189,2.31723427772522,0.2680000066757202,2.321174383163452,0.0885354131460189,2.31723427772522,5
0.0957382917404174,2.348902702331543,0.7113333443800608,0.8829304675261179,0.8585000038146973,0.4754506647586822,0.0957382917404174,2.348902702331543,0.44200000166893,1.6565431356430054,0.0957382917404174,2.348902702331543,0.44200000166893,1.6565431356430054,0.0957382917404174,2.348902702331543,5
0.0885354131460189,2.348701477050781,0.824833333492279,0.5371769964694977,0.8774999976158142,0.3623027503490448,0.0885354131460189,2.348701477050781,0.8989999890327454,0.32955402135849,0.0885354131460189,2.348701477050781,0.6980000138282776,0.9196742177009584,0.0885354131460189,2.348701477050781,5
0.0885354131460189,2.369604587554932,0.8836666544278463,0.3766631484031677,0.9114999771118164,0.2621947526931762,0.0885354131460189,2.369604587554932,0.8264999985694885,0.5662913918495178,0.0885354131460189,2.369604587554932,0.8264999985694885,0.5662913918495178,0.0885354131460189,2.369604587554932,5
0.3004201650619507,2.156944513320923,0.9236666560173036,0.2526970108350118,0.9484999775886536,0.1807986050844192,0.3004201650619507,2.156944513320923,0.8790000081062317,0.3826214075088501,0.3004201650619507,2.156944513320923,0.8790000081062317,0.3826214075088501,0.3004201650619507,2.156944513320923,5
0.8493397235870361,0.4908117055892944,0.9340000152587892,0.2145913044611613,0.9629999995231628,0.1090747863054275,0.8493397235870361,0.4908117055892944,0.8945000171661377,0.3553641438484192,0.8493397235870361,0.4908117055892944,0.8945000171661377,0.3553641438484192,0.8493397235870361,0.4908117055892944,5
0.9450780153274536,0.177960067987442,0.9386666814486184,0.2064487884442011,0.9365000128746032,0.2048449963331222,0.9450780153274536,0.177960067987442,0.9480000138282776,0.18255116045475,0.9450780153274536,0.177960067987442,0.9315000176429749,0.2319502085447311,0.9450780153274536,0.177960067987442,5
0.9489796161651612,0.1628203839063644,0.9576666752497356,0.1401632701357205,0.9700000286102296,0.094916395843029,0.9489796161651612,0.1628203839063644,0.9369999766349792,0.2165810465812683,0.9489796161651612,0.1628203839063644,0.9369999766349792,0.2165810465812683,0.9489796161651612,0.1628203839063644,5
0.9525810480117798,0.1546897888183593,0.9621666868527732,0.1237029060721397,0.9725000262260436,0.0939388796687126,0.9525810480117798,0.1546897888183593,0.959500014781952,0.1203907132148742,0.9525810480117798,0.1546897888183593,0.9545000195503236,0.1567791253328323,0.9525810480117798,0.1546897888183593,5
0.9612845182418824,0.1339351236820221,0.9606666564941406,0.1334821979204813,0.9649999737739564,0.1009142249822616,0.9612845182418824,0.1339351236820221,0.9649999737739564,0.1329449862241745,0.9612845182418824,0.1339351236820221,0.9520000219345092,0.1665873825550079,0.9612845182418824,0.1339351236820221,5
0.9627851247787476,0.1372606605291366,0.9618333180745444,0.1279966458678245,0.9674999713897704,0.1134577989578247,0.9627851247787476,0.1372606605291366,0.9589999914169312,0.1244739070534706,0.9627851247787476,0.1372606605291366,0.9589999914169312,0.1244739070534706,0.9627851247787476,0.1372606605291366,5
0.9630852341651917,0.1287048757076263,0.965499997138977,0.114735094209512,0.9664999842643738,0.101686805486679,0.9630852341651917,0.1287048757076263,0.9664999842643738,0.1216036900877952,0.9630852341651917,0.1287048757076263,0.9635000228881836,0.1209147870540618,0.9630852341651917,0.1287048757076263,5
0.9663865566253662,0.1081391498446464,0.965166668097178,0.1167312984665234,0.968999981880188,0.1003183051943779,0.9663865566253662,0.1081391498446464,0.9645000100135804,0.1261928677558899,0.9663865566253662,0.1081391498446464,0.962000012397766,0.1236827224493026,0.9663865566253662,0.1081391498446464,5
0.9696878790855408,0.107010044157505,0.975000003973643,0.0834398493170738,0.972000002861023,0.0939880535006523,0.9696878790855408,0.107010044157505,0.975000023841858,0.0925068706274032,0.9696878790855408,0.107010044157505,0.975000023841858,0.0925068706274032,0.9696878790855408,0.107010044157505,5
0.9723889827728271,0.1042814925312995,0.9745000004768372,0.087025910615921,0.9829999804496764,0.0664608776569366,0.9723889827728271,0.1042814925312995,0.9710000157356262,0.0938480570912361,0.9723889827728271,0.1042814925312995,0.9695000052452089,0.1007687970995903,0.9723889827728271,0.1042814925312995,5
0.9726890921592712,0.1017567068338394,0.9768333435058594,0.0752202595273653,0.9825000166893004,0.0604336783289909,0.9726890921592712,0.1017567068338394,0.977999985218048,0.0627910867333412,0.9726890921592712,0.1017567068338394,0.977999985218048,0.0627910867333412,0.9726890921592712,0.1017567068338394,5
0.9732893109321594,0.0905738845467567,0.9759999910990396,0.0868869312107563,0.9760000109672546,0.0871958285570144,0.9732893109321594,0.0905738845467567,0.9829999804496764,0.059464905411005,0.9732893109321594,0.0905738845467567,0.9829999804496764,0.059464905411005,0.9732893109321594,0.0905738845467567,5
0.97629052400589,0.0806651413440704,0.9768333435058594,0.078589084247748,0.9745000004768372,0.0867341682314872,0.97629052400589,0.0806651413440704,0.9760000109672546,0.078541100025177,0.97629052400589,0.0806651413440704,0.9800000190734864,0.0704919844865799,0.97629052400589,0.0806651413440704,5
0.9756903052330016,0.0887990742921829,0.9788333376248678,0.0805435590445995,0.977500021457672,0.0926901772618293,0.9756903052330016,0.0887990742921829,0.9825000166893004,0.0599350444972515,0.9756903052330016,0.0887990742921829,0.9825000166893004,0.0599350444972515,0.9756903052330016,0.0887990742921829,5
0.97629052400589,0.0922186151146888,0.9764999945958456,0.0862385146319866,0.9760000109672546,0.0928008407354354,0.97629052400589,0.0922186151146888,0.9879999756813048,0.0343261398375034,0.97629052400589,0.0922186151146888,0.9879999756813048,0.0343261398375034,0.97629052400589,0.0922186151146888,5
0.9738895297050476,0.0944672152400016,0.9776666561762491,0.0747653891642888,0.9804999828338624,0.0676362067461013,0.9738895297050476,0.0944672152400016,0.9695000052452089,0.0950377508997917,0.9738895297050476,0.0944672152400016,0.9829999804496764,0.0616222098469734,0.9738895297050476,0.0944672152400016,5
0.9735894203186036,0.0992181152105331,0.9798333446184794,0.0710545505086581,0.9710000157356262,0.0970319584012031,0.9735894203186036,0.0992181152105331,0.9890000224113464,0.0393396392464637,0.9735894203186036,0.0992181152105331,0.9890000224113464,0.0393396392464637,0.9735894203186036,0.0992181152105331,5
0.9780912399291992,0.0724426656961441,0.984333316485087,0.0565842278301715,0.9854999780654908,0.0489799343049526,0.9780912399291992,0.0724426656961441,0.977999985218048,0.079733096063137,0.9780912399291992,0.0724426656961441,0.9894999861717224,0.041039653122425,0.9780912399291992,0.0724426656961441,5
0.9798919558525084,0.0774421468377113,0.980833331743876,0.0666227067510287,0.9745000004768372,0.0917460173368454,0.9798919558525084,0.0774421468377113,0.9850000143051147,0.0530397295951843,0.9798919558525084,0.0774421468377113,0.9850000143051147,0.0530397295951843,0.9798919558525084,0.0774421468377113,5
0.9798919558525084,0.0790583416819572,0.9830000003178916,0.0636631610492865,0.984000027179718,0.0536297187209129,0.9798919558525084,0.0790583416819572,0.9860000014305116,0.058578286319971,0.9798919558525084,0.0790583416819572,0.9860000014305116,0.058578286319971,0.9798919558525084,0.0790583416819572,5
0.9789915680885316,0.0843028128147125,0.9785000085830688,0.07993159070611,0.9729999899864196,0.1060958132147789,0.9789915680885316,0.0843028128147125,0.975000023841858,0.0864772796630859,0.9789915680885316,0.0843028128147125,0.987500011920929,0.0472216792404651,0.9789915680885316,0.0843028128147125,5
0.9786914587020874,0.0809475257992744,0.9833333293596904,0.0605680582424004,0.975000023841858,0.0846699029207229,0.9786914587020874,0.0809475257992744,0.9854999780654908,0.0600121207535266,0.9786914587020874,0.0809475257992744,0.9854999780654908,0.0600121207535266,0.9786914587020874,0.0809475257992744,5
0.9813925623893738,0.0882422849535942,0.9791666666666666,0.0829053136209646,0.9745000004768372,0.1087085977196693,0.9813925623893738,0.0882422849535942,0.9760000109672546,0.0983715504407882,0.9813925623893738,0.0882422849535942,0.9869999885559082,0.0416357927024364,0.9813925623893738,0.0882422849535942,5
0.9813925623893738,0.0750732868909835,0.9868333339691162,0.0552051439881324,0.9900000095367432,0.0355093888938427,0.9813925623893738,0.0750732868909835,0.9894999861717224,0.0465346090495586,0.9813925623893738,0.0750732868909835,0.9894999861717224,0.0465346090495586,0.9813925623893738,0.0750732868909835,5
0.9810924530029296,0.0928612500429153,0.9743333260218302,0.1029185665150483,0.9664999842643738,0.1268596202135086,0.9810924530029296,0.0928612500429153,0.9695000052452089,0.1372543275356292,0.9810924530029296,0.0928612500429153,0.9869999885559082,0.0446417517960071,0.9810924530029296,0.0928612500429153,5
0.1044417768716812,2.348381519317627,0.6319999893506368,1.15096249183019,0.8004999756813049,0.5914649367332458,0.1044417768716812,2.348381519317627,0.2879999876022339,2.2526309490203857,0.1044417768716812,2.348381519317627,0.2879999876022339,2.2526309490203857,0.1044417768716812,2.348381519317627,6
0.0885354131460189,2.427797317504883,0.7634999950726827,0.7101715306440989,0.8709999918937683,0.3919336795806885,0.0885354131460189,2.427797317504883,0.5435000061988831,1.3548089265823364,0.0885354131460189,2.427797317504883,0.5435000061988831,1.3548089265823364,0.0885354131460189,2.427797317504883,6
0.0885354131460189,2.464385271072388,0.8578333258628845,0.4369943936665852,0.9024999737739564,0.2962804734706878,0.0885354131460189,2.464385271072388,0.7795000076293945,0.6940630674362183,0.0885354131460189,2.464385271072388,0.7795000076293945,0.6940630674362183,0.0885354131460189,2.464385271072388,6
0.0885354131460189,2.500138521194458,0.9141666690508524,0.2623252421617508,0.940500020980835,0.1825255304574966,0.0885354131460189,2.500138521194458,0.9390000104904176,0.1915486752986908,0.0885354131460189,2.500138521194458,0.8629999756813049,0.4129015207290649,0.0885354131460189,2.500138521194458,6
0.3100240230560303,2.151641607284546,0.9336666464805604,0.227370207508405,0.9509999752044678,0.1663448959589004,0.3100240230560303,2.151641607284546,0.9014999866485596,0.3423864841461181,0.3100240230560303,2.151641607284546,0.9014999866485596,0.3423864841461181,0.3100240230560303,2.151641607284546,6
0.9279711842536926,0.2877681851387024,0.9370000163714092,0.2130482296148936,0.9300000071525574,0.241512194275856,0.9279711842536926,0.2877681851387024,0.9240000247955322,0.2582587003707886,0.9279711842536926,0.2877681851387024,0.9240000247955322,0.2582587003707886,0.9279711842536926,0.2877681851387024,6
0.9462785124778748,0.1796967089176178,0.9513333241144816,0.150424967209498,0.9610000252723694,0.1102718114852905,0.9462785124778748,0.1796967089176178,0.9559999704360962,0.1351555585861206,0.9462785124778748,0.1796967089176178,0.9369999766349792,0.2058475315570831,0.9462785124778748,0.1796967089176178,6
0.9537814855575562,0.1618363708257675,0.9509999950726828,0.1611885502934456,0.9459999799728394,0.159758374094963,0.9537814855575562,0.1618363708257675,0.965499997138977,0.1209272369742393,0.9537814855575562,0.1618363708257675,0.9415000081062316,0.2028800398111343,0.9537814855575562,0.1618363708257675,6
0.958583414554596,0.1401952505111694,0.965499997138977,0.1159693499406178,0.9660000205039978,0.1180674284696579,0.958583414554596,0.1401952505111694,0.9589999914169312,0.1433582901954651,0.958583414554596,0.1401952505111694,0.9589999914169312,0.1433582901954651,0.958583414554596,0.1401952505111694,6
0.9633853435516356,0.125498816370964,0.9698333342870076,0.0926406209667523,0.9729999899864196,0.0771279409527778,0.9633853435516356,0.125498816370964,0.9645000100135804,0.1182564347982406,0.9633853435516356,0.125498816370964,0.9645000100135804,0.1182564347982406,0.9633853435516356,0.125498816370964,6
0.9672869443893432,0.1147627830505371,0.968666672706604,0.1064122219880421,0.9670000076293944,0.0987055450677871,0.9672869443893432,0.1147627830505371,0.972000002861023,0.1152548864483833,0.9672869443893432,0.1147627830505371,0.972000002861023,0.1152548864483833,0.9672869443893432,0.1147627830505371,6
0.971188485622406,0.1069366261363029,0.9701666633288064,0.0950521578391393,0.9639999866485596,0.1060395166277885,0.971188485622406,0.1069366261363029,0.9670000076293944,0.1065086126327514,0.971188485622406,0.1069366261363029,0.9670000076293944,0.1065086126327514,0.971188485622406,0.1069366261363029,6
0.9678871631622314,0.1139647513628006,0.972000002861023,0.0965163509051005,0.9764999747276306,0.0717204883694648,0.9678871631622314,0.1139647513628006,0.9710000157356262,0.1134184896945953,0.9678871631622314,0.1139647513628006,0.9710000157356262,0.1134184896945953,0.9678871631622314,0.1139647513628006,6
0.9726890921592712,0.1065218150615692,0.9708333214124044,0.1053685173392295,0.9645000100135804,0.128809779882431,0.9726890921592712,0.1065218150615692,0.968999981880188,0.1174046918749809,0.9726890921592712,0.1065218150615692,0.968999981880188,0.1174046918749809,0.9726890921592712,0.1065218150615692,6
0.970288097858429,0.1066623255610466,0.9648333390553792,0.1203392321864764,0.953499972820282,0.1544880419969558,0.970288097858429,0.1066623255610466,0.959500014781952,0.1414177566766739,0.970288097858429,0.1066623255610466,0.9815000295639038,0.0651118978857994,0.970288097858429,0.1066623255610466,6
0.9756903052330016,0.0904333144426345,0.9766666690508524,0.0828066853185494,0.9639999866485596,0.1271278411149978,0.9756903052330016,0.0904333144426345,0.9825000166893004,0.0667216703295707,0.9756903052330016,0.0904333144426345,0.9825000166893004,0.0667216703295707,0.9756903052330016,0.0904333144426345,6
0.976590633392334,0.0873699188232421,0.980666677157084,0.0748089390496413,0.9869999885559082,0.0576023049652576,0.976590633392334,0.0873699188232421,0.975000023841858,0.0940045192837715,0.976590633392334,0.0873699188232421,0.9800000190734864,0.0728199928998947,0.976590633392334,0.0873699188232421,6
0.9771908521652222,0.0912721157073974,0.9739999969800314,0.0992641746997833,0.9649999737739564,0.1310424655675888,0.9771908521652222,0.0912721157073974,0.9745000004768372,0.0997819527983665,0.9771908521652222,0.0912721157073974,0.9825000166893004,0.0669681057333946,0.9771908521652222,0.0912721157073974,6
0.9804921746253968,0.0823466554284095,0.9763333201408386,0.0766634121537208,0.9764999747276306,0.0812303945422172,0.9804921746253968,0.0823466554284095,0.972000002861023,0.0865750014781951,0.9804921746253968,0.0823466554284095,0.9804999828338624,0.0621848404407501,0.9804921746253968,0.0823466554284095,6
0.9780912399291992,0.0858000665903091,0.9805000027020772,0.0738196708261966,0.9745000004768372,0.1054547131061554,0.9780912399291992,0.0858000665903091,0.9860000014305116,0.0435473434627056,0.9780912399291992,0.0858000665903091,0.9860000014305116,0.0435473434627056,0.9780912399291992,0.0858000665903091,6
0.9801920652389526,0.0754695087671279,0.9805000027020772,0.0626776019732157,0.9819999933242798,0.0583752244710922,0.9801920652389526,0.0754695087671279,0.987500011920929,0.0383301377296447,0.9801920652389526,0.0754695087671279,0.987500011920929,0.0383301377296447,0.9801920652389526,0.0754695087671279,6
0.9780912399291992,0.0760196223855018,0.9786666830380758,0.0808583075801531,0.9710000157356262,0.1126479282975196,0.9780912399291992,0.0760196223855018,0.9825000166893004,0.0637112632393837,0.9780912399291992,0.0760196223855018,0.9825000166893004,0.0637112632393837,0.9780912399291992,0.0760196223855018,6
0.9810924530029296,0.0741819664835929,0.9761666655540466,0.0862804688513279,0.9635000228881836,0.1297214776277542,0.9810924530029296,0.0741819664835929,0.9854999780654908,0.0519293583929538,0.9810924530029296,0.0741819664835929,0.9854999780654908,0.0519293583929538,0.9810924530029296,0.0741819664835929,6
0.9792917370796204,0.0726872459053993,0.9791666666666666,0.0851093518237273,0.9679999947547911,0.1335375905036926,0.9792917370796204,0.0726872459053993,0.9894999861717224,0.0409054718911647,0.9792917370796204,0.0726872459053993,0.9894999861717224,0.0409054718911647,0.9792917370796204,0.0726872459053993,6
0.9807923436164856,0.0813622996211052,0.977666676044464,0.0806627149383227,0.9794999957084656,0.0696394369006156,0.9807923436164856,0.0813622996211052,0.9850000143051147,0.0476830974221229,0.9807923436164856,0.0813622996211052,0.9850000143051147,0.0476830974221229,0.9807923436164856,0.0813622996211052,6
0.9804921746253968,0.0814832150936126,0.9773333271344504,0.0871826857328414,0.9800000190734864,0.0854699537158012,0.9804921746253968,0.0814832150936126,0.9854999780654908,0.0464071556925773,0.9804921746253968,0.0814832150936126,0.9854999780654908,0.0464071556925773,0.9804921746253968,0.0814832150936126,6
0.9801920652389526,0.0725521221756935,0.987333337465922,0.0483121698101361,0.9829999804496764,0.0563661381602287,0.9801920652389526,0.0725521221756935,0.9900000095367432,0.0404160320758819,0.9801920652389526,0.0725521221756935,0.9890000224113464,0.0481543391942977,0.9801920652389526,0.0725521221756935,6
0.982292890548706,0.0641037225723266,0.9825000166893004,0.062092022349437,0.9725000262260436,0.102672591805458,0.982292890548706,0.0641037225723266,0.9915000200271606,0.0332164987921714,0.982292890548706,0.0641037225723266,0.9915000200271606,0.0332164987921714,0.982292890548706,0.0641037225723266,6
0.9786914587020874,0.0683233886957168,0.9920000036557516,0.0358692115793625,0.9965000152587892,0.0164943058043718,0.9786914587020874,0.0683233886957168,0.9884999990463256,0.0488837137818336,0.9786914587020874,0.0683233886957168,0.99099999666214,0.0422296151518821,0.9786914587020874,0.0683233886957168,6
0.9825930595397948,0.0667336285114288,0.9819999933242798,0.069218565399448,0.9789999723434448,0.0764619261026382,0.9825930595397948,0.0667336285114288,0.9925000071525574,0.0302401166409254,0.9825930595397948,0.0667336285114288,0.9925000071525574,0.0302401166409254,0.9825930595397948,0.0667336285114288,6
0.0957382917404174,2.333949089050293,0.6211666564146677,1.1746993859608967,0.7929999828338623,0.6225254535675049,0.0957382917404174,2.333949089050293,0.289000004529953,2.2648253440856934,0.0957382917404174,2.333949089050293,0.289000004529953,2.2648253440856934,0.0957382917404174,2.333949089050293,7
0.0885354131460189,2.4074838161468506,0.7724999984105428,0.6882234315077463,0.887499988079071,0.3530662655830383,0.0885354131460189,2.4074838161468506,0.5339999794960022,1.3764668703079224,0.0885354131460189,2.4074838161468506,0.5339999794960022,1.3764668703079224,0.0885354131460189,2.4074838161468506,7
0.0885354131460189,2.446863412857056,0.859166661898295,0.440489262342453,0.8989999890327454,0.3301804065704345,0.0885354131460189,2.446863412857056,0.7705000042915344,0.7108630537986755,0.0885354131460189,2.446863412857056,0.7705000042915344,0.7108630537986755,0.0885354131460189,2.446863412857056,7
0.0885354131460189,2.4442780017852783,0.9108333388964336,0.2890392591555913,0.92849999666214,0.2360516935586929,0.0885354131460189,2.4442780017852783,0.8870000243186951,0.3812554180622101,0.0885354131460189,2.4442780017852783,0.8870000243186951,0.3812554180622101,0.0885354131460189,2.4442780017852783,7
0.1557622998952865,2.153155565261841,0.921666661898295,0.2568327983220418,0.9419999718666076,0.183114618062973,0.1557622998952865,2.153155565261841,0.8945000171661377,0.3421870172023773,0.1557622998952865,2.153155565261841,0.8945000171661377,0.3421870172023773,0.1557622998952865,2.153155565261841,7
0.8985594511032104,0.3780248165130615,0.9384999871253968,0.1937609811623891,0.9369999766349792,0.2027114331722259,0.8985594511032104,0.3780248165130615,0.9259999990463256,0.2304529249668121,0.8985594511032104,0.3780248165130615,0.9259999990463256,0.2304529249668121,0.8985594511032104,0.3780248165130615,7
0.9447779059410096,0.1872385889291763,0.9459999998410544,0.1717641651630401,0.962000012397766,0.1213745474815368,0.9447779059410096,0.1872385889291763,0.9300000071525574,0.2259458899497985,0.9447779059410096,0.1872385889291763,0.9300000071525574,0.2259458899497985,0.9447779059410096,0.1872385889291763,7
0.9510804414749146,0.1605105847120285,0.9546666542689004,0.1515666892131169,0.953499972820282,0.1389835774898529,0.9510804414749146,0.1605105847120285,0.9539999961853028,0.1597415506839752,0.9510804414749146,0.1605105847120285,0.9539999961853028,0.1597415506839752,0.9510804414749146,0.1605105847120285,7
0.9555822610855104,0.1543848067522049,0.9580000042915344,0.1300941954056421,0.959500014781952,0.1282624900341034,0.9555822610855104,0.1543848067522049,0.9514999985694884,0.1485875993967056,0.9555822610855104,0.1543848067522049,0.9514999985694884,0.1485875993967056,0.9555822610855104,0.1543848067522049,7
0.9579831957817078,0.1499270498752594,0.9660000006357828,0.1127856050928433,0.965499997138977,0.1003026962280273,0.9579831957817078,0.1499270498752594,0.9739999771118164,0.0839627906680107,0.9579831957817078,0.1499270498752594,0.9585000276565552,0.154091328382492,0.9579831957817078,0.1499270498752594,7
0.9600840210914612,0.1338566690683365,0.9618333379427592,0.1253951092561086,0.959999978542328,0.1233714148402214,0.9600840210914612,0.1338566690683365,0.9645000100135804,0.1348983943462371,0.9600840210914612,0.1338566690683365,0.9610000252723694,0.1179155185818672,0.9600840210914612,0.1338566690683365,7
0.958583414554596,0.1305980384349823,0.9683333237965902,0.0973297283053398,0.9674999713897704,0.1027829349040985,0.958583414554596,0.1305980384349823,0.9710000157356262,0.087438017129898,0.958583414554596,0.1305980384349823,0.9710000157356262,0.087438017129898,0.958583414554596,0.1305980384349823,7
0.9663865566253662,0.1112381443381309,0.9741666714350382,0.0909860407312711,0.9769999980926514,0.0857473388314247,0.9663865566253662,0.1112381443381309,0.9710000157356262,0.0980841144919395,0.9663865566253662,0.1112381443381309,0.9710000157356262,0.0980841144919395,0.9663865566253662,0.1112381443381309,7
0.9672869443893432,0.1037330850958824,0.9741666913032532,0.0852194180091222,0.975000023841858,0.0780618414282798,0.9672869443893432,0.1037330850958824,0.9725000262260436,0.0858741551637649,0.9672869443893432,0.1037330850958824,0.9725000262260436,0.0858741551637649,0.9672869443893432,0.1037330850958824,7
0.9717887043952942,0.1000936925411224,0.971833328406016,0.0962531492114067,0.9704999923706056,0.0976597741246223,0.9717887043952942,0.1000936925411224,0.9674999713897704,0.1064955443143844,0.9717887043952942,0.1000936925411224,0.977500021457672,0.0846041291952133,0.9717887043952942,0.1000936925411224,7
0.9726890921592712,0.1090166270732879,0.9818333586057028,0.0632817248503367,0.9800000190734864,0.0786917135119438,0.9726890921592712,0.1090166270732879,0.9815000295639038,0.0605832412838935,0.9726890921592712,0.1090166270732879,0.984000027179718,0.0505702197551727,0.9726890921592712,0.1090166270732879,7
0.9735894203186036,0.0924044996500015,0.9766666690508524,0.076029472053051,0.9735000133514404,0.0739441737532615,0.9735894203186036,0.0924044996500015,0.9735000133514404,0.0913267731666565,0.9735894203186036,0.0924044996500015,0.9829999804496764,0.0628174692392349,0.9735894203186036,0.0924044996500015,7
0.9744898080825806,0.0937531441450119,0.9761666655540466,0.0788878041009108,0.9745000004768372,0.0815698653459549,0.9744898080825806,0.0937531441450119,0.9714999794960022,0.097242884337902,0.9744898080825806,0.0937531441450119,0.9825000166893004,0.0578506626188755,0.9744898080825806,0.0937531441450119,7
0.9723889827728271,0.0987313017249107,0.968666672706604,0.1062187453111012,0.9580000042915344,0.1292004436254501,0.9723889827728271,0.0987313017249107,0.9810000061988832,0.0725285783410072,0.9723889827728271,0.0987313017249107,0.9810000061988832,0.0725285783410072,0.9723889827728271,0.0987313017249107,7
0.9759904146194458,0.0834756419062614,0.9801666537920634,0.0695954412221908,0.9789999723434448,0.0750620514154434,0.9759904146194458,0.0834756419062614,0.984499990940094,0.0580014735460281,0.9759904146194458,0.0834756419062614,0.984499990940094,0.0580014735460281,0.9759904146194458,0.0834756419062614,7
0.976890742778778,0.0862032920122146,0.97516667842865,0.0907460749149322,0.962000012397766,0.1411352753639221,0.976890742778778,0.0862032920122146,0.9884999990463256,0.0440623834729194,0.976890742778778,0.0862032920122146,0.9884999990463256,0.0440623834729194,0.976890742778778,0.0862032920122146,7
0.9771908521652222,0.100400686264038,0.9758333365122476,0.0837693276504675,0.9729999899864196,0.0976748988032341,0.9771908521652222,0.100400686264038,0.987500011920929,0.0404555536806583,0.9771908521652222,0.100400686264038,0.987500011920929,0.0404555536806583,0.9771908521652222,0.100400686264038,7
0.9747899174690248,0.0916021913290023,0.9819999933242798,0.0671076277891794,0.9869999885559082,0.0532561875879764,0.9747899174690248,0.0916021913290023,0.9745000004768372,0.0991502031683921,0.9747899174690248,0.0916021913290023,0.984499990940094,0.0489164926111698,0.9747899174690248,0.0916021913290023,7
0.9783913493156432,0.0741416439414024,0.9824999968210856,0.0658196993172168,0.9869999885559082,0.0506869368255138,0.9783913493156432,0.0741416439414024,0.9835000038146972,0.0625197142362594,0.9783913493156432,0.0741416439414024,0.9835000038146972,0.0625197142362594,0.9783913493156432,0.0741416439414024,7
0.981692671775818,0.0745705738663673,0.981333335240682,0.0622496319313844,0.9739999771118164,0.0773899480700492,0.981692671775818,0.0745705738663673,0.9860000014305116,0.0468730628490448,0.981692671775818,0.0745705738663673,0.9860000014305116,0.0468730628490448,0.981692671775818,0.0745705738663673,7
0.977491021156311,0.0892291143536567,0.9780000050862632,0.0908359612027804,0.977500021457672,0.0818393304944038,0.977491021156311,0.0892291143536567,0.9679999947547911,0.1442779004573822,0.977491021156311,0.0892291143536567,0.9884999990463256,0.0463906526565551,0.977491021156311,0.0892291143536567,7
0.9789915680885316,0.0850416496396064,0.9764999945958456,0.0834542289376258,0.962499976158142,0.1442230641841888,0.9789915680885316,0.0850416496396064,0.9815000295639038,0.0625288933515548,0.9789915680885316,0.0850416496396064,0.9815000295639038,0.0625288933515548,0.9789915680885316,0.0850416496396064,7
0.9771908521652222,0.0938134342432022,0.9775000015894572,0.0900020810465018,0.9760000109672546,0.110149547457695,0.9771908521652222,0.0938134342432022,0.9925000071525574,0.0324995853006839,0.9771908521652222,0.0938134342432022,0.9925000071525574,0.0324995853006839,0.9771908521652222,0.0938134342432022,7
0.9792917370796204,0.0771528705954551,0.9820000131924947,0.0711829935510953,0.9725000262260436,0.1010065749287605,0.9792917370796204,0.0771528705954551,0.9869999885559082,0.059424802660942,0.9792917370796204,0.0771528705954551,0.9869999885559082,0.059424802660942,0.9792917370796204,0.0771528705954551,7
0.9777911305427552,0.0828709155321121,0.9830000003178916,0.0656683109700679,0.9769999980926514,0.0924704745411872,0.9777911305427552,0.0828709155321121,0.9860000014305116,0.0571879372000694,0.9777911305427552,0.0828709155321121,0.9860000014305116,0.0571879372000694,0.9777911305427552,0.0828709155321121,7
0.0957382917404174,2.3168435096740723,0.5913333296775818,1.2921948830286665,0.7444999814033508,0.786597490310669,0.0957382917404174,2.3168435096740723,0.7425000071525574,0.8120807409286499,0.0957382917404174,2.3168435096740723,0.2870000004768371,2.27790641784668,0.0957382917404174,2.3168435096740723,8
0.0957382917404174,2.3901915550231934,0.7279999852180481,0.8073525826136271,0.8619999885559082,0.4135835170745849,0.0957382917404174,2.3901915550231934,0.4639999866485595,1.594823122024536,0.0957382917404174,2.3901915550231934,0.4639999866485595,1.594823122024536,0.0957382917404174,2.3901915550231934,8
0.0885354131460189,2.459467887878418,0.8385000030199686,0.4827965497970581,0.9010000228881836,0.3027659356594085,0.0885354131460189,2.459467887878418,0.7170000076293945,0.8374640345573425,0.0885354131460189,2.459467887878418,0.7170000076293945,0.8374640345573425,0.0885354131460189,2.459467887878418,8
0.0885354131460189,2.5037975311279297,0.8926666776339213,0.3364356160163879,0.940500020980835,0.1967091560363769,0.0885354131460189,2.5037975311279297,0.92849999666214,0.2280424833297729,0.0885354131460189,2.5037975311279297,0.8090000152587891,0.5845552086830139,0.0885354131460189,2.5037975311279297,8
0.1182473003864288,2.3282878398895264,0.9203333457310996,0.2542067368825276,0.9375,0.2088328301906585,0.1182473003864288,2.3282878398895264,0.9380000233650208,0.1920996010303497,0.1182473003864288,2.3282878398895264,0.8855000138282776,0.3616877794265747,0.1182473003864288,2.3282878398895264,8
0.8946578502655029,0.3538002967834472,0.9388333559036256,0.1829534520705541,0.9495000243186952,0.1545502245426178,0.8946578502655029,0.3538002967834472,0.9100000262260436,0.2638950645923614,0.8946578502655029,0.3538002967834472,0.9100000262260436,0.2638950645923614,0.8946578502655029,0.3538002967834472,8
0.9363745450973512,0.2093698978424072,0.944166660308838,0.175723652044932,0.9514999985694884,0.1440356969833374,0.9363745450973512,0.2093698978424072,0.9254999756813048,0.2498395144939422,0.9363745450973512,0.2093698978424072,0.9254999756813048,0.2498395144939422,0.9363745450973512,0.2093698978424072,8
0.9420768022537231,0.1966054439544677,0.9446666638056436,0.1681226988633473,0.9539999961853028,0.1337541490793228,0.9420768022537231,0.1966054439544677,0.9490000009536744,0.1484632939100265,0.9420768022537231,0.1966054439544677,0.930999994277954,0.2221506536006927,0.9420768022537231,0.1966054439544677,8
0.9486794471740724,0.1651545017957687,0.956500013669332,0.1388173202673594,0.9570000171661376,0.1315765082836151,0.9486794471740724,0.1651545017957687,0.9505000114440918,0.1650745272636413,0.9486794471740724,0.1651545017957687,0.9505000114440918,0.1650745272636413,0.9486794471740724,0.1651545017957687,8
0.9570828080177308,0.1412988752126693,0.9588333169619242,0.1355660979946454,0.9559999704360962,0.1342654228210449,0.9570828080177308,0.1412988752126693,0.9514999985694884,0.1591473668813705,0.9570828080177308,0.1412988752126693,0.9514999985694884,0.1591473668813705,0.9570828080177308,0.1412988752126693,8
0.9573829770088196,0.1409570872783661,0.968499998251597,0.1027316898107528,0.9695000052452089,0.103456862270832,0.9573829770088196,0.1409570872783661,0.965499997138977,0.1317032128572464,0.9573829770088196,0.1409570872783661,0.965499997138977,0.1317032128572464,0.9573829770088196,0.1409570872783661,8
0.9561824798583984,0.1586118936538696,0.9708333412806192,0.0933005760113398,0.9695000052452089,0.0924147963523864,0.9561824798583984,0.1586118936538696,0.9679999947547911,0.1151397079229354,0.9561824798583984,0.1586118936538696,0.9679999947547911,0.1151397079229354,0.9561824798583984,0.1586118936538696,8
0.964885950088501,0.1176568865776062,0.9721666574478148,0.093054444839557,0.9810000061988832,0.0591356270015239,0.964885950088501,0.1176568865776062,0.9674999713897704,0.1091364994645118,0.964885950088501,0.1176568865776062,0.9679999947547911,0.1108912080526351,0.964885950088501,0.1176568865776062,8
0.966086447238922,0.1212972626090049,0.9709999958674111,0.0962239628036816,0.9760000109672546,0.0741281509399414,0.966086447238922,0.1212972626090049,0.9695000052452089,0.1004522368311882,0.966086447238922,0.1212972626090049,0.9695000052452089,0.1004522368311882,0.966086447238922,0.1212972626090049,8
0.9642857313156128,0.1255488246679306,0.9705000122388204,0.1008897597591082,0.9660000205039978,0.1091602444648742,0.9642857313156128,0.1255488246679306,0.9769999980926514,0.0805186331272125,0.9642857313156128,0.1255488246679306,0.9769999980926514,0.0805186331272125,0.9642857313156128,0.1255488246679306,8
0.9729892015457152,0.1111967638134956,0.9675000111262004,0.1122679809729258,0.9480000138282776,0.1853082031011581,0.9729892015457152,0.1111967638134956,0.9769999980926514,0.0847930833697319,0.9729892015457152,0.1111967638134956,0.9769999980926514,0.0847930833697319,0.9729892015457152,0.1111967638134956,8
0.971188485622406,0.1062937080860138,0.978499988714854,0.075581394135952,0.9679999947547911,0.1160970330238342,0.971188485622406,0.1062937080860138,0.9829999804496764,0.0612715221941471,0.971188485622406,0.1062937080860138,0.984499990940094,0.0493756271898746,0.971188485622406,0.1062937080860138,8
0.970888376235962,0.1071059107780456,0.97816667954127,0.0756024370590845,0.9735000133514404,0.0835116431117057,0.970888376235962,0.1071059107780456,0.977500021457672,0.0737162455916404,0.970888376235962,0.1071059107780456,0.977500021457672,0.0737162455916404,0.970888376235962,0.1071059107780456,8
0.9741896986961364,0.0990706533193588,0.9738333225250244,0.0924371952811877,0.9860000014305116,0.0480233468115329,0.9741896986961364,0.0990706533193588,0.9524999856948853,0.1684701293706894,0.9741896986961364,0.0990706533193588,0.9829999804496764,0.0608181096613407,0.9741896986961364,0.0990706533193588,8
0.9777911305427552,0.0818020403385162,0.9713333447774252,0.0978138918677965,0.9610000252723694,0.1292465180158615,0.9777911305427552,0.0818020403385162,0.9785000085830688,0.0806680768728256,0.9777911305427552,0.0818020403385162,0.9785000085830688,0.0806680768728256,0.9777911305427552,0.0818020403385162,8
0.9738895297050476,0.0942083299160003,0.9801666736602784,0.0676887345810731,0.9829999804496764,0.0542253069579601,0.9738895297050476,0.0942083299160003,0.9850000143051147,0.0550467371940612,0.9738895297050476,0.0942083299160003,0.9850000143051147,0.0550467371940612,0.9738895297050476,0.0942083299160003,8
0.9789915680885316,0.0877401977777481,0.9788333376248678,0.0746297910809516,0.9710000157356262,0.1081693693995475,0.9789915680885316,0.0877401977777481,0.9829999804496764,0.0524594634771347,0.9789915680885316,0.0877401977777481,0.9829999804496764,0.0524594634771347,0.9789915680885316,0.0877401977777481,8
0.9759904146194458,0.0909516885876655,0.9855000178019204,0.0541091151535511,0.9835000038146972,0.0632137134671211,0.9759904146194458,0.0909516885876655,0.9865000247955322,0.0520166493952274,0.9759904146194458,0.0909516885876655,0.9865000247955322,0.0520166493952274,0.9759904146194458,0.0909516885876655,8
0.9747899174690248,0.0984408929944038,0.9836666584014891,0.0571875236928463,0.9854999780654908,0.0532447434961795,0.9747899174690248,0.0984408929944038,0.9794999957084656,0.0653788149356842,0.9747899174690248,0.0984408929944038,0.9860000014305116,0.0529390126466751,0.9747899174690248,0.0984408929944038,8
0.9786914587020874,0.0764557868242263,0.9851666688919068,0.0507427242894967,0.9860000014305116,0.0383926331996917,0.9786914587020874,0.0764557868242263,0.9819999933242798,0.0643823072314262,0.9786914587020874,0.0764557868242263,0.987500011920929,0.0494532324373722,0.9786914587020874,0.0764557868242263,8
0.970588207244873,0.1201882883906364,0.9758333365122476,0.0993286098043123,0.9725000262260436,0.1021443605422973,0.970588207244873,0.1201882883906364,0.984499990940094,0.0562775954604148,0.970588207244873,0.1201882883906364,0.984499990940094,0.0562775954604148,0.970588207244873,0.1201882883906364,8
0.9810924530029296,0.0921145379543304,0.9786666631698608,0.0859280700484911,0.9639999866485596,0.1625578254461288,0.9810924530029296,0.0921145379543304,0.984000027179718,0.0519110448658466,0.9810924530029296,0.0921145379543304,0.9879999756813048,0.043315339833498,0.9810924530029296,0.0921145379543304,8
0.9807923436164856,0.0957152619957923,0.974833329518636,0.0927408672869205,0.9660000205039978,0.1255723983049392,0.9807923436164856,0.0957152619957923,0.9704999923706056,0.1079729050397872,0.9807923436164856,0.0957152619957923,0.9879999756813048,0.044677298516035,0.9807923436164856,0.0957152619957923,8
0.9810924530029296,0.074268527328968,0.9850000143051147,0.0601297927399476,0.9860000014305116,0.0553856268525123,0.9810924530029296,0.074268527328968,0.9825000166893004,0.0658085793256759,0.9810924530029296,0.074268527328968,0.9865000247955322,0.0591951720416545,0.9810924530029296,0.074268527328968,8
0.9777911305427552,0.083927109837532,0.9826666712760924,0.0593214401354392,0.9804999828338624,0.0611583963036537,0.9777911305427552,0.083927109837532,0.9760000109672546,0.0897531658411026,0.9777911305427552,0.083927109837532,0.9915000200271606,0.0270527582615613,0.9777911305427552,0.083927109837532,8
0.0957382917404174,2.320190668106079,0.5978333453337351,1.2611565589904783,0.7975000143051147,0.6042160391807556,0.0957382917404174,2.320190668106079,0.7260000109672546,0.8157077431678772,0.0957382917404174,2.320190668106079,0.270000010728836,2.3635458946228027,0.0957382917404174,2.320190668106079,9
0.1026410534977912,2.372927665710449,0.7524999976158142,0.7532522877057394,0.8980000019073486,0.3022307753562927,0.1026410534977912,2.372927665710449,0.4909999966621399,1.561458945274353,0.1026410534977912,2.372927665710449,0.4909999966621399,1.561458945274353,0.1026410534977912,2.372927665710449,9
0.0885354131460189,2.387850761413574,0.8483333190282186,0.4665068288644154,0.906499981880188,0.2960399389266968,0.0885354131460189,2.387850761413574,0.9024999737739564,0.2986973226070404,0.0885354131460189,2.387850761413574,0.7360000014305115,0.8047832250595093,0.0885354131460189,2.387850761413574,9
0.0957382917404174,2.38940167427063,0.9100000063578289,0.2826271553834279,0.940500020980835,0.1851386725902557,0.0957382917404174,2.38940167427063,0.9294999837875366,0.2128142714500427,0.0957382917404174,2.38940167427063,0.8600000143051147,0.4499285221099853,0.0957382917404174,2.38940167427063,9
0.2569027543067932,2.1862854957580566,0.928333342075348,0.2351486434539159,0.9455000162124634,0.1866780817508697,0.2569027543067932,2.1862854957580566,0.887499988079071,0.3542994856834411,0.2569027543067932,2.1862854957580566,0.887499988079071,0.3542994856834411,0.2569027543067932,2.1862854957580566,9
0.8931572437286377,0.3774766623973846,0.9428333242734274,0.1811633706092834,0.953499972820282,0.1387006342411041,0.8931572437286377,0.3774766623973846,0.9259999990463256,0.2446596324443817,0.8931572437286377,0.3774766623973846,0.9259999990463256,0.2446596324443817,0.8931572437286377,0.3774766623973846,9
0.9486794471740724,0.1648512333631515,0.9585000077883402,0.1347624137997627,0.9679999947547911,0.0986957624554634,0.9486794471740724,0.1648512333631515,0.9350000023841858,0.2092925608158111,0.9486794471740724,0.1648512333631515,0.9350000023841858,0.2092925608158111,0.9486794471740724,0.1648512333631515,9
0.9552820920944214,0.1518229842185974,0.9536666671435038,0.1516348595420519,0.9430000185966492,0.1878726631402969,0.9552820920944214,0.1518229842185974,0.9674999713897704,0.0990629568696022,0.9552820920944214,0.1518229842185974,0.9505000114440918,0.1679689586162567,0.9552820920944214,0.1518229842185974,9
0.9636854529380798,0.1348996311426162,0.9646666646003724,0.1254402374227841,0.9664999842643738,0.1235996410250663,0.9636854529380798,0.1348996311426162,0.9745000004768372,0.0930097699165344,0.9636854529380798,0.1348996311426162,0.953000009059906,0.1597113013267517,0.9636854529380798,0.1348996311426162,9
0.9600840210914612,0.1373689025640487,0.9648333390553792,0.1095152869820594,0.9639999866485596,0.1122854948043823,0.9600840210914612,0.1373689025640487,0.953000009059906,0.1419686526060104,0.9600840210914612,0.1373689025640487,0.953000009059906,0.1419686526060104,0.9600840210914612,0.1373689025640487,9
0.964885950088501,0.1209800168871879,0.9668333331743876,0.1100122481584549,0.9695000052452089,0.1070320755243301,0.964885950088501,0.1209800168871879,0.9674999713897704,0.0993262603878974,0.964885950088501,0.1209800168871879,0.9635000228881836,0.123678408563137,0.964885950088501,0.1209800168871879,9
0.9666866660118104,0.124697744846344,0.975333333015442,0.0857619916399319,0.9789999723434448,0.0759905278682708,0.9666866660118104,0.124697744846344,0.9810000061988832,0.0599431917071342,0.9666866660118104,0.124697744846344,0.9660000205039978,0.1213522553443908,0.9666866660118104,0.124697744846344,9
0.9684873819351196,0.1137749552726745,0.972000022729238,0.0964925810694694,0.9700000286102296,0.1042360290884971,0.9684873819351196,0.1137749552726745,0.975000023841858,0.0882543548941612,0.9684873819351196,0.1137749552726745,0.975000023841858,0.0882543548941612,0.9684873819351196,0.1137749552726745,9
0.9741896986961364,0.1001109182834625,0.9699999888737996,0.1011194934447606,0.9739999771118164,0.0952025428414344,0.9741896986961364,0.1001109182834625,0.968500018119812,0.1030549705028534,0.9741896986961364,0.1001109182834625,0.9674999713897704,0.105100966989994,0.9741896986961364,0.1001109182834625,9
0.9738895297050476,0.1093789562582969,0.9703333377838136,0.1035873343547185,0.9645000100135804,0.1316676139831543,0.9738895297050476,0.1093789562582969,0.9764999747276306,0.0841032564640045,0.9738895297050476,0.1093789562582969,0.9764999747276306,0.0841032564640045,0.9738895297050476,0.1093789562582969,9
0.9735894203186036,0.1037014201283454,0.9769999980926514,0.0734226902325948,0.9704999923706056,0.0956337600946426,0.9735894203186036,0.1037014201283454,0.977999985218048,0.0690852105617523,0.9735894203186036,0.1037014201283454,0.9825000166893004,0.0555491000413894,0.9735894203186036,0.1037014201283454,9
0.970888376235962,0.1083079576492309,0.9780000050862632,0.0753298625349998,0.9760000109672546,0.0820311978459358,0.970888376235962,0.1083079576492309,0.9825000166893004,0.057863600552082,0.970888376235962,0.1083079576492309,0.975499987602234,0.0860947892069816,0.970888376235962,0.1083079576492309,9
0.976590633392334,0.0822388529777526,0.9798333247502644,0.0638290333251158,0.9804999828338624,0.0579337514936924,0.976590633392334,0.0822388529777526,0.9800000190734864,0.0665557980537414,0.976590633392334,0.0822388529777526,0.9800000190734864,0.0665557980537414,0.976590633392334,0.0822388529777526,9
0.9738895297050476,0.1005713865160942,0.978333334128062,0.0757821500301361,0.9760000109672546,0.0919813066720962,0.9738895297050476,0.1005713865160942,0.984499990940094,0.0540427938103675,0.9738895297050476,0.1005713865160942,0.984499990940094,0.0540427938103675,0.9738895297050476,0.1005713865160942,9
0.9744898080825806,0.1119840070605278,0.9643333355585734,0.1221595183014869,0.9380000233650208,0.2145825177431106,0.9744898080825806,0.1119840070605278,0.9679999947547911,0.1108796522021293,0.9744898080825806,0.1119840070605278,0.9869999885559082,0.0410163849592208,0.9744898080825806,0.1119840070605278,9
0.9786914587020874,0.0891616940498352,0.9778333107630413,0.0724180365602175,0.9789999723434448,0.0635594353079795,0.9786914587020874,0.0891616940498352,0.9804999828338624,0.0638459026813507,0.9786914587020874,0.0891616940498352,0.9804999828338624,0.0638459026813507,0.9786914587020874,0.0891616940498352,9
0.9795918464660645,0.0863113105297088,0.9766666690508524,0.0870787538588047,0.9670000076293944,0.1321520209312439,0.9795918464660645,0.0863113105297088,0.9825000166893004,0.059987399727106,0.9795918464660645,0.0863113105297088,0.9825000166893004,0.059987399727106,0.9795918464660645,0.0863113105297088,9
0.9789915680885316,0.0899064689874649,0.9780000050862632,0.0797010312477747,0.9670000076293944,0.1196294277906417,0.9789915680885316,0.0899064689874649,0.984499990940094,0.0569534003734588,0.9789915680885316,0.0899064689874649,0.9825000166893004,0.0625202655792236,0.9789915680885316,0.0899064689874649,9
0.9747899174690248,0.1019194200634956,0.9806666572888691,0.072028008600076,0.9760000109672546,0.0881960839033126,0.9747899174690248,0.1019194200634956,0.9764999747276306,0.0893397033214569,0.9747899174690248,0.1019194200634956,0.9894999861717224,0.0385482385754585,0.9747899174690248,0.1019194200634956,9
0.9777911305427552,0.0987082123756408,0.9758333365122476,0.0935903998712698,0.9580000042915344,0.1750079244375229,0.9777911305427552,0.0987082123756408,0.9884999990463256,0.0439502149820327,0.9777911305427552,0.0987082123756408,0.9884999990463256,0.0439502149820327,0.9777911305427552,0.0987082123756408,9
0.9804921746253968,0.0721874982118606,0.9866666595141091,0.0496402829885482,0.9854999780654908,0.0477933846414089,0.9804921746253968,0.0721874982118606,0.9900000095367432,0.0376690812408924,0.9804921746253968,0.0721874982118606,0.9900000095367432,0.0376690812408924,0.9804921746253968,0.0721874982118606,9
0.9840936660766602,0.0668847039341926,0.9803333481152852,0.0719350079695383,0.9794999957084656,0.0725260600447654,0.9840936660766602,0.0668847039341926,0.975000023841858,0.0904256626963615,0.9840936660766602,0.0668847039341926,0.9865000247955322,0.0528533011674881,0.9840936660766602,0.0668847039341926,9
0.9789915680885316,0.0920433849096298,0.9775000015894572,0.0833847274382909,0.9629999995231628,0.1377778947353363,0.9789915680885316,0.0920433849096298,0.9915000200271606,0.0304148346185684,0.9789915680885316,0.0920433849096298,0.9915000200271606,0.0304148346185684,0.9789915680885316,0.0920433849096298,9
0.9792917370796204,0.0868337601423263,0.9831666747728984,0.0632961988449096,0.9850000143051147,0.0575794763863086,0.9792917370796204,0.0868337601423263,0.975499987602234,0.0971292480826377,0.9792917370796204,0.0868337601423263,0.9890000224113464,0.0351798720657825,0.9792917370796204,0.0868337601423263,9
0.9801920652389526,0.0769887790083885,0.9793333411216736,0.0749916583299636,0.965499997138977,0.1244430840015411,0.9801920652389526,0.0769887790083885,0.9865000247955322,0.0432583130896091,0.9801920652389526,0.0769887790083885,0.9865000247955322,0.0432583130896091,0.9801920652389526,0.0769887790083885,9
0.0966386571526527,2.3292202949523926,0.5956666668256124,1.248888353506724,0.734499990940094,0.7733478546142578,0.0966386571526527,2.3292202949523926,0.2904999852180481,2.2597341537475586,0.0966386571526527,2.3292202949523926,0.2904999852180481,2.2597341537475586,0.0966386571526527,2.3292202949523926,10
0.0885354131460189,2.452523708343506,0.7201666633288065,0.8307493031024933,0.8715000152587891,0.40255868434906,0.0885354131460189,2.452523708343506,0.449999988079071,1.614343523979187,0.0885354131460189,2.452523708343506,0.449999988079071,1.614343523979187,0.0885354131460189,2.452523708343506,10
0.0885354131460189,2.531766653060913,0.827833334604899,0.5112495422363281,0.8980000019073486,0.3183565735816955,0.0885354131460189,2.531766653060913,0.9089999794960022,0.3050537109375,0.0885354131460189,2.531766653060913,0.6765000224113464,0.9103383421897888,0.0885354131460189,2.531766653060913,10
0.0885354131460189,2.5684633255004883,0.8956666588783264,0.3119712422291438,0.9340000152587892,0.1926826536655426,0.0885354131460189,2.5684633255004883,0.8309999704360962,0.5043546557426453,0.0885354131460189,2.5684633255004883,0.8309999704360962,0.5043546557426453,0.0885354131460189,2.5684633255004883,10
0.30222088098526,2.024982690811157,0.9274999896685282,0.2377590139706929,0.9434999823570251,0.1932484805583953,0.30222088098526,2.024982690811157,0.9455000162124634,0.1705490946769714,0.30222088098526,2.024982690811157,0.8934999704360962,0.349479466676712,0.30222088098526,2.024982690811157,10
0.9291716814041138,0.2891493737697601,0.94350000222524,0.1768632978200912,0.9549999833106996,0.1398722678422927,0.9291716814041138,0.2891493737697601,0.915000021457672,0.2729706466197967,0.9291716814041138,0.2891493737697601,0.915000021457672,0.2729706466197967,0.9291716814041138,0.2891493737697601,10
0.9378751516342164,0.1966233253479004,0.949833313624064,0.1663685739040374,0.9629999995231628,0.1281220018863678,0.9378751516342164,0.1966233253479004,0.9304999709129332,0.2289891839027404,0.9378751516342164,0.1966233253479004,0.9304999709129332,0.2289891839027404,0.9378751516342164,0.1966233253479004,10
0.9456782937049866,0.1826481521129608,0.9594999949137368,0.1254210074742635,0.9649999737739564,0.1110289022326469,0.9456782937049866,0.1826481521129608,0.949999988079071,0.1553511172533035,0.9456782937049866,0.1826481521129608,0.949999988079071,0.1553511172533035,0.9456782937049866,0.1826481521129608,10
0.952881157398224,0.1604783535003662,0.9548333485921224,0.1491607750455538,0.9645000100135804,0.1053951904177665,0.952881157398224,0.1604783535003662,0.9610000252723694,0.1273813992738723,0.952881157398224,0.1604783535003662,0.9390000104904176,0.2147057354450225,0.952881157398224,0.1604783535003662,10
0.9537814855575562,0.1465155333280563,0.9559999903043112,0.1386833563446998,0.9589999914169312,0.123432420194149,0.9537814855575562,0.1465155333280563,0.9555000066757202,0.1400821059942245,0.9537814855575562,0.1465155333280563,0.953499972820282,0.152535542845726,0.9537814855575562,0.1465155333280563,10
0.9627851247787476,0.1232611462473869,0.9653333425521852,0.1152593865990638,0.9589999914169312,0.1347173601388931,0.9627851247787476,0.1232611462473869,0.9800000190734864,0.0703411474823951,0.9627851247787476,0.1232611462473869,0.9570000171661376,0.1407196521759033,0.9627851247787476,0.1232611462473869,10
0.9597839117050172,0.1507881879806518,0.968666672706604,0.1043357849121093,0.9825000166893004,0.0608807653188705,0.9597839117050172,0.1507881879806518,0.9605000019073486,0.1363687366247177,0.9597839117050172,0.1507881879806518,0.9629999995231628,0.1157578527927398,0.9597839117050172,0.1507881879806518,10
0.9624850153923036,0.1295706033706665,0.9704999923706056,0.1032644137740135,0.9635000228881836,0.115410067141056,0.9624850153923036,0.1295706033706665,0.9804999828338624,0.0748327895998954,0.9624850153923036,0.1295706033706665,0.9674999713897704,0.119550384581089,0.9624850153923036,0.1295706033706665,10
0.966086447238922,0.119001530110836,0.9673333565394084,0.1163597082098325,0.9710000157356262,0.1047293022274971,0.966086447238922,0.119001530110836,0.9725000262260436,0.0873418748378753,0.966086447238922,0.119001530110836,0.9725000262260436,0.0873418748378753,0.966086447238922,0.119001530110836,10
0.9669867753982544,0.1069054454565048,0.9701666633288064,0.1096089631319046,0.9729999899864196,0.0968614816665649,0.9669867753982544,0.1069054454565048,0.965499997138977,0.1316059827804565,0.9669867753982544,0.1069054454565048,0.972000002861023,0.1003594249486923,0.9669867753982544,0.1069054454565048,10
0.9720888137817384,0.0944253504276275,0.9768333435058594,0.0778281390666961,0.9695000052452089,0.0998923629522323,0.9720888137817384,0.0944253504276275,0.9835000038146972,0.0527858063578605,0.9720888137817384,0.0944253504276275,0.977500021457672,0.0808062478899955,0.9720888137817384,0.0944253504276275,10
0.9738895297050476,0.0871951878070831,0.965666651725769,0.1169342547655105,0.9509999752044678,0.1755629181861877,0.9738895297050476,0.0871951878070831,0.9764999747276306,0.0702491104602813,0.9738895297050476,0.0871951878070831,0.9764999747276306,0.0702491104602813,0.9738895297050476,0.0871951878070831,10
0.9726890921592712,0.0918466821312904,0.9803333481152852,0.0699337249000867,0.9819999933242798,0.0689364522695541,0.9726890921592712,0.0918466821312904,0.9815000295639038,0.0662332773208618,0.9726890921592712,0.0918466821312904,0.977500021457672,0.0746314451098442,0.9726890921592712,0.0918466821312904,10
0.9675870537757874,0.1195801720023155,0.9730000098546346,0.1001149180034796,0.9585000276565552,0.1496597677469253,0.9675870537757874,0.1195801720023155,0.977999985218048,0.0916789770126342,0.9675870537757874,0.1195801720023155,0.9825000166893004,0.0590060092508792,0.9675870537757874,0.1195801720023155,10
0.9744898080825806,0.0859299376606941,0.9815000096956888,0.067894576738278,0.9825000166893004,0.067374363541603,0.9744898080825806,0.0859299376606941,0.9860000014305116,0.0469351224601268,0.9744898080825806,0.0859299376606941,0.9760000109672546,0.0893742442131042,0.9744898080825806,0.0859299376606941,10
0.976890742778778,0.0846718922257423,0.9833333293596904,0.0573490870495637,0.9865000247955322,0.054080668836832,0.976890742778778,0.0846718922257423,0.9789999723434448,0.0672211870551109,0.976890742778778,0.0846718922257423,0.984499990940094,0.0507454052567482,0.976890742778778,0.0846718922257423,10
0.9735894203186036,0.0941798090934753,0.9733333388964336,0.0978465614219506,0.9660000205039978,0.1152106747031211,0.9735894203186036,0.0941798090934753,0.9854999780654908,0.055323701351881,0.9735894203186036,0.0941798090934753,0.9854999780654908,0.055323701351881,0.9735894203186036,0.0941798090934753,10
0.9756903052330016,0.086481437087059,0.9803333282470704,0.0673560959597428,0.9819999933242798,0.0606768168509006,0.9756903052330016,0.086481437087059,0.9825000166893004,0.0621603280305862,0.9756903052330016,0.086481437087059,0.9825000166893004,0.0621603280305862,0.9756903052330016,0.086481437087059,10
0.9756903052330016,0.0835334435105323,0.98116668065389,0.066111775736014,0.977500021457672,0.0794661417603492,0.9756903052330016,0.0835334435105323,0.9815000295639038,0.0595560520887374,0.9756903052330016,0.0835334435105323,0.984499990940094,0.0593131333589553,0.9756903052330016,0.0835334435105323,10
0.9771908521652222,0.0807927772402763,0.984166661898295,0.0541065608461697,0.9789999723434448,0.0750094354152679,0.9771908521652222,0.0807927772402763,0.9884999990463256,0.0347917340695858,0.9771908521652222,0.0807927772402763,0.9850000143051147,0.0525185130536556,0.9771908521652222,0.0807927772402763,10
0.9804921746253968,0.0746263936161995,0.9839999874432882,0.0567915899058183,0.9894999861717224,0.0384745225310325,0.9804921746253968,0.0746263936161995,0.9884999990463256,0.0376980639994144,0.9804921746253968,0.0746263936161995,0.9884999990463256,0.0376980639994144,0.9804921746253968,0.0746263936161995,10
0.9753901362419128,0.0910519808530807,0.980666677157084,0.069923385977745,0.975000023841858,0.085825078189373,0.9753901362419128,0.0910519808530807,0.9800000190734864,0.066522292792797,0.9753901362419128,0.0910519808530807,0.9869999885559082,0.057422786951065,0.9753901362419128,0.0910519808530807,10
0.9810924530029296,0.0750274658203125,0.9835000038146972,0.0672752497096856,0.9884999990463256,0.0411242172122001,0.9810924530029296,0.0750274658203125,0.9729999899864196,0.114772118628025,0.9810924530029296,0.0750274658203125,0.9890000224113464,0.0459294132888317,0.9810924530029296,0.0750274658203125,10
0.981692671775818,0.075383260846138,0.9866666595141091,0.0533019726475079,0.9860000014305116,0.0630857050418853,0.981692671775818,0.075383260846138,0.9854999780654908,0.0630398020148277,0.981692671775818,0.075383260846138,0.9884999990463256,0.0337804108858108,0.981692671775818,0.075383260846138,10
0.9801920652389526,0.0763744935393333,0.9869999885559082,0.0464082124332586,0.9835000038146972,0.0571430623531341,0.9801920652389526,0.0763744935393333,0.9919999837875366,0.0364758521318435,0.9801920652389526,0.0763744935393333,0.9919999837875366,0.0364758521318435,0.9801920652389526,0.0763744935393333,10
