Time_stamp(s),Net_transmit(B),Net_receive(B),CPU_time(s),RAM_usage(B),Swap_free(B),Temp(C),Mem_fault,Mem_majfault,,4,3977527296,208924672
0,0.0,2306.0,6.335709,149364736.0,208924672.0,62.809,50318.0,0.0
5,3095.0,7407.0,10.147316,221851648.0,208924672.0,62.322,72387.0,0.0
10,87398.0,13157850.0,14.189673,365715456.0,208924672.0,62.322,125306.0,0.0
15,87398.0,13157850.0,19.923085,385675264.0,208924672.0,62.322,139823.0,0.0
20,87398.0,13157850.0,24.260071,401203200.0,208924672.0,63.783,155881.0,0.0
25,87398.0,13157920.0,29.64008,418119680.0,208924672.0,62.809,171786.0,0.0
30,87398.0,13157920.0,34.427142,426532864.0,208924672.0,63.296,179746.0,0.0
35,87398.0,13157920.0,39.330198,473460736.0,208924672.0,63.783,197344.0,0.0
40,87398.0,13157920.0,44.165307,474472448.0,208924672.0,62.809,204260.0,0.0
45,87398.0,13157920.0,49.585548,484642816.0,208924672.0,62.809,213551.0,0.0
50,87398.0,13157920.0,54.529202,579276800.0,208924672.0,61.835,236657.0,0.0
55,87398.0,13157920.0,62.609549,706416640.0,208924672.0,64.27,267550.0,0.0
61,87398.0,13157990.0,74.822308,737271808.0,208924672.0,64.27,275208.0,0.0
66,87398.0,13157990.0,86.479825,748195840.0,208924672.0,64.757,277777.0,0.0
71,87398.0,13157990.0,97.62663,749268992.0,208924672.0,66.218,278067.0,0.0
76,87398.0,13157990.0,111.266996,741449728.0,208924672.0,64.27,282739.0,0.0
81,87398.0,13157990.0,121.599868,755810304.0,208924672.0,65.731,286128.0,0.0
86,87398.0,13157990.0,131.165481,756649984.0,208924672.0,66.218,286449.0,0.0
91,87398.0,13157990.0,143.81904,761856000.0,208924672.0,66.705,287658.0,0.0
96,87398.0,13157990.0,152.625713,761511936.0,208924672.0,63.783,287660.0,0.0
101,87398.0,13157990.0,160.816906,665288704.0,208924672.0,65.244,299246.0,0.0
106,87398.0,13157990.0,168.228288,673525760.0,208924672.0,64.27,301640.0,0.0
111,13133488.0,20022831.0,175.742698,668823552.0,208924672.0,64.27,337137.0,0.0
116,13169104.0,26330556.0,183.188487,749498368.0,208924672.0,66.705,357011.0,0.0
122,13169104.0,26330556.0,195.766469,750563328.0,208924672.0,67.192,357272.0,0.0
127,13169104.0,26330556.0,207.941604,752279552.0,208924672.0,66.705,357763.0,0.0
132,13169104.0,26330626.0,219.080138,752717824.0,208924672.0,67.679,357871.0,0.0
137,13169104.0,26330626.0,234.864931,621436928.0,208924672.0,66.705,358137.0,0.0
142,13169104.0,26330626.0,236.8531,637026304.0,208924672.0,64.27,362249.0,0.0
147,13169104.0,26330626.0,236.872001,637026304.0,208924672.0,62.809,362249.0,0.0
152,13263936.0,39499185.0,259.900203,801353728.0,208924672.0,65.731,412023.0,0.0
157,13263936.0,39499185.0,271.837753,801005568.0,208924672.0,66.705,412061.0,0.0
162,13263936.0,39499185.0,285.057488,809652224.0,208924672.0,65.731,414172.0,0.0
167,13263936.0,39499185.0,292.990643,812335104.0,208924672.0,66.705,414763.0,0.0
172,13263936.0,39499185.0,308.79113,812122112.0,208924672.0,66.705,414773.0,0.0
177,13263936.0,39499185.0,318.860289,812396544.0,208924672.0,66.218,414780.0,0.0
183,13263936.0,39499185.0,331.175731,812167168.0,208924672.0,67.679,414784.0,0.0
188,13263936.0,39499185.0,340.551202,812576768.0,208924672.0,67.192,414837.0,0.0
193,13263936.0,39499185.0,347.180812,812576768.0,208924672.0,66.705,414910.0,0.0
198,26375293.0,52675155.0,353.632173,805953536.0,208924672.0,66.705,450902.0,0.0
203,26375335.0,52675197.0,370.215183,777539584.0,208924672.0,67.679,451511.0,0.0
208,26375335.0,52675197.0,380.69189,778153984.0,208924672.0,67.679,451543.0,0.0
213,26375335.0,52675197.0,394.785666,778248192.0,208924672.0,69.14,451696.0,0.0
218,26375335.0,52675197.0,405.886196,778272768.0,208924672.0,68.653,451702.0,0.0
223,26375335.0,52675197.0,409.714315,778747904.0,208924672.0,64.757,451842.0,0.0
228,26375335.0,52675197.0,409.731181,778747904.0,208924672.0,63.783,451842.0,0.0
233,26512101.0,65849720.0,417.87479,834252800.0,208924672.0,65.244,482668.0,0.0
238,26512143.0,65849762.0,430.362073,842194944.0,208924672.0,66.218,484670.0,0.0
244,26512143.0,65849762.0,441.677448,842203136.0,208924672.0,67.192,484672.0,0.0
249,26512143.0,65849762.0,453.620536,842240000.0,208924672.0,67.679,484680.0,0.0
254,26512143.0,65849762.0,465.572273,842248192.0,208924672.0,66.218,484682.0,0.0
259,26512143.0,65849832.0,477.209998,842395648.0,208924672.0,68.166,484718.0,0.0
264,26512143.0,65849832.0,488.922762,844218368.0,208924672.0,67.679,485163.0,0.0
269,26512143.0,65849832.0,503.179281,844238848.0,208924672.0,67.679,485167.0,0.0
274,26512143.0,65849832.0,515.064306,844857344.0,208924672.0,67.679,485263.0,0.0
279,26512143.0,65849832.0,524.158492,770076672.0,208924672.0,65.731,497216.0,0.0
284,39615455.0,79026638.0,531.788359,805875712.0,208924672.0,68.166,513329.0,0.0
289,39615455.0,79026638.0,542.724632,805703680.0,208924672.0,68.166,513350.0,0.0
294,39615455.0,79026638.0,553.601203,806035456.0,208924672.0,65.244,513452.0,0.0
300,39615455.0,79026638.0,553.626547,806035456.0,208924672.0,63.296,513452.0,0.0
305,39615455.0,79026638.0,555.440731,806297600.0,208924672.0,66.705,513473.0,0.0
310,39615455.0,79026638.0,571.190583,806440960.0,208924672.0,66.705,513479.0,0.0
315,39615455.0,79026638.0,582.860097,806473728.0,208924672.0,66.218,513505.0,0.0
320,39615455.0,79026638.0,582.951158,806273024.0,208924672.0,63.783,513525.0,0.0
325,39738361.0,92199379.0,584.977463,847806464.0,208924672.0,64.757,542244.0,0.0
330,39738445.0,92199463.0,594.065016,847806464.0,208924672.0,65.731,542244.0,0.0
335,39738445.0,92199463.0,608.39908,847822848.0,208924672.0,64.757,542247.0,0.0
340,39738445.0,92199463.0,619.744769,847835136.0,208924672.0,66.705,542250.0,0.0
345,39738445.0,92199463.0,632.563361,847847424.0,208924672.0,66.705,542253.0,0.0
350,39738445.0,92199463.0,643.168063,848121856.0,208924672.0,66.218,542259.0,0.0
355,39738445.0,92199463.0,654.272412,847880192.0,208924672.0,65.731,542261.0,0.0
361,39738445.0,92199463.0,668.197793,847990784.0,208924672.0,66.218,542288.0,0.0
366,39738445.0,92199463.0,678.474078,848191488.0,208924672.0,65.244,542292.0,0.0
371,39738445.0,92199463.0,687.537674,848363520.0,208924672.0,67.679,542329.0,0.0
376,39738445.0,92199463.0,696.665831,848498688.0,208924672.0,65.244,542399.0,0.0
381,52837623.0,105393981.0,704.798985,809431040.0,208924672.0,68.166,571680.0,0.0
386,52837665.0,105394023.0,716.810158,809525248.0,208924672.0,67.192,571703.0,0.0
391,52837665.0,105394023.0,729.293213,809672704.0,208924672.0,68.166,571752.0,0.0
396,52837665.0,105394023.0,743.167614,809828352.0,208924672.0,68.166,571790.0,0.0
401,52837966.0,105394198.0,755.708936,735326208.0,208924672.0,67.192,571835.0,0.0
406,52837966.0,105394198.0,755.724065,735211520.0,208924672.0,63.783,571835.0,0.0
411,52957775.0,118559414.0,757.931681,853135360.0,208924672.0,65.244,600486.0,0.0
416,52957775.0,118559414.0,769.268451,855117824.0,208924672.0,66.218,600957.0,0.0
422,52957775.0,118559414.0,780.835799,854863872.0,208924672.0,67.192,600958.0,0.0
427,52957775.0,118559414.0,792.797293,855126016.0,208924672.0,66.705,600959.0,0.0
432,52957775.0,118559414.0,806.266094,855392256.0,208924672.0,67.679,600960.0,0.0
437,52957775.0,118559414.0,818.433024,855363584.0,208924672.0,68.166,601080.0,0.0
442,52957775.0,118559414.0,828.319329,857157632.0,208924672.0,67.679,601455.0,0.0
447,52957775.0,118559414.0,852.467401,857219072.0,208924672.0,67.679,601483.0,0.0
452,52957775.0,118559414.0,862.643111,727490560.0,208924672.0,66.705,607442.0,0.0
457,66055633.0,131754856.0,871.250798,772521984.0,208924672.0,67.679,652955.0,0.0
462,66055675.0,131754898.0,885.385195,773959680.0,208924672.0,69.14,653260.0,0.0
467,66055675.0,131754898.0,895.444795,773799936.0,208924672.0,68.653,653284.0,0.0
472,66055675.0,131754898.0,907.697113,773914624.0,208924672.0,69.14,653325.0,0.0
477,66055675.0,131754898.0,919.327774,773959680.0,208924672.0,68.166,653336.0,0.0
483,66055976.0,131755073.0,927.096445,697626624.0,208924672.0,65.244,653494.0,0.0
488,66056018.0,131755115.0,927.132378,697626624.0,208924672.0,63.783,653494.0,0.0
493,66170109.0,144917979.0,931.717883,831807488.0,208924672.0,66.705,686113.0,0.0
498,66170109.0,144917979.0,942.350199,837758976.0,208924672.0,66.705,687565.0,0.0
503,66170109.0,144917979.0,958.067168,837746688.0,208924672.0,67.192,687625.0,0.0
508,66170109.0,144917979.0,969.23623,837783552.0,208924672.0,67.192,687634.0,0.0
513,66170109.0,144917979.0,981.617092,838082560.0,208924672.0,66.218,687644.0,0.0
518,66170109.0,144918049.0,993.467947,838131712.0,208924672.0,67.192,687656.0,0.0
523,66170109.0,144918049.0,1004.88117,838144000.0,208924672.0,67.192,687659.0,0.0
528,66170109.0,144918049.0,1018.264697,837894144.0,208924672.0,67.192,687661.0,0.0
533,66170109.0,144918049.0,1027.482079,837976064.0,208924672.0,68.653,687695.0,0.0
539,79157308.0,144935674.0,1040.077767,749596672.0,208924672.0,66.218,704301.0,0.0
544,79253513.0,158093955.0,1043.735757,821182464.0,208924672.0,68.166,721710.0,0.0
549,79253555.0,158093997.0,1055.390634,821522432.0,208924672.0,68.653,721733.0,0.0
554,79253555.0,158093997.0,1068.970407,821391360.0,208924672.0,67.192,721768.0,0.0
559,79253555.0,158093997.0,1068.985511,821325824.0,208924672.0,64.27,721768.0,0.0
564,79253555.0,158093997.0,1071.152343,821493760.0,208924672.0,66.218,721798.0,0.0
569,79253555.0,158093997.0,1084.673082,821776384.0,208924672.0,67.192,721867.0,0.0
574,79253555.0,158093997.0,1095.593496,821800960.0,208924672.0,66.218,721873.0,0.0
579,79253555.0,158093997.0,1097.21735,821870592.0,208924672.0,63.783,721914.0,0.0
584,79253555.0,158093997.0,1097.240379,821870592.0,208924672.0,63.296,721914.0,0.0
589,79365439.0,171250172.0,1107.728894,863907840.0,208924672.0,65.731,749517.0,0.0
594,79365523.0,171250256.0,1118.214051,863924224.0,208924672.0,67.192,749521.0,0.0
599,79365523.0,171250256.0,1131.390645,864403456.0,208924672.0,67.679,749575.0,0.0
605,79365523.0,171250256.0,1143.470526,864153600.0,208924672.0,66.705,749577.0,0.0
610,79365523.0,171250256.0,1154.881715,864165888.0,208924672.0,67.192,749580.0,0.0
615,79365523.0,171250256.0,1166.958272,864440320.0,208924672.0,67.192,749585.0,0.0
620,79365523.0,171250256.0,1178.671636,864219136.0,208924672.0,67.192,749592.0,0.0
625,79365523.0,171250256.0,1192.024996,864235520.0,208924672.0,67.192,749596.0,0.0
630,79365523.0,171250256.0,1203.860707,864608256.0,208924672.0,67.192,749661.0,0.0
635,87208245.0,171258813.0,1210.742872,790880256.0,208924672.0,65.731,761045.0,0.0
640,92479569.0,184442218.0,1223.349045,823672832.0,208924672.0,67.192,778390.0,0.0
645,92479569.0,184442218.0,1234.302915,823771136.0,208924672.0,68.653,778414.0,0.0
650,92479569.0,184442218.0,1246.544598,824156160.0,208924672.0,68.653,778456.0,0.0
655,92479569.0,184442218.0,1259.011413,823922688.0,208924672.0,68.653,778462.0,0.0
660,92479870.0,184442393.0,1268.470723,752840704.0,208924672.0,66.218,778505.0,0.0
666,92479912.0,184442435.0,1268.502363,752840704.0,208924672.0,62.809,778505.0,0.0
671,92614067.0,197616585.0,1271.639992,863342592.0,208924672.0,66.218,805309.0,0.0
676,92614067.0,197616585.0,1282.84146,863006720.0,208924672.0,66.218,805310.0,0.0
681,92614067.0,197616585.0,1295.901736,863010816.0,208924672.0,66.705,805311.0,0.0
686,92614067.0,197616585.0,1307.185353,863039488.0,208924672.0,67.192,805316.0,0.0
691,92614067.0,197616585.0,1320.506774,863309824.0,208924672.0,67.192,805320.0,0.0
696,92614067.0,197616585.0,1331.717956,863068160.0,208924672.0,68.166,805323.0,0.0
701,92614067.0,197616585.0,1343.398957,867516416.0,208924672.0,67.679,806351.0,0.0
706,92614067.0,197616585.0,1358.091897,867307520.0,208924672.0,67.192,806357.0,0.0
711,92614067.0,197616585.0,1369.577622,867627008.0,208924672.0,69.14,806394.0,0.0
716,92614067.0,197616585.0,1381.168098,785223680.0,208924672.0,67.679,806437.0,0.0
721,105702091.0,210788003.0,1386.761021,829501440.0,208924672.0,67.192,835192.0,0.0
727,105702133.0,210788045.0,1397.511372,829788160.0,208924672.0,69.14,835213.0,0.0
732,105702133.0,210788045.0,1411.087209,829767680.0,208924672.0,68.653,835269.0,0.0
737,105702133.0,210788045.0,1423.294087,829915136.0,208924672.0,68.653,835305.0,0.0
742,105702133.0,210788045.0,1433.444189,829935616.0,208924672.0,69.627,835310.0,0.0
747,105702133.0,210788045.0,1438.21751,830013440.0,208924672.0,65.244,835352.0,0.0
752,105702133.0,210788045.0,1438.23443,830013440.0,208924672.0,66.705,863924.0,0.0
757,105818217.0,223946308.0,1460.265949,872140800.0,208924672.0,67.679,863925.0,0.0
762,105818217.0,223946308.0,1472.412618,872271872.0,208924672.0,67.192,863957.0,0.0
767,105818217.0,223946308.0,1483.330545,872288256.0,208924672.0,67.679,863961.0,0.0
772,105818217.0,223946308.0,1495.330757,872558592.0,208924672.0,67.679,863987.0,0.0
778,105818217.0,223946308.0,1506.480881,872402944.0,208924672.0,66.218,863989.0,0.0
783,105818217.0,223946308.0,1518.333527,872431616.0,208924672.0,67.192,863996.0,0.0
788,105818217.0,223946308.0,1530.930588,872448000.0,208924672.0,68.166,864000.0,0.0
793,105818217.0,223946308.0,1538.805926,872525824.0,208924672.0,68.166,864032.0,0.0
798,105818217.0,223946308.0,1550.957367,872484864.0,208924672.0,67.679,864076.0,0.0
803,118931519.0,237136074.0,1557.20747,831922176.0,208924672.0,68.166,892716.0,0.0
808,118931561.0,237136116.0,1568.271563,832155648.0,208924672.0,69.14,892739.0,0.0
813,118931561.0,237136116.0,1581.605333,832352256.0,208924672.0,68.653,892792.0,0.0
818,118931561.0,237136116.0,1594.461816,832229376.0,208924672.0,69.14,892831.0,0.0
823,118931561.0,237136116.0,1605.590536,832253952.0,208924672.0,69.14,892837.0,0.0
828,119055127.0,250312025.0,1613.801557,873496576.0,208924672.0,67.679,921454.0,0.0
833,119055127.0,250312025.0,1626.841916,873443328.0,208924672.0,68.166,921459.0,0.0
839,119055127.0,250312025.0,1637.018824,873447424.0,208924672.0,69.14,921460.0,0.0
844,119055127.0,250312025.0,1647.162227,873451520.0,208924672.0,69.14,921461.0,0.0
849,119055127.0,250312025.0,1660.545373,875646976.0,208924672.0,68.653,921989.0,0.0
854,119055127.0,250312025.0,1671.932233,875892736.0,208924672.0,68.653,921995.0,0.0
859,119055127.0,250312025.0,1683.082774,875655168.0,208924672.0,67.679,921999.0,0.0
864,119055127.0,250312025.0,1698.892526,875671552.0,208924672.0,67.192,922003.0,0.0
869,119055127.0,250312025.0,1708.813515,875753472.0,208924672.0,67.679,922036.0,0.0
874,119055127.0,250312025.0,1721.273598,875839488.0,208924672.0,68.166,922070.0,0.0
879,132145197.0,263487733.0,1724.600939,835952640.0,208924672.0,67.679,950963.0,0.0
884,132145239.0,263487775.0,1737.081766,836050944.0,208924672.0,69.627,950987.0,0.0
889,132145239.0,263487775.0,1751.315485,836169728.0,208924672.0,67.679,951027.0,0.0
894,132145239.0,263487775.0,1751.331133,836120576.0,208924672.0,64.757,951027.0,0.0
900,132145239.0,263487775.0,1753.675979,836243456.0,208924672.0,66.705,951047.0,0.0
905,132145239.0,263487775.0,1766.247878,836268032.0,208924672.0,68.166,951053.0,0.0
910,132145239.0,263487775.0,1779.220634,836292608.0,208924672.0,67.679,951059.0,0.0
915,132145239.0,263487775.0,1779.93503,836354048.0,208924672.0,63.783,951098.0,0.0
920,132145239.0,263487775.0,1779.956323,836354048.0,208924672.0,64.27,951098.0,0.0
925,132254945.0,276645798.0,1789.301012,797286400.0,208924672.0,65.731,996210.0,0.0
930,132255029.0,276645882.0,1802.774813,797728768.0,208924672.0,66.705,996309.0,0.0
935,132255029.0,276645882.0,1815.809017,798846976.0,208924672.0,67.192,996645.0,0.0
940,132255029.0,276645882.0,1826.444371,799375360.0,208924672.0,66.705,996711.0,0.0
945,132255029.0,276645882.0,1838.567048,802979840.0,208924672.0,67.192,997654.0,0.0
950,132255029.0,276645882.0,1849.683786,803004416.0,208924672.0,67.192,997660.0,0.0
955,132255029.0,276645882.0,1861.865631,803721216.0,208924672.0,66.705,997730.0,0.0
961,132255029.0,276645882.0,1875.692832,805634048.0,208924672.0,67.679,998278.0,0.0
966,132255029.0,276645882.0,1887.47649,805642240.0,208924672.0,67.679,998329.0,0.0
971,145242162.0,276662913.0,1893.052767,752726016.0,208924672.0,65.731,1019902.0,0.0
976,145342435.0,289822490.0,1900.379403,834637824.0,208924672.0,66.705,1039880.0,0.0
981,145342435.0,289822490.0,1916.201071,835031040.0,208924672.0,68.166,1039913.0,0.0
986,145342435.0,289822490.0,1927.841127,834924544.0,208924672.0,68.653,1039963.0,0.0
991,145342435.0,289822490.0,1938.552107,834945024.0,208924672.0,68.653,1039968.0,0.0
996,145342435.0,289822490.0,1949.305775,834973696.0,208924672.0,66.705,1039975.0,0.0
1001,145342778.0,289822707.0,1950.750244,763916288.0,208924672.0,63.783,1040016.0,0.0
1006,145469475.0,302990455.0,1952.589986,884908032.0,208924672.0,65.731,1069415.0,0.0
1011,145469475.0,302990455.0,1966.925628,884817920.0,208924672.0,68.166,1069449.0,0.0
1017,145469475.0,302990455.0,1977.359352,884953088.0,208924672.0,67.679,1069482.0,0.0
1022,145469475.0,302990455.0,1986.917257,884965376.0,208924672.0,66.705,1069485.0,0.0
1027,145469475.0,302990455.0,2000.483937,884973568.0,208924672.0,66.705,1069487.0,0.0
1032,145469475.0,302990525.0,2015.040663,884989952.0,208924672.0,66.705,1069491.0,0.0
1037,145469475.0,302990525.0,2037.213717,885006336.0,208924672.0,67.679,1069495.0,0.0
1042,145469475.0,302990525.0,2050.925136,885092352.0,208924672.0,68.653,1069529.0,0.0
1047,145469475.0,302990525.0,2058.764657,885428224.0,208924672.0,67.679,1069561.0,0.0
1052,158594789.0,316181545.0,2063.543396,804519936.0,208924672.0,67.679,1088784.0,0.0
1057,158594831.0,316181587.0,2079.632896,840441856.0,208924672.0,69.14,1097491.0,0.0
1062,158594831.0,316181587.0,2090.655668,840294400.0,208924672.0,69.627,1097519.0,0.0
1068,158594831.0,316181587.0,2102.364245,840372224.0,208924672.0,69.627,1097551.0,0.0
1073,158594831.0,316181587.0,2113.224765,840658944.0,208924672.0,69.14,1097558.0,0.0
1078,158595132.0,316181762.0,2121.085937,768163840.0,208924672.0,66.705,1097696.0,0.0
1083,158595174.0,316181804.0,2121.102047,768163840.0,208924672.0,64.27,1097696.0,0.0
1088,158721673.0,329346846.0,2128.940137,882946048.0,208924672.0,66.705,1125630.0,0.0
1093,158721673.0,329346846.0,2142.244096,883408896.0,208924672.0,68.166,1125742.0,0.0
1098,158721673.0,329346846.0,2154.023079,883408896.0,208924672.0,69.14,1125742.0,0.0
1103,158721673.0,329346846.0,2162.830213,883671040.0,208924672.0,67.679,1125743.0,0.0
1108,158721673.0,329346846.0,2176.540895,883425280.0,208924672.0,67.192,1125746.0,0.0
1113,158721673.0,329346846.0,2189.356084,883453952.0,208924672.0,67.679,1125753.0,0.0
1119,158721673.0,329346846.0,2201.762286,883462144.0,208924672.0,68.166,1125755.0,0.0
1124,158721673.0,329346846.0,2210.879001,883478528.0,208924672.0,67.192,1125759.0,0.0
1129,158721673.0,329346846.0,2217.075891,883777536.0,208924672.0,68.166,1125782.0,0.0
1134,158721673.0,329346846.0,2226.600577,883634176.0,208924672.0,68.166,1125823.0,0.0
1139,171838539.0,342537998.0,2238.168466,843268096.0,208924672.0,68.166,1153389.0,0.0
1144,171838581.0,342538040.0,2249.742284,843358208.0,208924672.0,68.653,1153411.0,0.0
1149,171838581.0,342538040.0,2262.119658,843472896.0,208924672.0,67.192,1153444.0,0.0
1154,171838581.0,342538040.0,2262.13627,843390976.0,208924672.0,64.757,1153444.0,0.0
1159,171838581.0,342538040.0,2262.170808,843337728.0,208924672.0,66.218,1153444.0,0.0
1164,171838581.0,342538040.0,2273.11738,843526144.0,208924672.0,68.653,1153466.0,0.0
1169,171838581.0,342538040.0,2289.265376,843825152.0,208924672.0,68.166,1153478.0,0.0
1174,171964193.0,355692301.0,2298.003316,884981760.0,208924672.0,67.679,1180942.0,0.0
1180,171964235.0,355692343.0,2307.596019,884772864.0,208924672.0,67.679,1180942.0,0.0
1185,171964235.0,355692343.0,2322.254652,884776960.0,208924672.0,67.679,1180943.0,0.0
1190,171964235.0,355692343.0,2333.817716,884781056.0,208924672.0,68.166,1180944.0,0.0
1195,171964235.0,355692343.0,2344.83579,884793344.0,208924672.0,67.192,1180947.0,0.0
1200,171964235.0,355692343.0,2358.79919,884801536.0,208924672.0,68.653,1180949.0,0.0
1205,171964235.0,355692343.0,2370.947063,885088256.0,208924672.0,67.192,1180956.0,0.0
1210,171964235.0,355692343.0,2382.045476,884842496.0,208924672.0,68.166,1180959.0,0.0
1215,171964235.0,355692343.0,2386.126091,884871168.0,208924672.0,68.166,1180978.0,0.0
1220,171964235.0,355692343.0,2401.748888,885002240.0,208924672.0,68.653,1181024.0,0.0
1225,185028367.0,368825877.0,2404.942191,844091392.0,208924672.0,67.679,1208464.0,0.0
1230,185028409.0,368825919.0,2419.034338,844054528.0,208924672.0,68.166,1208504.0,0.0
1236,185028409.0,368825919.0,2432.104412,844136448.0,208924672.0,69.14,1208547.0,0.0
1241,185028409.0,368825919.0,2443.090092,844247040.0,208924672.0,69.14,1208563.0,0.0
1246,185028409.0,368825919.0,2454.464639,844271616.0,208924672.0,69.14,1208569.0,0.0
1251,185028409.0,368825919.0,2460.207247,844349440.0,208924672.0,64.757,1208612.0,0.0
1256,185028409.0,368825919.0,2460.230722,844349440.0,208924672.0,63.783,1208612.0,0.0
1261,185137191.0,381990938.0,2465.696402,886132736.0,208924672.0,66.218,1237451.0,0.0
1266,185137233.0,381990980.0,2478.873942,886132736.0,208924672.0,66.705,1237451.0,0.0
1271,185137233.0,381990980.0,2492.243828,886132736.0,208924672.0,68.166,1237451.0,0.0
1276,185137233.0,381990980.0,2502.109439,886132736.0,208924672.0,68.653,1237451.0,0.0
1281,185137233.0,381990980.0,2517.204266,886145024.0,208924672.0,68.166,1237454.0,0.0
1286,185137233.0,381990980.0,2528.467962,886157312.0,208924672.0,66.705,1237457.0,0.0
1291,185137233.0,381990980.0,2537.923511,886169600.0,208924672.0,66.218,1237460.0,0.0
1296,185137233.0,381990980.0,2552.489934,886194176.0,208924672.0,65.731,1237465.0,0.0
1302,185137233.0,381990980.0,2564.445276,886718464.0,208924672.0,67.679,1237529.0,0.0
1307,198124564.0,382008605.0,2572.239284,779333632.0,208924672.0,65.731,1248890.0,0.0
1312,198237905.0,395162440.0,2583.277446,845385728.0,208924672.0,68.166,1264948.0,0.0
1317,198237905.0,395162440.0,2596.031552,845746176.0,208924672.0,68.166,1264976.0,0.0
1322,198237905.0,395162440.0,2607.480327,845594624.0,208924672.0,69.14,1265012.0,0.0
1327,198237905.0,395162440.0,2621.285022,845623296.0,208924672.0,69.627,1265019.0,0.0
1332,198237905.0,395162440.0,2629.764382,845856768.0,208924672.0,66.218,1265061.0,0.0
1337,198319165.0,404949499.0,2630.432528,774332416.0,208924672.0,65.244,1265061.0,0.0
1342,198351349.0,408323013.0,2644.121447,887541760.0,208924672.0,67.192,1292680.0,0.0
1347,198351349.0,408323013.0,2655.458559,887541760.0,208924672.0,67.192,1292680.0,0.0
1352,198351349.0,408323013.0,2664.22375,887545856.0,208924672.0,68.166,1292681.0,0.0
1357,198351349.0,408323013.0,2678.041614,887812096.0,208924672.0,67.192,1292684.0,0.0
1362,198351349.0,408323013.0,2690.533143,887566336.0,208924672.0,67.192,1292686.0,0.0
1368,198351349.0,408323013.0,2703.503322,887836672.0,208924672.0,68.166,1292689.0,0.0
1373,198351349.0,408323013.0,2712.789814,887590912.0,208924672.0,67.679,1292692.0,0.0
1378,198351349.0,408323013.0,2724.807556,887644160.0,208924672.0,68.653,1292712.0,0.0
1383,198351349.0,408323013.0,2739.423984,887750656.0,208924672.0,68.653,1292758.0,0.0
1388,211338548.0,408340374.0,2741.830324,768753664.0,208924672.0,64.757,1302800.0,0.0
1393,211453935.0,421499885.0,2752.168797,844365824.0,208924672.0,68.166,1321188.0,0.0
1398,211453935.0,421499885.0,2764.146778,844468224.0,208924672.0,68.653,1321213.0,0.0
1403,211453935.0,421499885.0,2775.686629,699494400.0,208924672.0,68.166,1332848.0,0.0
1408,211453935.0,421499885.0,2787.548681,699527168.0,208924672.0,70.114,1332856.0,0.0
1413,211453935.0,421499885.0,2798.666235,699985920.0,208924672.0,66.705,1332908.0,0.0
1418,211454236.0,421500060.0,2800.519399,684625920.0,208924672.0,63.783,1333489.0,0.0
1423,211557281.0,434670226.0,2800.807516,736182272.0,208924672.0,64.757,1346012.0,0.0
1428,211557281.0,434670226.0,2811.344649,880013312.0,208924672.0,66.705,1381077.0,0.0
1434,211557281.0,434670226.0,2822.950342,883318784.0,208924672.0,66.705,1381795.0,0.0
1439,211557281.0,434670226.0,2835.989009,884416512.0,208924672.0,67.192,1382123.0,0.0
1444,211557281.0,434670226.0,2846.708353,884592640.0,208924672.0,67.192,1382230.0,0.0
1449,211557281.0,434670226.0,2860.645624,884633600.0,208924672.0,67.679,1382240.0,0.0
1454,211557281.0,434670226.0,2871.257472,885411840.0,208924672.0,68.166,1382430.0,0.0
1459,211557281.0,434670226.0,2882.134605,885436416.0,208924672.0,67.192,1382436.0,0.0
1464,211557281.0,434670226.0,2893.727116,885448704.0,208924672.0,67.192,1382439.0,0.0
1469,211557281.0,434670226.0,2908.852664,885612544.0,208924672.0,69.14,1382503.0,0.0
1474,224544678.0,434687521.0,2914.631182,826691584.0,208924672.0,65.244,1395687.0,0.0
1479,224620795.0,447772188.0,2924.4237,859291648.0,208924672.0,68.653,1403659.0,0.0
1484,224620795.0,447772188.0,2936.838342,859394048.0,208924672.0,67.192,1403684.0,0.0
1490,224620795.0,447772188.0,2948.017722,859537408.0,208924672.0,68.653,1403731.0,0.0
1495,224620795.0,447772188.0,2958.612847,859553792.0,208924672.0,69.14,1403735.0,0.0
1500,224620795.0,447772188.0,2972.472773,859848704.0,208924672.0,68.166,1403744.0,0.0
1505,224621096.0,447772363.0,2973.750471,823312384.0,208924672.0,64.27,1403783.0,0.0
1510,224621096.0,447772363.0,2973.773695,823312384.0,208924672.0,64.757,1403783.0,0.0
1515,224726805.0,460918661.0,2983.897068,942391296.0,208924672.0,66.705,1432703.0,0.0
1520,224726847.0,460918703.0,2994.657178,942391296.0,208924672.0,66.705,1432765.0,0.0
1525,224726847.0,460918703.0,3008.714385,942403584.0,208924672.0,68.166,1432768.0,0.0
1530,224726847.0,460918703.0,3019.062883,942407680.0,208924672.0,68.166,1432769.0,0.0
1535,224726847.0,460918703.0,3030.872148,942419968.0,208924672.0,67.192,1432772.0,0.0
1540,224726847.0,460918703.0,3043.5836,942432256.0,208924672.0,67.192,1432775.0,0.0
1545,224726847.0,460918703.0,3055.049425,942448640.0,208924672.0,68.653,1432779.0,0.0
1551,224726847.0,460918703.0,3067.884198,942456832.0,208924672.0,68.166,1432781.0,0.0
1556,224726847.0,460918703.0,3076.321094,942809088.0,208924672.0,68.166,1432819.0,0.0
1561,224726847.0,460918703.0,3082.309261,942624768.0,208924672.0,67.192,1432847.0,0.0
1566,237824771.0,474092695.0,3094.480148,862756864.0,208924672.0,68.653,1440761.0,0.0
1571,237824813.0,474092737.0,3104.36953,862834688.0,208924672.0,68.653,1440780.0,0.0
1576,237824813.0,474092737.0,3117.197142,863072256.0,208924672.0,69.627,1440817.0,0.0
1581,237824813.0,474092737.0,3131.932535,863014912.0,208924672.0,68.653,1440837.0,0.0
1586,237824813.0,474092737.0,3142.72682,863293440.0,208924672.0,69.14,1440842.0,0.0
1591,237960655.0,487262838.0,3152.674993,945213440.0,208924672.0,68.166,1468254.0,0.0
1596,237960655.0,487262838.0,3163.775848,945741824.0,208924672.0,68.166,1468257.0,0.0
1601,237960655.0,487262838.0,3174.904515,945242112.0,208924672.0,68.653,1468261.0,0.0
1606,237960655.0,487262838.0,3188.730651,945250304.0,208924672.0,70.114,1468263.0,0.0
1612,237960655.0,487262838.0,3200.005571,945516544.0,208924672.0,68.653,1468266.0,0.0
1617,237960655.0,487262838.0,3210.190143,945274880.0,208924672.0,68.653,1468269.0,0.0
1622,237960655.0,487262838.0,3224.500243,945291264.0,208924672.0,69.14,1468273.0,0.0
1627,237960655.0,487262838.0,3234.563429,945303552.0,208924672.0,69.14,1468276.0,0.0
1632,237960655.0,487262838.0,3249.182523,945655808.0,208924672.0,67.192,1468342.0,0.0
1637,237960655.0,487262838.0,3259.115092,945471488.0,208924672.0,67.192,1468342.0,0.0
1642,251032947.0,500370542.0,3273.200352,869203968.0,208924672.0,68.653,1477177.0,0.0
1647,251032947.0,500370542.0,3285.039305,869064704.0,208924672.0,69.627,1477203.0,0.0
1652,251032947.0,500370542.0,3300.103984,869171200.0,208924672.0,69.14,1477242.0,0.0
1657,251032947.0,500370542.0,3310.781101,869453824.0,208924672.0,69.14,1477248.0,0.0
1662,251160869.0,513538663.0,3320.712305,867946496.0,208924672.0,67.679,1504918.0,0.0
1667,251160869.0,513538663.0,3330.57115,867696640.0,208924672.0,69.14,1504918.0,0.0
1673,251160869.0,513538663.0,3342.22699,867696640.0,208924672.0,67.679,1504918.0,0.0
1678,251160869.0,513538663.0,3357.050173,867696640.0,208924672.0,68.166,1504918.0,0.0
1683,251160869.0,513538663.0,3369.131124,867700736.0,208924672.0,68.166,1504919.0,0.0
1688,251160869.0,513538663.0,3380.649663,867708928.0,208924672.0,67.192,1504921.0,0.0
1693,251160869.0,513538663.0,3392.161792,867721216.0,208924672.0,67.679,1504924.0,0.0
1698,251160869.0,513538663.0,3404.489415,867987456.0,208924672.0,69.14,1504926.0,0.0
1703,251160869.0,513538663.0,3416.609083,867946496.0,208924672.0,69.14,1504947.0,0.0
1708,251160869.0,513538663.0,3424.101605,867790848.0,208924672.0,68.166,1504969.0,0.0
1713,251160869.0,513538663.0,3433.470812,867774464.0,208924672.0,67.679,1505004.0,0.0
1718,264249223.0,526715757.0,3441.839232,867803136.0,208924672.0,68.166,1513862.0,0.0
1723,264249307.0,526715841.0,3454.721015,868167680.0,208924672.0,68.653,1513888.0,0.0
1728,264249307.0,526715841.0,3463.530273,867946496.0,208924672.0,65.731,1513920.0,0.0
1733,264249307.0,526715841.0,3463.554191,867946496.0,208924672.0,63.296,1513920.0,0.0
1739,264249307.0,526715841.0,3471.966818,868126720.0,208924672.0,66.705,1513954.0,0.0
1744,264249307.0,526715841.0,3479.756481,868401152.0,208924672.0,69.627,1513958.0,0.0
1749,264378615.0,539888516.0,3493.512951,892223488.0,208924672.0,68.166,1528699.0,0.0
1754,264378615.0,539888516.0,3503.023495,948772864.0,208924672.0,68.653,1542446.0,0.0
1759,264378615.0,539888516.0,3516.334925,948772864.0,208924672.0,68.653,1542446.0,0.0
1764,264378615.0,539888516.0,3527.976196,948776960.0,208924672.0,67.679,1542447.0,0.0
1769,264378615.0,539888516.0,3539.511936,948776960.0,208924672.0,67.192,1542447.0,0.0
1774,264378615.0,539888516.0,3553.780889,948781056.0,208924672.0,67.679,1542448.0,0.0
1779,264378615.0,539888516.0,3566.395174,948793344.0,208924672.0,67.192,1542451.0,0.0
1784,264378615.0,539888516.0,3577.176098,949059584.0,208924672.0,68.653,1542453.0,0.0
1789,264378615.0,539888516.0,3589.3328,949366784.0,208924672.0,68.653,1542481.0,0.0
1795,264378615.0,539888516.0,3599.46715,949182464.0,208924672.0,69.627,1542539.0,0.0
1800,277500299.0,553080262.0,3607.498814,870690816.0,208924672.0,67.679,1551038.0,0.0
1805,277500341.0,553080304.0,3618.888165,871067648.0,208924672.0,68.653,1551080.0,0.0
1810,277500341.0,553080304.0,3635.013999,871477248.0,208924672.0,69.627,1551117.0,0.0
1815,277500341.0,553080304.0,3645.838688,871272448.0,208924672.0,68.653,1551144.0,0.0
1820,277500341.0,553080304.0,3657.032948,871301120.0,208924672.0,69.627,1551151.0,0.0
1825,277500642.0,553080479.0,3666.463039,834531328.0,208924672.0,65.731,1551195.0,0.0
1830,277500642.0,553080479.0,3666.491416,834531328.0,208924672.0,64.27,1551195.0,0.0
1835,277605955.0,566236149.0,3670.869725,953606144.0,208924672.0,66.218,1580189.0,0.0
1840,277605955.0,566236149.0,3686.621393,953606144.0,208924672.0,67.192,1580189.0,0.0
1845,277605955.0,566236149.0,3698.063872,953610240.0,208924672.0,66.705,1580190.0,0.0
1850,277605955.0,566236149.0,3706.698736,954757120.0,208924672.0,66.705,1580470.0,0.0
1856,277605955.0,566236149.0,3721.754084,954769408.0,208924672.0,67.192,1580473.0,0.0
1861,277605955.0,566236149.0,3732.286892,954777600.0,208924672.0,69.14,1580475.0,0.0
1866,277605955.0,566236149.0,3744.168555,955043840.0,208924672.0,69.14,1580477.0,0.0
1871,277605955.0,566236149.0,3756.300265,954793984.0,208924672.0,68.166,1580479.0,0.0
1876,277605955.0,566236149.0,3766.443534,955117568.0,208924672.0,69.14,1580509.0,0.0
1881,277605955.0,566236149.0,3776.202967,954949632.0,208924672.0,69.14,1580544.0,0.0
1886,290726913.0,579424991.0,3784.077935,721453056.0,208924672.0,68.653,1601239.0,0.0
1891,290726955.0,579425033.0,3799.713064,721580032.0,208924672.0,69.14,1601275.0,0.0
1896,290726955.0,579425033.0,3809.602099,721551360.0,208924672.0,66.705,1601341.0,0.0
1901,290726955.0,579425033.0,3809.626092,721530880.0,208924672.0,64.27,1601341.0,0.0
1906,290726955.0,579425033.0,3814.372714,721760256.0,208924672.0,67.192,1601387.0,0.0
1911,290726955.0,579425033.0,3825.157652,721809408.0,208924672.0,68.653,1601399.0,0.0
1917,290726955.0,579425033.0,3838.745939,722227200.0,208924672.0,66.705,1601565.0,0.0
1922,290835209.0,592592560.0,3846.500324,883187712.0,208924672.0,68.166,1644930.0,0.0
1927,290835209.0,592592560.0,3856.820515,884781056.0,208924672.0,67.679,1645315.0,0.0
1932,290835209.0,592592560.0,3869.684567,885358592.0,208924672.0,69.627,1645401.0,0.0
1937,290835209.0,592592560.0,3881.368258,885161984.0,208924672.0,68.653,1645415.0,0.0
1942,290835209.0,592592560.0,3896.11454,884940800.0,208924672.0,68.166,1645421.0,0.0
1947,290835209.0,592592560.0,3905.734323,885919744.0,208924672.0,68.166,1645660.0,0.0
1952,290835209.0,592592560.0,3917.745902,886202368.0,208924672.0,67.679,1645666.0,0.0
1957,290835209.0,592592560.0,3943.096807,886128640.0,208924672.0,69.14,1645736.0,0.0
1962,303822342.0,592610383.0,3951.79796,863903744.0,208924672.0,66.705,1660517.0,0.0
1967,303903937.0,605698878.0,3957.867066,866541568.0,208924672.0,68.166,1661192.0,0.0
1972,303903937.0,605698878.0,3972.269151,866652160.0,208924672.0,68.166,1661220.0,0.0
1977,303903937.0,605698948.0,3983.513646,866828288.0,208924672.0,69.14,1661276.0,0.0
1982,303903937.0,605698948.0,3996.95825,866856960.0,208924672.0,70.601,1661283.0,0.0
1987,303903937.0,605698948.0,4008.458228,866877440.0,208924672.0,69.627,1661288.0,0.0
1993,303904238.0,605699123.0,4009.923791,835874816.0,208924672.0,64.757,1661329.0,0.0
1998,303904238.0,605699123.0,4009.952843,835874816.0,208924672.0,63.296,1661329.0,0.0
2003,303985329.0,618809517.0,4018.488384,949493760.0,208924672.0,67.192,1688980.0,0.0
2008,303985329.0,618809517.0,4028.962568,949755904.0,208924672.0,66.218,1688981.0,0.0
2013,303985329.0,618809517.0,4042.0176,949772288.0,208924672.0,66.705,1688985.0,0.0
2018,303985329.0,618809517.0,4054.162945,949514240.0,208924672.0,67.679,1688985.0,0.0
2023,303985329.0,618809517.0,4064.561335,949514240.0,208924672.0,68.166,1688985.0,0.0
2028,303985329.0,618809517.0,4077.266968,949530624.0,208924672.0,68.653,1688989.0,0.0
2033,303985329.0,618809517.0,4091.147853,949542912.0,208924672.0,68.653,1688992.0,0.0
2038,303985329.0,618809517.0,4103.079951,949780480.0,208924672.0,68.166,1689050.0,0.0
2043,303985329.0,618809517.0,4113.074285,949817344.0,208924672.0,66.218,1689090.0,0.0
2048,303985329.0,618809517.0,4121.854092,949882880.0,208924672.0,65.731,1689125.0,0.0
2053,317098631.0,631999877.0,4129.754167,868913152.0,208924672.0,68.653,1698258.0,0.0
2059,317098673.0,631999919.0,4141.643063,869273600.0,208924672.0,68.653,1698283.0,0.0
2064,317098673.0,631999919.0,4151.713941,869085184.0,208924672.0,66.705,1698312.0,0.0
2069,317098673.0,631999919.0,4151.7367,869040128.0,208924672.0,64.757,1698312.0,0.0
2074,317098673.0,631999919.0,4156.281483,869163008.0,208924672.0,67.192,1698332.0,0.0
2079,317098673.0,631999919.0,4167.429628,869187584.0,208924672.0,67.192,1698338.0,0.0
2084,317098673.0,631999919.0,4180.344903,869322752.0,208924672.0,65.244,1698382.0,0.0
2089,317098673.0,631999919.0,4180.36542,869273600.0,208924672.0,63.296,1698382.0,0.0
2094,317181847.0,640539050.0,4181.001054,837160960.0,208924672.0,65.731,1699106.0,0.0
2099,317215903.0,645156292.0,4190.446272,951431168.0,208924672.0,67.192,1726985.0,0.0
2104,317215945.0,645156334.0,4205.612761,951447552.0,208924672.0,67.192,1726988.0,0.0
2109,317215945.0,645156334.0,4217.632431,951201792.0,208924672.0,66.218,1726989.0,0.0
2114,317215945.0,645156334.0,4228.216603,951205888.0,208924672.0,66.705,1726990.0,0.0
2120,317215945.0,645156334.0,4239.94706,951218176.0,208924672.0,67.192,1726993.0,0.0
2125,317215945.0,645156334.0,4250.97209,951226368.0,208924672.0,66.705,1726995.0,0.0
2130,317215945.0,645156334.0,4265.854397,951234560.0,208924672.0,67.192,1726997.0,0.0
2135,317215945.0,645156334.0,4276.456417,951508992.0,208924672.0,68.166,1727018.0,0.0
2140,317215945.0,645156334.0,4289.957659,951398400.0,208924672.0,68.166,1727063.0,0.0
2145,330304365.0,658330524.0,4296.659426,872067072.0,208924672.0,68.653,1736271.0,0.0
2150,330304407.0,658330566.0,4309.874757,871931904.0,208924672.0,68.653,1736298.0,0.0
2155,330304407.0,658330566.0,4322.298298,872058880.0,208924672.0,69.14,1736329.0,0.0
2160,330304407.0,658330566.0,4333.582569,872120320.0,208924672.0,69.14,1736356.0,0.0
2165,330304407.0,658330566.0,4345.308511,872140800.0,208924672.0,68.166,1736361.0,0.0
2170,330304708.0,658330741.0,4352.128359,841981952.0,208924672.0,65.731,1736404.0,0.0
2176,330304708.0,658330741.0,4352.149377,841981952.0,208924672.0,63.296,1736404.0,0.0
2181,330422297.0,671486213.0,4357.955592,954560512.0,208924672.0,67.192,1763799.0,0.0
2186,330422297.0,671486213.0,4370.95391,954560512.0,208924672.0,67.192,1763799.0,0.0
2191,330422297.0,671486213.0,4380.711041,954560512.0,208924672.0,67.192,1763799.0,0.0
2196,330422297.0,671486213.0,4391.366232,954560512.0,208924672.0,68.166,1763799.0,0.0
2201,330422297.0,671486213.0,4406.923376,954822656.0,208924672.0,67.679,1763800.0,0.0
2206,330422297.0,671486213.0,4416.984524,954568704.0,208924672.0,67.192,1763801.0,0.0
2211,330422297.0,671486213.0,4430.584747,954593280.0,208924672.0,68.166,1763806.0,0.0
2216,330422297.0,671486213.0,4443.646135,954605568.0,208924672.0,68.166,1763809.0,0.0
2221,330422297.0,671486213.0,4449.968442,954654720.0,208924672.0,66.218,1763834.0,0.0
2226,330422297.0,671486213.0,4462.186624,954765312.0,208924672.0,69.627,1763874.0,0.0
2231,343529527.0,684665749.0,4470.142798,874770432.0,208924672.0,68.166,1773282.0,0.0
2236,343529569.0,684665791.0,4481.561868,874725376.0,208924672.0,68.653,1773330.0,0.0
2242,343529569.0,684665791.0,4494.85471,874774528.0,208924672.0,67.192,1773366.0,0.0
2247,343529569.0,684665791.0,4494.869289,874774528.0,208924672.0,65.244,1773366.0,0.0
2252,343529569.0,684665791.0,4495.624416,875147264.0,208924672.0,66.218,1773386.0,0.0
2257,343529569.0,684665791.0,4507.882023,874917888.0,208924672.0,68.166,1773390.0,0.0
2262,343529569.0,684665791.0,4522.733511,875208704.0,208924672.0,68.166,1773398.0,0.0
2267,343655553.0,697840158.0,4543.205315,957296640.0,208924672.0,67.192,1802108.0,0.0
2272,343655553.0,697840158.0,4543.205315,957296640.0,208924672.0,67.192,1802108.0,0.0
2277,343655553.0,697840158.0,4566.201563,957304832.0,208924672.0,66.705,1802110.0,0.0
2282,343655553.0,697840158.0,4575.648299,957304832.0,208924672.0,67.192,1802110.0,0.0
2287,343655553.0,697840158.0,4586.928131,957313024.0,208924672.0,68.166,1802112.0,0.0
2292,343655553.0,697840158.0,4599.136829,957325312.0,208924672.0,67.192,1802115.0,0.0
2297,343655553.0,697840158.0,4615.582559,957341696.0,208924672.0,67.679,1802119.0,0.0
2302,343655553.0,697840158.0,4626.40769,957657088.0,208924672.0,68.653,1802158.0,0.0
2308,356642686.0,697857255.0,4636.953835,845611008.0,208924672.0,66.705,1802259.0,0.0
2313,356769977.0,711021146.0,4643.160666,875802624.0,208924672.0,67.679,1809643.0,0.0
2318,356770019.0,711021188.0,4655.172467,875896832.0,208924672.0,69.14,1809666.0,0.0
2323,356770019.0,711021188.0,4670.68982,876052480.0,208924672.0,68.653,1809717.0,0.0
2328,356770019.0,711021188.0,4680.472364,876072960.0,208924672.0,69.14,1809722.0,0.0
2333,356770019.0,711021188.0,4694.824283,876040192.0,208924672.0,68.653,1809767.0,0.0
2338,356770320.0,711021363.0,4695.1309,840540160.0,208924672.0,63.783,1809767.0,0.0
2343,356893405.0,724196455.0,4696.259467,958500864.0,208924672.0,66.218,1838428.0,0.0
2348,356893405.0,724196455.0,4704.612712,958562304.0,208924672.0,66.705,1838431.0,0.0
2353,356893405.0,724196455.0,4720.368183,958312448.0,208924672.0,67.679,1838431.0,0.0
2359,356893405.0,724196455.0,4730.619607,958312448.0,208924672.0,67.192,1838431.0,0.0
2364,356893405.0,724196455.0,4743.448299,958320640.0,208924672.0,67.679,1838433.0,0.0
2369,356893405.0,724196455.0,4756.058893,958599168.0,208924672.0,67.679,1838438.0,0.0
2374,356893405.0,724196455.0,4765.702981,958611456.0,208924672.0,68.166,1838440.0,0.0
2379,356893405.0,724196455.0,4779.426475,958619648.0,208924672.0,67.679,1838442.0,0.0
2384,356893405.0,724196455.0,4789.549189,959029248.0,208924672.0,67.679,1838461.0,0.0
2389,356893405.0,724196455.0,4802.66335,769753088.0,208924672.0,69.14,1846310.0,0.0
2394,369880604.0,724213486.0,4808.297128,771944448.0,208924672.0,65.731,1871524.0,0.0
2399,369943785.0,737298747.0,4816.570616,842330112.0,208924672.0,67.192,1888663.0,0.0
2404,369943785.0,737298747.0,4829.342785,842842112.0,208924672.0,67.192,1888788.0,0.0
2409,369943785.0,737298747.0,4837.718016,843194368.0,208924672.0,69.14,1888862.0,0.0
2415,369943785.0,737298747.0,4853.097476,843120640.0,208924672.0,68.166,1888869.0,0.0
2420,369943785.0,737298747.0,4863.696707,843145216.0,208924672.0,68.166,1888875.0,0.0
2425,369943785.0,737298747.0,4865.473257,843259904.0,208924672.0,64.757,1888926.0,0.0
2430,370029467.0,745659102.0,4866.100066,813404160.0,208924672.0,63.783,1888937.0,0.0
2435,370079495.0,750471686.0,4876.914481,951791616.0,208924672.0,67.192,1922745.0,0.0
2440,370079579.0,750471770.0,4888.652732,952238080.0,208924672.0,67.192,1922793.0,0.0
2445,370079579.0,750471770.0,4898.835499,952229888.0,208924672.0,67.679,1922853.0,0.0
2450,370079579.0,750471770.0,4911.940344,952320000.0,208924672.0,68.166,1922875.0,0.0
2455,370079579.0,750471770.0,4924.829849,952356864.0,208924672.0,68.653,1922884.0,0.0
2460,370079579.0,750471770.0,4935.977517,952496128.0,208924672.0,68.166,1922918.0,0.0
2465,370079579.0,750471770.0,4946.319668,952512512.0,208924672.0,67.192,1922922.0,0.0
2470,370079579.0,750471770.0,4959.847766,952438784.0,208924672.0,66.218,1922927.0,0.0
2476,370079579.0,750471770.0,4967.367901,952627200.0,208924672.0,67.679,1922961.0,0.0
2481,383066844.0,750489329.0,4978.318424,836796416.0,208924672.0,66.218,1923008.0,0.0
2486,383145163.0,763578178.0,4980.345003,873009152.0,208924672.0,67.192,1931829.0,0.0
2491,383145205.0,763578220.0,4991.455572,873345024.0,208924672.0,68.166,1931851.0,0.0
2496,383145205.0,763578220.0,5003.593028,873218048.0,208924672.0,68.166,1931880.0,0.0
2501,383145205.0,763578220.0,5018.930856,873308160.0,208924672.0,67.679,1931915.0,0.0
2506,383145205.0,763578220.0,5031.396723,873332736.0,208924672.0,69.627,1931921.0,0.0
2511,383257683.0,776740269.0,5040.298006,955633664.0,208924672.0,68.653,1959921.0,0.0
2516,383257683.0,776740269.0,5051.272038,955641856.0,208924672.0,67.679,1959923.0,0.0
2521,383257683.0,776740269.0,5062.216588,955641856.0,208924672.0,67.679,1959923.0,0.0
2526,383257683.0,776740269.0,5076.12124,955650048.0,208924672.0,67.679,1959925.0,0.0
2531,383257683.0,776740269.0,5088.184522,955650048.0,208924672.0,66.705,1959925.0,0.0
2537,383257683.0,776740269.0,5098.56682,955662336.0,208924672.0,67.679,1959928.0,0.0
2542,383257683.0,776740269.0,5112.217073,955670528.0,208924672.0,67.679,1959930.0,0.0
2547,383257683.0,776740269.0,5123.000615,955678720.0,208924672.0,69.14,1959932.0,0.0
2552,383257683.0,776740269.0,5133.690987,955731968.0,208924672.0,69.14,1959958.0,0.0
2557,383257683.0,776740269.0,5146.224126,955846656.0,208924672.0,70.114,1962729.0,0.0
2562,396309119.0,789841043.0,5158.668595,885661696.0,208924672.0,68.166,1981955.0,0.0
2567,396309119.0,789841043.0,5172.955385,885800960.0,208924672.0,68.653,1981986.0,0.0
2572,396309119.0,789841043.0,5183.542185,885927936.0,208924672.0,68.653,1982028.0,0.0
2577,396309119.0,789841043.0,5198.688113,885698560.0,208924672.0,69.627,1982035.0,0.0
2582,396309119.0,789841043.0,5205.788961,885792768.0,208924672.0,66.705,1982077.0,0.0
2588,396309119.0,789841043.0,5205.805265,885772288.0,208924672.0,65.244,1982077.0,0.0
2593,396433939.0,803017744.0,5206.720625,883732480.0,208924672.0,66.218,1990771.0,0.0
2598,396433981.0,803017786.0,5219.230657,966094848.0,208924672.0,68.166,2010787.0,0.0
2603,396433981.0,803017786.0,5232.852487,969752576.0,208924672.0,68.653,2011680.0,0.0
2608,396433981.0,803017786.0,5241.858272,969596928.0,208924672.0,67.679,2011704.0,0.0
2613,396433981.0,803017786.0,5256.282797,970174464.0,208924672.0,67.679,2011782.0,0.0
2618,396433981.0,803017786.0,5268.401046,969945088.0,208924672.0,68.653,2011789.0,0.0
2623,396433981.0,803017786.0,5279.398811,969957376.0,208924672.0,67.192,2011792.0,0.0
2628,396433981.0,803017786.0,5290.94713,969969664.0,208924672.0,66.705,2011795.0,0.0
2633,396433981.0,803017786.0,5304.274561,970031104.0,208924672.0,69.14,2011823.0,0.0
2638,396433981.0,803017786.0,5313.28649,970387456.0,208924672.0,67.192,2011859.0,0.0
2644,409554873.0,816201678.0,5321.663005,890781696.0,208924672.0,68.653,2012543.0,0.0
2649,409554915.0,816201720.0,5334.374846,890884096.0,208924672.0,68.653,2012568.0,0.0
2654,409554915.0,816201720.0,5345.283185,890994688.0,208924672.0,69.14,2012595.0,0.0
2659,409554915.0,816201720.0,5357.292996,891465728.0,208924672.0,69.14,2012693.0,0.0
2664,409554915.0,816201720.0,5372.062948,891629568.0,208924672.0,69.627,2012701.0,0.0
2669,409555216.0,816201895.0,5375.606868,860405760.0,208924672.0,66.218,2012741.0,0.0
2674,409555216.0,816201895.0,5375.631975,860405760.0,208924672.0,64.757,2012741.0,0.0
2679,409669769.0,829350503.0,5383.156786,973004800.0,208924672.0,66.218,2040204.0,0.0
2684,409669769.0,829350503.0,5391.692144,973004800.0,208924672.0,67.679,2040204.0,0.0
2689,409669769.0,829350503.0,5407.460662,973004800.0,208924672.0,67.192,2040204.0,0.0
2694,409669769.0,829350503.0,5418.443763,973004800.0,208924672.0,67.192,2040204.0,0.0
2700,409669769.0,829350503.0,5431.00277,973017088.0,208924672.0,67.679,2040207.0,0.0
2705,409669769.0,829350503.0,5441.941378,973025280.0,208924672.0,67.679,2040209.0,0.0
2710,409669769.0,829350503.0,5453.543815,973295616.0,208924672.0,68.653,2040212.0,0.0
2715,409669769.0,829350503.0,5465.495246,973045760.0,208924672.0,67.192,2040214.0,0.0
2720,409669769.0,829350503.0,5474.357242,973099008.0,208924672.0,67.679,2040240.0,0.0
2725,409669769.0,829350503.0,5483.673488,973201408.0,208924672.0,69.14,2040278.0,0.0
2730,422782015.0,842528785.0,5496.625693,892026880.0,208924672.0,68.166,2047929.0,0.0
2735,422782057.0,842528827.0,5508.501566,892121088.0,208924672.0,69.627,2047952.0,0.0
2740,422782057.0,842528827.0,5521.427577,892256256.0,208924672.0,70.114,2047999.0,0.0
2745,422782057.0,842528827.0,5530.837201,892268544.0,208924672.0,69.627,2048002.0,0.0
2751,422782057.0,842528827.0,5543.826832,892301312.0,208924672.0,68.166,2048010.0,0.0
2756,422908857.0,855702822.0,5553.82249,973746176.0,208924672.0,68.166,2076559.0,0.0
2761,422908857.0,855702822.0,5565.560866,973750272.0,208924672.0,67.192,2076560.0,0.0
2766,422908857.0,855702822.0,5577.151105,973754368.0,208924672.0,69.14,2076561.0,0.0
2771,422908857.0,855702822.0,5587.895965,973754368.0,208924672.0,67.679,2076561.0,0.0
2776,422908857.0,855702822.0,5599.521326,973754368.0,208924672.0,68.653,2076561.0,0.0
2781,422908857.0,855702822.0,5613.705056,973766656.0,208924672.0,68.653,2076564.0,0.0
2786,422908857.0,855702822.0,5624.257053,973774848.0,208924672.0,69.14,2076566.0,0.0
2791,422908857.0,855702822.0,5637.316469,973787136.0,208924672.0,69.627,2076569.0,0.0
2796,422908857.0,855702822.0,5645.386105,974110720.0,208924672.0,69.627,2076597.0,0.0
2801,422908857.0,855702822.0,5653.631399,973942784.0,208924672.0,69.627,2076632.0,0.0
2807,436029551.0,868890740.0,5660.180164,892411904.0,208924672.0,68.166,2084178.0,0.0
2812,436029593.0,868890782.0,5674.392074,892534784.0,208924672.0,69.627,2084207.0,0.0
2817,436029593.0,868890782.0,5687.09076,892661760.0,208924672.0,68.653,2084238.0,0.0
2822,436029593.0,868890782.0,5699.164878,892715008.0,208924672.0,68.653,2084265.0,0.0
2827,436029593.0,868890782.0,5713.804945,892751872.0,208924672.0,69.14,2084274.0,0.0
2832,436029593.0,868890782.0,5716.362839,892821504.0,208924672.0,63.296,2084314.0,0.0
2837,436140817.0,882048673.0,5721.655485,821637120.0,208924672.0,66.705,2130343.0,0.0
2842,436140859.0,882048715.0,5733.357969,831528960.0,208924672.0,67.679,2132702.0,0.0
2847,436140859.0,882048715.0,5747.2689,831647744.0,208924672.0,67.192,2132845.0,0.0
2852,436140859.0,882048715.0,5757.282796,831688704.0,208924672.0,67.192,2132855.0,0.0
2857,436140859.0,882048715.0,5768.532943,832303104.0,208924672.0,67.192,2132942.0,0.0
2862,436140859.0,882048715.0,5784.243188,832061440.0,208924672.0,68.166,2132946.0,0.0
2868,436140859.0,882048715.0,5795.150208,833347584.0,208924672.0,68.653,2133197.0,0.0
2873,436140859.0,882048715.0,5804.839043,833105920.0,208924672.0,67.679,2133201.0,0.0
2878,436140859.0,882048715.0,5818.070744,833425408.0,208924672.0,69.627,2133240.0,0.0
2883,436140859.0,882048715.0,5827.210948,833314816.0,208924672.0,68.166,2133278.0,0.0
2888,449232183.0,895240593.0,5832.064466,878800896.0,208924672.0,67.679,2169021.0,0.0
2893,449232225.0,895240635.0,5844.06811,879153152.0,208924672.0,69.14,2169044.0,0.0
2898,449232225.0,895240635.0,5857.79378,879226880.0,208924672.0,70.114,2169077.0,0.0
2903,449232225.0,895240635.0,5869.664623,879370240.0,208924672.0,70.114,2169109.0,0.0
2908,449232225.0,895240635.0,5881.797229,879136768.0,208924672.0,69.14,2169115.0,0.0
2913,449359685.0,908404400.0,5890.680711,959619072.0,208924672.0,70.114,2196042.0,0.0
2918,449359727.0,908404442.0,5905.206484,959864832.0,208924672.0,69.14,2196162.0,0.0
2924,449359727.0,908404442.0,5917.021691,960135168.0,208924672.0,68.653,2196165.0,0.0
2929,449359727.0,908404442.0,5928.819597,959877120.0,208924672.0,67.679,2196165.0,0.0
2934,449359727.0,908404442.0,5939.1965,959881216.0,208924672.0,68.166,2196166.0,0.0
2939,449359727.0,908404442.0,5952.256775,960348160.0,208924672.0,69.14,2196217.0,0.0
2944,449359727.0,908404442.0,5963.126955,960413696.0,208924672.0,68.166,2196233.0,0.0
2949,449359727.0,908404442.0,5975.413548,960425984.0,208924672.0,68.166,2196240.0,0.0
2954,449359727.0,908404442.0,5986.777184,960512000.0,208924672.0,69.14,2196269.0,0.0
2959,449359727.0,908404442.0,6000.934339,960622592.0,208924672.0,69.14,2196323.0,0.0
2964,462468739.0,921594208.0,6003.593252,884498432.0,208924672.0,67.679,2205767.0,0.0
2969,462468781.0,921594250.0,6017.083766,884346880.0,208924672.0,69.14,2205793.0,0.0
2974,462468781.0,921594250.0,6029.134851,884723712.0,208924672.0,69.14,2205822.0,0.0
2979,462468781.0,921594250.0,6031.119835,884400128.0,208924672.0,65.731,2205830.0,0.0
2984,462468781.0,921594250.0,6034.451853,884785152.0,208924672.0,66.705,2205851.0,0.0
2990,462468781.0,921594250.0,6046.319953,884547584.0,208924672.0,69.14,2205856.0,0.0
2995,462468781.0,921594250.0,6055.237356,884822016.0,208924672.0,68.166,2205860.0,0.0
3000,462582711.0,934765671.0,6068.291069,968732672.0,208924672.0,66.218,2233814.0,0.0
3005,462582753.0,934765713.0,6081.146752,968732672.0,208924672.0,67.679,2233814.0,0.0
3010,462582753.0,934765713.0,6090.99202,968736768.0,208924672.0,68.653,2233815.0,0.0
3015,462582753.0,934765713.0,6102.212022,968736768.0,208924672.0,68.653,2233815.0,0.0
3020,462582753.0,934765713.0,6116.31063,968740864.0,208924672.0,69.627,2233816.0,0.0
3025,462582753.0,934765713.0,6125.75535,969007104.0,208924672.0,68.653,2233819.0,0.0
3030,462582753.0,934765713.0,6139.48579,969015296.0,208924672.0,69.14,2233821.0,0.0
3035,462582753.0,934765713.0,6152.068722,968769536.0,208924672.0,68.166,2233823.0,0.0
3040,462582753.0,934765713.0,6162.587179,968896512.0,208924672.0,68.166,2233865.0,0.0
3046,462582753.0,934765713.0,6171.16031,968953856.0,208924672.0,67.192,2233891.0,0.0
3051,475694512.0,947938988.0,6178.830864,887779328.0,208924672.0,68.166,2241494.0,0.0
3056,475694554.0,947939030.0,6189.644089,888111104.0,208924672.0,68.166,2241516.0,0.0
3061,475694554.0,947939030.0,6200.469355,888467456.0,208924672.0,69.14,2241543.0,0.0
3066,475694554.0,947939030.0,6212.438841,888057856.0,208924672.0,70.114,2241574.0,0.0
3071,475694554.0,947939030.0,6226.779169,888082432.0,208924672.0,70.114,2241580.0,0.0
3076,475798888.0,961090123.0,6235.919083,969248768.0,208924672.0,67.679,2270574.0,0.0
3081,475798888.0,961090123.0,6250.447613,969248768.0,208924672.0,68.166,2270574.0,0.0
3086,475798888.0,961090123.0,6260.846483,969252864.0,208924672.0,69.627,2270575.0,0.0
3091,475798888.0,961090123.0,6274.263089,969256960.0,208924672.0,68.653,2270576.0,0.0
3096,475798888.0,961090123.0,6283.426375,969269248.0,208924672.0,68.166,2270579.0,0.0
3102,475798888.0,961090123.0,6298.294257,969289728.0,208924672.0,69.14,2270584.0,0.0
3107,475798888.0,961090123.0,6307.10062,969555968.0,208924672.0,68.653,2270586.0,0.0
3112,475798888.0,961090123.0,6321.18176,969306112.0,208924672.0,70.114,2270588.0,0.0
3117,475798888.0,961090123.0,6326.761325,969596928.0,208924672.0,67.679,2270608.0,0.0
3122,475798888.0,961090123.0,6337.656816,969678848.0,208924672.0,69.14,2270652.0,0.0
3127,488906052.0,974269791.0,6350.784176,887181312.0,208924672.0,69.14,2279388.0,0.0
3132,488906094.0,974269833.0,6373.583557,887484416.0,208924672.0,68.653,2279440.0,0.0
3137,488906094.0,974269833.0,6373.923844,887136256.0,208924672.0,64.27,2279442.0,0.0
3142,488906094.0,974269833.0,6377.80612,887259136.0,208924672.0,67.192,2279462.0,0.0
3147,488906094.0,974269833.0,6388.65711,887279616.0,208924672.0,68.166,2279467.0,0.0
3152,488906094.0,974269833.0,6401.377394,887304192.0,208924672.0,68.653,2279473.0,0.0
3158,489041606.0,987444290.0,6410.810129,972173312.0,208924672.0,68.653,2307533.0,0.0
3163,489041606.0,987444290.0,6420.465525,972173312.0,208924672.0,68.653,2307533.0,0.0
3168,489041606.0,987444290.0,6435.91714,972173312.0,208924672.0,69.14,2307533.0,0.0
3173,489041606.0,987444290.0,6445.925546,972177408.0,208924672.0,68.653,2307534.0,0.0
3178,489041606.0,987444290.0,6457.447668,972443648.0,208924672.0,67.679,2307536.0,0.0
3183,489041606.0,987444290.0,6470.707616,972197888.0,208924672.0,68.653,2307539.0,0.0
3188,489041606.0,987444290.0,6484.485056,972210176.0,208924672.0,69.627,2307542.0,0.0
3193,489041606.0,987444290.0,6495.447309,972218368.0,208924672.0,69.14,2307544.0,0.0
3198,489041606.0,987444290.0,6508.384478,972369920.0,208924672.0,69.627,2307606.0,0.0
3203,502028871.0,987461387.0,6515.668813,858976256.0,208924672.0,67.192,2307737.0,0.0
3208,502164784.0,1000634362.0,6526.506393,889176064.0,208924672.0,68.653,2315168.0,0.0
3214,502164784.0,1000634362.0,6540.215071,889528320.0,208924672.0,69.14,2315198.0,0.0
3219,502164784.0,1000634362.0,6550.881637,889393152.0,208924672.0,69.627,2315233.0,0.0
3224,502164784.0,1000634362.0,6565.950509,889425920.0,208924672.0,70.601,2315241.0,0.0
3229,502165085.0,1000634537.0,6574.37383,854007808.0,208924672.0,66.705,2315283.0,0.0
3234,502165085.0,1000634537.0,6574.396429,853921792.0,208924672.0,66.705,2315283.0,0.0
3239,502290528.0,1013809545.0,6576.450887,969801728.0,208924672.0,66.218,2343469.0,0.0
3244,502290528.0,1013809545.0,6587.122415,969674752.0,208924672.0,67.679,2343469.0,0.0
3249,502290528.0,1013809545.0,6599.15978,969674752.0,208924672.0,68.653,2343469.0,0.0
3254,502290528.0,1013809545.0,6612.908568,969674752.0,208924672.0,68.653,2343469.0,0.0
3259,502290528.0,1013809545.0,6623.282002,969674752.0,208924672.0,68.166,2343469.0,0.0
3265,502290528.0,1013809545.0,6633.259028,969936896.0,208924672.0,67.679,2343470.0,0.0
3270,502290528.0,1013809545.0,6649.13101,969691136.0,208924672.0,67.679,2343473.0,0.0
3275,502290528.0,1013809545.0,6660.63794,969957376.0,208924672.0,67.679,2343475.0,0.0
3280,502290528.0,1013809545.0,6672.944706,969773056.0,208924672.0,68.653,2343505.0,0.0
3285,502290528.0,1013809545.0,6683.395896,969863168.0,208924672.0,69.627,2343540.0,0.0
3290,515277727.0,1013826510.0,6687.099935,854204416.0,208924672.0,65.731,2343563.0,0.0
3295,515393246.0,1026977969.0,6697.085955,890339328.0,208924672.0,69.14,2352341.0,0.0
3300,515393246.0,1026977969.0,6711.440837,890679296.0,208924672.0,68.653,2352373.0,0.0
3305,515393246.0,1026977969.0,6716.631045,890437632.0,208924672.0,65.731,2352388.0,0.0
3310,515393246.0,1026977969.0,6716.658177,890437632.0,208924672.0,63.783,2352388.0,0.0
3315,515393246.0,1026977969.0,6724.745839,715177984.0,208924672.0,68.166,2361577.0,0.0
3321,515393246.0,1026977969.0,6738.977371,715767808.0,208924672.0,69.14,2361681.0,0.0
3326,515393547.0,1026978144.0,6745.721151,701739008.0,208924672.0,65.731,2362566.0,0.0
3331,515393589.0,1026978186.0,6745.745233,701734912.0,208924672.0,64.757,2362566.0,0.0
3336,515486824.0,1040132866.0,6750.266035,805036032.0,208924672.0,64.757,2407707.0,0.0
3341,515486824.0,1040132866.0,6762.541455,820432896.0,208924672.0,67.192,2411365.0,0.0
3346,515486824.0,1040132866.0,6773.291457,821157888.0,208924672.0,67.679,2411682.0,0.0
3351,515486824.0,1040132866.0,6786.191203,821178368.0,208924672.0,67.679,2411687.0,0.0
3356,515486824.0,1040132866.0,6797.284629,821485568.0,208924672.0,68.653,2411699.0,0.0
3361,515486824.0,1040132866.0,6808.893924,821506048.0,208924672.0,67.679,2411705.0,0.0
3366,515486824.0,1040132866.0,6822.241415,821518336.0,208924672.0,69.14,2411707.0,0.0
3371,515486824.0,1040132866.0,6832.251139,821272576.0,208924672.0,67.679,2411710.0,0.0
3377,515486824.0,1040132866.0,6841.142798,824008704.0,208924672.0,67.679,2412391.0,0.0
3382,515486824.0,1040132866.0,6852.365235,824348672.0,208924672.0,67.679,2412438.0,0.0
3387,528564156.0,1053293196.0,6861.176902,902823936.0,208924672.0,68.653,2439393.0,0.0
3392,528564198.0,1053293238.0,6873.340767,902918144.0,208924672.0,69.14,2439417.0,0.0
3397,528564198.0,1053293238.0,6887.33603,903077888.0,208924672.0,69.627,2439455.0,0.0
3402,528564198.0,1053293238.0,6901.209716,902905856.0,208924672.0,69.14,2439489.0,0.0
3407,528564499.0,1053293413.0,6917.00377,869343232.0,208924672.0,66.218,2439532.0,0.0
3412,528564499.0,1053293413.0,6917.031982,869343232.0,208924672.0,64.757,2439532.0,0.0
3417,528681032.0,1066462877.0,6922.899854,987701248.0,208924672.0,66.218,2468352.0,0.0
3422,528681032.0,1066462877.0,6935.469867,987832320.0,208924672.0,68.166,2468384.0,0.0
3427,528681032.0,1066462877.0,6947.042206,988209152.0,208924672.0,67.192,2468413.0,0.0
3433,528681032.0,1066462877.0,6957.798495,987967488.0,208924672.0,67.192,2468417.0,0.0
3438,528681032.0,1066462877.0,6971.638815,987975680.0,208924672.0,67.192,2468419.0,0.0
3443,528681032.0,1066462877.0,6983.930938,987987968.0,208924672.0,68.653,2468422.0,0.0
3448,528681032.0,1066462877.0,6993.982682,988278784.0,208924672.0,69.627,2468431.0,0.0
3453,528681032.0,1066462877.0,7005.789126,988041216.0,208924672.0,68.653,2468435.0,0.0
3458,528681032.0,1066462877.0,7020.11834,988192768.0,208924672.0,67.192,2468498.0,0.0
3463,541668033.0,1066479842.0,7029.478979,875184128.0,208924672.0,67.192,2468553.0,0.0
3468,541784674.0,1079638099.0,7039.804823,901185536.0,208924672.0,68.166,2474927.0,0.0
3473,541784674.0,1079638099.0,7050.554715,901283840.0,208924672.0,69.14,2474951.0,0.0
3478,541784674.0,1079638099.0,7064.996235,901443584.0,208924672.0,69.14,2475002.0,0.0
3483,541784674.0,1079638099.0,7075.649592,901464064.0,208924672.0,69.627,2475007.0,0.0
3488,541784975.0,1079638274.0,7087.820275,868753408.0,208924672.0,66.705,2475052.0,0.0
3493,541899990.0,1092803910.0,7096.492285,987877376.0,208924672.0,68.166,2504063.0,0.0
3499,541899990.0,1092803910.0,7110.578716,987885568.0,208924672.0,68.166,2504065.0,0.0
3504,541899990.0,1092803910.0,7122.279641,987885568.0,208924672.0,68.653,2504065.0,0.0
3509,541899990.0,1092803910.0,7132.860357,987885568.0,208924672.0,69.14,2504065.0,0.0
3514,541899990.0,1092803910.0,7143.941848,987889664.0,208924672.0,69.627,2504066.0,0.0
3519,541899990.0,1092803910.0,7155.545939,987897856.0,208924672.0,68.653,2504068.0,0.0
3524,541899990.0,1092803910.0,7170.585994,987910144.0,208924672.0,67.192,2504071.0,0.0
3529,541899990.0,1092803910.0,7180.927211,987914240.0,208924672.0,69.14,2504072.0,0.0
3534,541899990.0,1092803910.0,7193.362615,988327936.0,208924672.0,69.14,2504134.0,0.0
3539,555025040.0,1105995062.0,7200.588487,905703424.0,208924672.0,68.653,2511536.0,0.0
3544,555025082.0,1105995104.0,7215.006475,906006528.0,208924672.0,70.114,2511576.0,0.0
3549,555025082.0,1105995104.0,7225.39392,906358784.0,208924672.0,69.627,2511600.0,0.0
3554,555025082.0,1105995104.0,7237.025351,906457088.0,208924672.0,69.627,2511635.0,0.0
3560,555025082.0,1105995104.0,7250.621217,906223616.0,208924672.0,70.114,2511641.0,0.0
3565,555025449.0,1105995279.0,7259.000796,869687296.0,208924672.0,67.192,2511712.0,0.0
3570,555025449.0,1105995279.0,7259.029983,869687296.0,208924672.0,64.27,2511712.0,0.0
3575,555025449.0,1105995279.0,7259.049963,869687296.0,208924672.0,64.27,2511712.0,0.0
3580,555025449.0,1105995279.0,7259.072515,869687296.0,208924672.0,63.783,2511712.0,0.0
3585,555145480.0,1119168175.0,7266.857528,987881472.0,208924672.0,65.244,2540479.0,0.0
3590,555145522.0,1119168217.0,7277.071362,987881472.0,208924672.0,66.705,2540479.0,0.0
3595,555145522.0,1119168217.0,7289.77546,987881472.0,208924672.0,67.679,2540479.0,0.0
3600,555145522.0,1119168217.0,7303.47645,987885568.0,208924672.0,68.166,2540480.0,0.0
3605,555145522.0,1119168217.0,7313.311152,987893760.0,208924672.0,68.653,2540482.0,0.0
3610,555145522.0,1119168217.0,7326.138681,987901952.0,208924672.0,67.679,2540484.0,0.0
3615,555145522.0,1119168217.0,7335.985847,988168192.0,208924672.0,67.679,2540487.0,0.0
3621,555145522.0,1119168217.0,7350.952001,987926528.0,208924672.0,67.679,2540490.0,0.0
3626,555145522.0,1119168217.0,7361.67492,987889664.0,208924672.0,68.166,2540540.0,0.0
3631,568132721.0,1119185908.0,7371.152539,870248448.0,208924672.0,66.218,2540579.0,0.0
3636,568199400.0,1132271301.0,7376.80239,904462336.0,208924672.0,67.679,2548956.0,0.0
3641,568199400.0,1132271301.0,7389.811987,904806400.0,208924672.0,69.14,2548983.0,0.0
3646,568199400.0,1132271301.0,7400.615818,904589312.0,208924672.0,67.192,2549011.0,0.0
3651,568199400.0,1132271301.0,7400.634494,904589312.0,208924672.0,64.27,2549011.0,0.0
3656,568199400.0,1132271301.0,7404.427933,904720384.0,208924672.0,66.705,2549032.0,0.0
3661,568199400.0,1132271301.0,7416.315106,904744960.0,208924672.0,68.166,2549038.0,0.0
3666,568199400.0,1132271301.0,7428.967899,905027584.0,208924672.0,66.218,2549044.0,0.0
3671,568199400.0,1132271301.0,7429.598329,904830976.0,208924672.0,64.27,2549082.0,0.0
3676,568243832.0,1136964970.0,7430.181904,872509440.0,208924672.0,64.757,2549434.0,0.0
3682,568317488.0,1145435330.0,7440.647158,990097408.0,208924672.0,67.192,2578187.0,0.0
3687,568317572.0,1145435414.0,7453.501183,990097408.0,208924672.0,66.705,2578187.0,0.0
3692,568317572.0,1145435414.0,7467.235583,990101504.0,208924672.0,65.731,2578188.0,0.0
3697,568317572.0,1145435414.0,7478.829704,990363648.0,208924672.0,67.679,2578189.0,0.0
3702,568317572.0,1145435414.0,7489.883082,990113792.0,208924672.0,67.192,2578191.0,0.0
3707,568317572.0,1145435414.0,7513.251354,990138368.0,208924672.0,66.705,2578197.0,0.0
3712,568317572.0,1145435414.0,7526.409058,990441472.0,208924672.0,68.653,2578222.0,0.0
3717,568317572.0,1145435414.0,7539.011538,990302208.0,208924672.0,68.653,2578262.0,0.0
3722,581304639.0,1145452511.0,7542.221258,889675776.0,208924672.0,64.27,2581473.0,0.0
3727,581393866.0,1158550618.0,7545.948275,920322048.0,208924672.0,66.705,2588843.0,0.0
3732,581393866.0,1158550618.0,7557.682817,920395776.0,208924672.0,68.653,2588865.0,0.0
3738,581393866.0,1158550618.0,7571.934622,920735744.0,208924672.0,68.166,2588925.0,0.0
3743,581393866.0,1158550618.0,7583.159042,920375296.0,208924672.0,68.653,2588929.0,0.0
3748,581393866.0,1158550618.0,7596.18955,920657920.0,208924672.0,69.14,2588935.0,0.0
3753,581394233.0,1158550793.0,7600.615268,889249792.0,208924672.0,64.757,2588977.0,0.0
3758,581394275.0,1158550835.0,7600.631615,889249792.0,208924672.0,64.27,2588977.0,0.0
3763,581520048.0,1171721883.0,7606.370544,1000701952.0,208924672.0,66.705,2616112.0,0.0
3768,581520048.0,1171721883.0,7617.340307,1000701952.0,208924672.0,66.705,2616112.0,0.0
3773,581520048.0,1171721883.0,7631.755554,1000701952.0,208924672.0,67.192,2616112.0,0.0
3778,581520048.0,1171721883.0,7641.681966,1000701952.0,208924672.0,68.166,2616112.0,0.0
3783,581520048.0,1171721883.0,7656.913751,1000706048.0,208924672.0,68.166,2616113.0,0.0
3788,581520048.0,1171721883.0,7666.543556,1003106304.0,208924672.0,66.705,2616698.0,0.0
3794,581520048.0,1171721883.0,7677.431899,1003384832.0,208924672.0,67.679,2616703.0,0.0
3799,581520048.0,1171721883.0,7688.618148,1003134976.0,208924672.0,67.679,2616705.0,0.0
3804,581520048.0,1171721883.0,7697.18701,1003442176.0,208924672.0,67.679,2616730.0,0.0
3809,581520048.0,1171721883.0,7710.950867,1003298816.0,208924672.0,68.166,2616770.0,0.0
3814,594507247.0,1171739244.0,7712.628783,887107584.0,208924672.0,65.731,2616782.0,0.0
3819,594580592.0,1184831369.0,7723.176809,751828992.0,208924672.0,67.679,2640475.0,0.0
3824,594580592.0,1184831369.0,7738.022839,751706112.0,208924672.0,68.166,2640508.0,0.0
3829,594580592.0,1184831439.0,7750.039215,752291840.0,208924672.0,69.627,2640665.0,0.0
3834,594580592.0,1184831439.0,7759.798788,752312320.0,208924672.0,69.627,2640670.0,0.0
3839,594580959.0,1184831614.0,7771.994825,735416320.0,208924672.0,66.705,2640806.0,0.0
3844,594581001.0,1184831656.0,7772.013932,735375360.0,208924672.0,64.27,2640806.0,0.0
3849,594690274.0,1198004024.0,7777.881433,888401920.0,208924672.0,65.244,2678022.0,0.0
3855,594690274.0,1198004024.0,7786.082996,908312576.0,208924672.0,66.705,2682950.0,0.0
3860,594690274.0,1198004024.0,7798.345222,909926400.0,208924672.0,68.166,2683281.0,0.0
3865,594690274.0,1198004024.0,7811.289012,910213120.0,208924672.0,67.679,2683414.0,0.0
3870,594690274.0,1198004024.0,7824.311145,910888960.0,208924672.0,67.192,2683454.0,0.0
3875,594690274.0,1198004024.0,7837.458309,910413824.0,208924672.0,68.653,2683463.0,0.0
3880,594690274.0,1198004024.0,7846.323182,910438400.0,208924672.0,67.679,2683469.0,0.0
3885,594690274.0,1198004024.0,7858.113379,910454784.0,208924672.0,68.653,2683473.0,0.0
3890,594690274.0,1198004024.0,7872.899405,910585856.0,208924672.0,69.14,2683517.0,0.0
3895,594690274.0,1198004024.0,7882.735494,910659584.0,208924672.0,68.166,2683548.0,0.0
3900,607803576.0,1211195242.0,7889.640614,902160384.0,208924672.0,68.166,2709722.0,0.0
3905,607803618.0,1211195284.0,7900.775048,902242304.0,208924672.0,68.653,2709742.0,0.0
3910,607803618.0,1211195284.0,7911.125689,902320128.0,208924672.0,68.166,2709767.0,0.0
3915,607803618.0,1211195284.0,7924.571314,902201344.0,208924672.0,68.653,2709808.0,0.0
3921,607803618.0,1211195284.0,7938.771601,902234112.0,208924672.0,69.627,2709816.0,0.0
3926,607803919.0,1211195459.0,7943.276377,868950016.0,208924672.0,65.731,2709857.0,0.0
3931,607803961.0,1211195501.0,7943.294712,868950016.0,208924672.0,64.27,2709857.0,0.0
3936,607931120.0,1224370905.0,7950.023649,988286976.0,208924672.0,67.192,2738841.0,0.0
3941,607931120.0,1224370905.0,7961.763684,988037120.0,208924672.0,67.192,2738843.0,0.0
3946,607931120.0,1224370905.0,7974.144401,988037120.0,208924672.0,67.192,2738843.0,0.0
3951,607931120.0,1224370905.0,7985.6821,988037120.0,208924672.0,67.192,2738843.0,0.0
3956,607931120.0,1224370905.0,7996.781624,988303360.0,208924672.0,68.166,2738845.0,0.0
3961,607931120.0,1224370905.0,8010.209907,988057600.0,208924672.0,67.192,2738848.0,0.0
3966,607931120.0,1224370905.0,8022.137584,988065792.0,208924672.0,66.705,2738850.0,0.0
3971,607931120.0,1224370905.0,8032.302253,988073984.0,208924672.0,67.679,2738852.0,0.0
3976,607931120.0,1224370905.0,8043.867235,988160000.0,208924672.0,69.14,2738885.0,0.0
3981,607931120.0,1224370905.0,8055.487964,988184576.0,208924672.0,66.218,2738928.0,0.0
3987,621043828.0,1237559879.0,8061.343513,909713408.0,208924672.0,67.679,2748286.0,0.0
3992,621043870.0,1237559921.0,8074.153328,909557760.0,208924672.0,69.14,2748311.0,0.0
3997,621043870.0,1237559921.0,8087.315056,909803520.0,208924672.0,69.14,2748361.0,0.0
4002,621043870.0,1237559921.0,8111.448379,910012416.0,208924672.0,70.114,2748372.0,0.0
4007,621044171.0,1237560096.0,8115.588591,872026112.0,208924672.0,66.705,2748415.0,0.0
4012,621044171.0,1237560096.0,8115.618119,872026112.0,208924672.0,63.783,2748415.0,0.0
4017,621152058.0,1250713324.0,8122.527604,991309824.0,208924672.0,67.679,2777448.0,0.0
4022,621152100.0,1250713366.0,8134.725936,991318016.0,208924672.0,67.679,2777450.0,0.0
4027,621152100.0,1250713366.0,8144.146621,991318016.0,208924672.0,67.192,2777450.0,0.0
4032,621152100.0,1250713366.0,8160.416831,991322112.0,208924672.0,68.653,2777451.0,0.0
4037,621152100.0,1250713366.0,8170.06859,991322112.0,208924672.0,67.679,2777451.0,0.0
4043,621152100.0,1250713366.0,8183.871299,991334400.0,208924672.0,67.192,2777454.0,0.0
4048,621152100.0,1250713366.0,8193.92519,991600640.0,208924672.0,68.166,2777457.0,0.0
4053,621152100.0,1250713366.0,8205.615006,991354880.0,208924672.0,69.627,2777459.0,0.0
4058,621152100.0,1250713366.0,8214.751162,991424512.0,208924672.0,67.679,2777489.0,0.0
4063,621152100.0,1250713366.0,8226.408316,991514624.0,208924672.0,68.653,2777523.0,0.0
4068,634267184.0,1263910854.0,8231.779881,907399168.0,208924672.0,67.192,2786066.0,0.0
4073,634267226.0,1263910896.0,8242.927222,907485184.0,208924672.0,69.627,2786087.0,0.0
4078,634267226.0,1263910896.0,8258.099401,907870208.0,208924672.0,68.166,2786123.0,0.0
4083,634267226.0,1263910896.0,8270.575024,907935744.0,208924672.0,69.14,2786148.0,0.0
4088,634267226.0,1263910896.0,8281.154659,907710464.0,208924672.0,69.14,2786154.0,0.0
4093,634267527.0,1263911071.0,8287.549979,877432832.0,208924672.0,65.731,2786260.0,0.0
4099,634267527.0,1263911071.0,8287.574216,877432832.0,208924672.0,63.783,2786260.0,0.0
4104,634390396.0,1277070305.0,8295.218055,990375936.0,208924672.0,67.192,2813744.0,0.0
4109,634390438.0,1277070347.0,8309.98414,990375936.0,208924672.0,67.192,2813744.0,0.0
4114,634390438.0,1277070347.0,8319.403472,990375936.0,208924672.0,67.192,2813744.0,0.0
4119,634390438.0,1277070347.0,8331.707365,990638080.0,208924672.0,67.679,2813745.0,0.0
4124,634390438.0,1277070347.0,8344.62608,990392320.0,208924672.0,67.679,2813748.0,0.0
4129,634390438.0,1277070347.0,8357.244676,990404608.0,208924672.0,68.166,2813751.0,0.0
4134,634390438.0,1277070347.0,8368.44551,990412800.0,208924672.0,67.679,2813753.0,0.0
4139,634390438.0,1277070347.0,8380.375485,990420992.0,208924672.0,69.627,2813755.0,0.0
4144,634390438.0,1277070347.0,8387.689835,990720000.0,208924672.0,67.192,2813787.0,0.0
4149,634390438.0,1277070347.0,8398.170084,991092736.0,208924672.0,67.679,2813819.0,0.0
4154,647489748.0,1290236947.0,8407.458332,927571968.0,208924672.0,67.679,2825871.0,0.0
4159,647489790.0,1290236989.0,8421.151756,927678464.0,208924672.0,68.166,2825897.0,0.0
4165,647489790.0,1290236989.0,8430.712512,928440320.0,208924672.0,70.114,2825944.0,0.0
4170,647489790.0,1290236989.0,8443.333704,928092160.0,208924672.0,70.601,2825947.0,0.0
4175,647489790.0,1290236989.0,8457.795832,927870976.0,208924672.0,70.114,2825956.0,0.0
4180,647490091.0,1290237164.0,8460.163757,895946752.0,208924672.0,66.218,2825998.0,0.0
4185,647490091.0,1290237164.0,8460.186796,895946752.0,208924672.0,65.731,2825998.0,0.0
4190,647591048.0,1303383198.0,8468.18661,1004920832.0,208924672.0,67.192,2852513.0,0.0
4195,647591090.0,1303383240.0,8481.146405,1004920832.0,208924672.0,66.705,2852513.0,0.0
4200,647591090.0,1303383240.0,8492.896941,1004924928.0,208924672.0,68.166,2852514.0,0.0
4205,647591090.0,1303383240.0,8503.471907,1004937216.0,208924672.0,68.653,2852517.0,0.0
4210,647591090.0,1303383240.0,8518.912502,1004949504.0,208924672.0,68.653,2852520.0,0.0
4215,647591090.0,1303383240.0,8530.673864,1004957696.0,208924672.0,69.14,2852522.0,0.0
4220,647591090.0,1303383240.0,8539.469485,1004965888.0,208924672.0,68.166,2852524.0,0.0
4225,647591090.0,1303383240.0,8553.637377,1004912640.0,208924672.0,68.166,2852531.0,0.0
4231,647591090.0,1303383240.0,8565.922553,1005142016.0,208924672.0,68.166,2852592.0,0.0
4236,660578223.0,1303400865.0,8572.473045,890474496.0,208924672.0,65.731,2852617.0,0.0
4241,660647410.0,1316487446.0,8579.590362,927940608.0,208924672.0,66.705,2861714.0,0.0
4246,660647410.0,1316487446.0,8590.651493,928251904.0,208924672.0,68.653,2861735.0,0.0
4251,660647410.0,1316487446.0,8602.900474,928514048.0,208924672.0,69.14,2861788.0,0.0
4256,660647410.0,1316487446.0,8613.63174,928202752.0,208924672.0,69.14,2861790.0,0.0
4261,660647410.0,1316487446.0,8629.902802,928235520.0,208924672.0,69.627,2861798.0,0.0
4266,660743388.0,1329636031.0,8636.709997,1010307072.0,208924672.0,68.653,2889229.0,0.0
4271,660743388.0,1329636031.0,8648.091352,1010307072.0,208924672.0,68.166,2889229.0,0.0
4276,660743388.0,1329636031.0,8658.661433,1010307072.0,208924672.0,68.653,2889229.0,0.0
4281,660743388.0,1329636031.0,8673.324464,1010315264.0,208924672.0,69.14,2889231.0,0.0
4286,660743388.0,1329636031.0,8684.873026,1010323456.0,208924672.0,68.653,2889233.0,0.0
4291,660743388.0,1329636031.0,8698.020551,1010335744.0,208924672.0,68.653,2889236.0,0.0
4296,660743388.0,1329636031.0,8709.196034,1010606080.0,208924672.0,69.14,2889239.0,0.0
4302,660743388.0,1329636031.0,8720.570222,1010368512.0,208924672.0,69.627,2889243.0,0.0
4307,660743388.0,1329636031.0,8734.643675,1010724864.0,208924672.0,69.627,2889282.0,0.0
4312,660743388.0,1329636031.0,8742.27879,779857920.0,208924672.0,68.653,2895694.0,0.0
4317,673823888.0,1342812135.0,8751.885603,862040064.0,208924672.0,69.14,2940398.0,0.0
4322,673823972.0,1342812219.0,8763.961664,862404608.0,208924672.0,70.114,2940487.0,0.0
4327,673823972.0,1342812219.0,8776.433184,862461952.0,208924672.0,64.27,2940524.0,0.0
4332,673823972.0,1342812219.0,8782.01037,862871552.0,208924672.0,66.218,2940550.0,0.0
4337,673823972.0,1342812219.0,8792.912514,862924800.0,208924672.0,69.14,2940564.0,0.0
4342,673823972.0,1342812219.0,8805.377242,862949376.0,208924672.0,68.166,2940571.0,0.0
4347,673823972.0,1342812219.0,8806.43258,862801920.0,208924672.0,64.27,2940620.0,0.0
4352,673823972.0,1342812219.0,8806.454858,862801920.0,208924672.0,65.731,2940620.0,0.0
4358,673953520.0,1355985992.0,8818.427564,982237184.0,208924672.0,67.679,2977075.0,0.0
4363,673953520.0,1355985992.0,8832.012846,982679552.0,208924672.0,67.679,2977256.0,0.0
4368,673953520.0,1355985992.0,8841.988085,983019520.0,208924672.0,67.192,2977339.0,0.0
4373,673953520.0,1355985992.0,8855.668482,985481216.0,208924672.0,68.166,2977894.0,0.0
4378,673953520.0,1355985992.0,8867.698821,985571328.0,208924672.0,68.166,2977903.0,0.0
4383,673953520.0,1355985992.0,8876.748093,985448448.0,208924672.0,67.679,2977934.0,0.0
4388,673953520.0,1355985992.0,8888.689268,985722880.0,208924672.0,67.192,2977938.0,0.0
4393,673953520.0,1355985992.0,8902.28387,986198016.0,208924672.0,68.653,2977961.0,0.0
4398,673953520.0,1355985992.0,8915.724746,985645056.0,208924672.0,69.14,2978008.0,0.0
4403,686940785.0,1356003287.0,8921.361741,870207488.0,208924672.0,65.244,2978272.0,0.0
4408,687009312.0,1369087096.0,8929.775665,905609216.0,208924672.0,67.679,2986870.0,0.0
4413,687009312.0,1369087096.0,8940.685375,905949184.0,208924672.0,68.653,2986891.0,0.0
4418,687009312.0,1369087096.0,8954.832796,905957376.0,208924672.0,69.14,2986950.0,0.0
4424,687009312.0,1369087096.0,8964.104507,906158080.0,208924672.0,69.14,2986953.0,0.0
4429,687009312.0,1369087096.0,8980.178535,906194944.0,208924672.0,69.627,2986961.0,0.0
4434,687009312.0,1369087096.0,8982.087532,905994240.0,208924672.0,65.731,2987000.0,0.0
4439,687009312.0,1369087096.0,8982.333793,905900032.0,208924672.0,64.757,2987000.0,0.0
4444,687108500.0,1382244699.0,8993.584981,988729344.0,208924672.0,66.218,3015710.0,0.0
4449,687108500.0,1382244699.0,9004.015562,988741632.0,208924672.0,66.705,3015713.0,0.0
4454,687108500.0,1382244699.0,9014.504241,988741632.0,208924672.0,67.192,3015713.0,0.0
4459,687108500.0,1382244699.0,9026.033007,988741632.0,208924672.0,67.679,3015713.0,0.0
4464,687108500.0,1382244699.0,9040.436593,990318592.0,208924672.0,67.192,3016098.0,0.0
4469,687108500.0,1382244699.0,9052.701751,990584832.0,208924672.0,67.192,3016100.0,0.0
4474,687108500.0,1382244699.0,9062.923492,990343168.0,208924672.0,68.166,3016104.0,0.0
4479,687108500.0,1382244699.0,9074.531317,990359552.0,208924672.0,69.627,3016108.0,0.0
4485,687108500.0,1382244699.0,9087.17013,990380032.0,208924672.0,67.192,3016149.0,0.0
4490,687108500.0,1382244699.0,9096.077179,990785536.0,208924672.0,66.218,3016174.0,0.0
4495,700219096.0,1395418493.0,9103.172119,911597568.0,208924672.0,68.653,3024301.0,0.0
4500,700219138.0,1395418535.0,9115.074909,911691776.0,208924672.0,69.14,3024324.0,0.0
4505,700219138.0,1395418535.0,9128.470441,911921152.0,208924672.0,67.679,3024385.0,0.0
4510,700219138.0,1395418535.0,9138.986913,911908864.0,208924672.0,70.114,3024388.0,0.0
4515,700219138.0,1395418535.0,9155.278289,911941632.0,208924672.0,69.627,3024396.0,0.0
4520,700219439.0,1395418710.0,9158.562183,881573888.0,208924672.0,65.244,3024450.0,0.0
4525,700219481.0,1395418752.0,9158.593091,881573888.0,208924672.0,64.757,3024450.0,0.0
4530,700219481.0,1395418752.0,9158.615193,881573888.0,208924672.0,62.809,3024450.0,0.0
4535,700341690.0,1408577656.0,9158.900799,911769600.0,208924672.0,63.783,3031822.0,0.0
4540,700341690.0,1408577656.0,9169.201623,994136064.0,208924672.0,66.218,3051843.0,0.0
4545,700341690.0,1408577656.0,9181.093091,994136064.0,208924672.0,67.679,3051843.0,0.0
4551,700341690.0,1408577656.0,9194.692501,994136064.0,208924672.0,68.166,3051843.0,0.0
4556,700341690.0,1408577656.0,9204.805669,994144256.0,208924672.0,66.705,3051845.0,0.0
4561,700341690.0,1408577656.0,9216.70318,994148352.0,208924672.0,66.218,3051846.0,0.0
4566,700341690.0,1408577656.0,9228.606217,994156544.0,208924672.0,66.705,3051848.0,0.0
4571,700341690.0,1408577656.0,9240.608112,994172928.0,208924672.0,66.705,3051852.0,0.0
4576,700341690.0,1408577656.0,9253.872763,994627584.0,208924672.0,68.166,3051871.0,0.0
4581,700341690.0,1408577656.0,9263.096744,994189312.0,208924672.0,67.192,3051903.0,0.0
4586,700341690.0,1408577656.0,9272.292056,994324480.0,208924672.0,65.731,3051930.0,0.0
4591,713450966.0,1421767884.0,9282.601639,911261696.0,208924672.0,68.653,3060555.0,0.0
4596,713451050.0,1421767968.0,9293.478042,911343616.0,208924672.0,69.14,3060575.0,0.0
4601,713451050.0,1421767968.0,9304.534449,911745024.0,208924672.0,68.653,3060623.0,0.0
4607,713451050.0,1421767968.0,9319.31627,911507456.0,208924672.0,68.166,3060628.0,0.0
4612,713451050.0,1421767968.0,9330.239797,911532032.0,208924672.0,68.166,3060634.0,0.0
4617,713451351.0,1421768143.0,9334.146684,876421120.0,208924672.0,65.731,3060674.0,0.0
4622,713579080.0,1434941345.0,9334.607903,913686528.0,208924672.0,65.731,3069776.0,0.0
4627,713579080.0,1434941345.0,9344.745101,996200448.0,208924672.0,66.218,3089791.0,0.0
4632,713579080.0,1434941345.0,9354.581666,996036608.0,208924672.0,67.679,3089791.0,0.0
4637,713579080.0,1434941345.0,9377.489277,996048896.0,208924672.0,67.192,3089794.0,0.0
4642,713579080.0,1434941345.0,9393.573008,996061184.0,208924672.0,68.166,3089797.0,0.0
4647,713579080.0,1434941345.0,9404.322998,996073472.0,208924672.0,69.14,3089800.0,0.0
4652,713579080.0,1434941345.0,9416.219988,996081664.0,208924672.0,67.192,3089802.0,0.0
4657,713579080.0,1434941345.0,9427.481285,996347904.0,208924672.0,68.166,3089804.0,0.0
4662,713579080.0,1434941345.0,9437.871646,996425728.0,208924672.0,69.627,3089843.0,0.0
4668,726566477.0,1434958904.0,9448.301955,877015040.0,208924672.0,66.218,3089907.0,0.0
4673,726679818.0,1448114455.0,9453.357526,919347200.0,208924672.0,68.166,3100250.0,0.0
4678,726679818.0,1448114455.0,9468.415873,919461888.0,208924672.0,69.627,3100278.0,0.0
4683,726679818.0,1448114455.0,9479.554721,919728128.0,208924672.0,69.14,3100326.0,0.0
4688,726679818.0,1448114455.0,9491.145248,919625728.0,208924672.0,70.114,3100330.0,0.0
4693,726679818.0,1448114455.0,9504.736306,919650304.0,208924672.0,70.114,3100336.0,0.0
4698,726680119.0,1448114630.0,9509.190473,877404160.0,208924672.0,65.731,3100377.0,0.0
4703,726680161.0,1448114672.0,9509.216734,877404160.0,208924672.0,64.757,3100377.0,0.0
4708,726803822.0,1461289416.0,9518.656503,994811904.0,208924672.0,66.218,3128952.0,0.0
4713,726803822.0,1461289416.0,9526.103137,994811904.0,208924672.0,67.679,3128952.0,0.0
4718,726803822.0,1461289416.0,9539.171477,994811904.0,208924672.0,67.679,3128952.0,0.0
4723,726803822.0,1461289416.0,9552.341337,994811904.0,208924672.0,68.166,3128952.0,0.0
4729,726803822.0,1461289416.0,9566.276008,994820096.0,208924672.0,68.653,3128954.0,0.0
4734,726803822.0,1461289416.0,9576.712125,994828288.0,208924672.0,69.14,3128956.0,0.0
4739,726803822.0,1461289416.0,9590.52549,994840576.0,208924672.0,67.192,3128959.0,0.0
4744,726803822.0,1461289416.0,9602.347017,994856960.0,208924672.0,67.679,3128963.0,0.0
4749,726803822.0,1461289416.0,9614.179794,995147776.0,208924672.0,68.166,3129025.0,0.0
4754,739790955.0,1461306579.0,9623.576032,878166016.0,208924672.0,66.705,3129052.0,0.0
4759,739907134.0,1474473482.0,9627.493474,913141760.0,208924672.0,67.192,3137657.0,0.0
4764,739907134.0,1474473482.0,9639.222154,913235968.0,208924672.0,69.627,3137679.0,0.0
4769,739907134.0,1474473482.0,9654.361476,913281024.0,208924672.0,69.627,3137715.0,0.0
4774,739907134.0,1474473482.0,9664.413253,913428480.0,208924672.0,69.14,3137740.0,0.0
4779,739907134.0,1474473482.0,9679.220882,913453056.0,208924672.0,69.14,3137746.0,0.0
4785,739907435.0,1474473657.0,9684.695373,878272512.0,208924672.0,66.218,3137788.0,0.0
4790,739907477.0,1474473699.0,9684.725996,878268416.0,208924672.0,64.27,3137788.0,0.0
4795,740003748.0,1487620129.0,9689.205131,850485248.0,208924672.0,67.679,3186819.0,0.0
4800,740003748.0,1487620129.0,9704.070293,860049408.0,208924672.0,67.192,3189195.0,0.0
4805,740003748.0,1487620129.0,9715.805463,860160000.0,208924672.0,67.679,3189222.0,0.0
4810,740003748.0,1487620129.0,9725.173106,860274688.0,208924672.0,67.192,3189250.0,0.0
4815,740003748.0,1487620129.0,9740.008101,860348416.0,208924672.0,67.679,3189268.0,0.0
4820,740003748.0,1487620129.0,9750.387691,860385280.0,208924672.0,67.679,3189277.0,0.0
4825,740003748.0,1487620129.0,9763.206137,860401664.0,208924672.0,68.166,3189281.0,0.0
4830,740003748.0,1487620129.0,9775.286645,860413952.0,208924672.0,68.166,3189284.0,0.0
4835,740003748.0,1487620129.0,9787.844495,860901376.0,208924672.0,68.166,3189364.0,0.0
4841,740003748.0,1487620129.0,9796.746196,807763968.0,208924672.0,67.192,3196669.0,0.0
4846,753072278.0,1500768093.0,9801.551423,907735040.0,208924672.0,67.192,3221224.0,0.0
4851,753072278.0,1500768093.0,9814.025304,907575296.0,208924672.0,68.166,3221248.0,0.0
4856,753072278.0,1500768093.0,9824.61324,907677696.0,208924672.0,69.14,3221273.0,0.0
4861,753072278.0,1500768093.0,9839.246471,907755520.0,208924672.0,70.114,3221305.0,0.0
4866,753072278.0,1500768093.0,9850.850801,907780096.0,208924672.0,70.114,3221311.0,0.0
4871,753072579.0,1500768268.0,9856.564472,871669760.0,208924672.0,65.244,3221358.0,0.0
4876,753072621.0,1500768310.0,9856.591512,871669760.0,208924672.0,64.27,3221358.0,0.0
4881,753153118.0,1513884710.0,9867.343588,991453184.0,208924672.0,66.218,3250516.0,0.0
4886,753153118.0,1513884710.0,9877.375013,991453184.0,208924672.0,67.192,3250516.0,0.0
4891,753153118.0,1513884710.0,9888.661426,991891456.0,208924672.0,67.192,3250560.0,0.0
4896,753153118.0,1513884710.0,9902.358854,991641600.0,208924672.0,67.679,3250561.0,0.0
4902,753153118.0,1513884710.0,9913.58209,991789056.0,208924672.0,68.653,3250597.0,0.0
4907,753153118.0,1513884710.0,9926.87088,991911936.0,208924672.0,68.653,3250627.0,0.0
4912,753153118.0,1513884710.0,9936.209207,992178176.0,208924672.0,68.653,3250629.0,0.0
4917,753153118.0,1513884710.0,9948.368419,991940608.0,208924672.0,69.14,3250634.0,0.0
4922,753153118.0,1513884710.0,9962.776207,992104448.0,208924672.0,69.14,3250699.0,0.0
4927,766177188.0,1518147243.0,9968.877525,876158976.0,208924672.0,66.705,3251220.0,0.0
4932,766249236.0,1527056830.0,9993.383034,911499264.0,208924672.0,69.14,3259871.0,0.0
4937,766249236.0,1527056830.0,10004.646552,911593472.0,208924672.0,69.14,3259908.0,0.0
4942,766249236.0,1527056830.0,10017.398404,911613952.0,208924672.0,69.627,3259913.0,0.0
4947,766249236.0,1527056830.0,10027.598666,911638528.0,208924672.0,67.679,3259919.0,0.0
4952,766363958.0,1540223011.0,10039.454412,915509248.0,208924672.0,68.653,3289575.0,0.0
4958,766363958.0,1540223011.0,10051.683283,915517440.0,208924672.0,67.679,3289577.0,0.0
4963,766363958.0,1540223011.0,10062.021405,915517440.0,208924672.0,69.627,3289577.0,0.0
4968,766363958.0,1540223011.0,10072.18328,915517440.0,208924672.0,69.14,3289577.0,0.0
4973,766363958.0,1540223011.0,10085.64362,915525632.0,208924672.0,69.14,3289579.0,0.0
4978,766363958.0,1540223011.0,10095.678128,915533824.0,208924672.0,69.627,3289581.0,0.0
4983,766363958.0,1540223011.0,10108.597148,915546112.0,208924672.0,68.653,3289584.0,0.0
4988,766363958.0,1540223011.0,10120.493498,915554304.0,208924672.0,67.192,3289586.0,0.0
4993,766363958.0,1540223011.0,10129.013715,915636224.0,208924672.0,68.653,3289620.0,0.0
4998,766363958.0,1540223011.0,10135.616655,915705856.0,208924672.0,67.679,3289649.0,0.0
5003,779474752.0,1553405715.0,10148.288519,914378752.0,208924672.0,68.653,3297154.0,0.0
5008,779474794.0,1553405757.0,10158.34048,914460672.0,208924672.0,68.653,3297174.0,0.0
5013,779474794.0,1553405757.0,10170.362964,914481152.0,208924672.0,67.192,3297204.0,0.0
5019,779474794.0,1553405757.0,10170.379113,914481152.0,208924672.0,65.244,3297204.0,0.0
5024,779474794.0,1553405757.0,10175.509366,914624512.0,208924672.0,66.218,3297226.0,0.0
5029,779474794.0,1553405757.0,10187.239134,914903040.0,208924672.0,68.653,3297231.0,0.0
5034,779474794.0,1553405757.0,10199.606955,914894848.0,208924672.0,67.192,3297303.0,0.0
5039,779474794.0,1553405757.0,10199.622806,914833408.0,208924672.0,64.757,3297303.0,0.0
5044,779474794.0,1553405757.0,10199.642041,914833408.0,208924672.0,64.27,3297303.0,0.0
5049,779599548.0,1566580082.0,10209.399861,998133760.0,208924672.0,66.218,3326207.0,0.0
5054,779599590.0,1566580124.0,10222.398478,998133760.0,208924672.0,68.166,3326207.0,0.0
5059,779599590.0,1566580124.0,10236.911544,998133760.0,208924672.0,66.705,3326207.0,0.0
5064,779599590.0,1566580124.0,10245.870505,998133760.0,208924672.0,66.705,3326207.0,0.0
5069,779599590.0,1566580124.0,10259.501893,998137856.0,208924672.0,67.192,3326208.0,0.0
5074,779599590.0,1566580124.0,10272.425917,998150144.0,208924672.0,68.166,3326211.0,0.0
5079,779599590.0,1566580124.0,10282.958785,998162432.0,208924672.0,68.166,3326214.0,0.0
5084,779599590.0,1566580124.0,10293.636927,998187008.0,208924672.0,68.653,3326233.0,0.0
5090,779599590.0,1566580124.0,10302.457482,998793216.0,208924672.0,68.653,3326278.0,0.0
5095,779599590.0,1566580124.0,10311.40366,916340736.0,208924672.0,66.705,3326293.0,0.0
5100,792709526.0,1579753786.0,10319.693182,917032960.0,208924672.0,68.166,3334068.0,0.0
5105,792709568.0,1579753828.0,10331.413768,916873216.0,208924672.0,68.653,3334090.0,0.0
5110,792709568.0,1579753828.0,10341.927694,916918272.0,208924672.0,66.705,3334120.0,0.0
5115,792709568.0,1579753828.0,10341.950191,916897792.0,208924672.0,64.27,3334120.0,0.0
5120,792709568.0,1579753828.0,10348.108744,917032960.0,208924672.0,67.679,3334142.0,0.0
5125,792709568.0,1579753828.0,10360.897698,917057536.0,208924672.0,67.679,3334148.0,0.0
5130,792709568.0,1579753828.0,10371.08208,917135360.0,208924672.0,66.705,3334191.0,0.0
