Time_stamp(s),Net_transmit(B),Net_receive(B),CPU_time(s),RAM_usage(B),Swap_free(B),Temp(C),Mem_fault,Mem_majfault,,4,3977457664,208662528
0,3137.0,7399.0,9.22703,223956992.0,208662528.0,64.757,72504.0,0.0
5,3137.0,7399.0,9.242887,223956992.0,208662528.0,66.218,72504.0,0.0
10,116461.0,13209193.0,14.257405,377679872.0,208662528.0,67.192,126306.0,0.0
15,116461.0,13209263.0,19.074361,396480512.0,208662528.0,66.218,143273.0,0.0
20,116461.0,13209263.0,23.4029,415686656.0,208662528.0,66.218,162646.0,0.0
25,116461.0,13209263.0,29.608915,432148480.0,208662528.0,65.731,177906.0,0.0
30,116461.0,13209263.0,34.284635,481173504.0,208662528.0,66.218,194650.0,0.0
35,116461.0,13209263.0,38.96576,480845824.0,208662528.0,66.218,203095.0,0.0
40,116461.0,13209263.0,44.954103,492433408.0,208662528.0,66.218,213430.0,0.0
45,116461.0,13209333.0,49.933621,596881408.0,208662528.0,66.705,238854.0,0.0
50,116461.0,13209333.0,57.496468,710905856.0,208662528.0,66.705,266647.0,0.0
55,116461.0,13209333.0,65.954947,736526336.0,208662528.0,68.166,272935.0,0.0
60,116461.0,13209333.0,82.411134,757391360.0,208662528.0,68.166,278095.0,0.0
65,116461.0,13209333.0,93.403618,758845440.0,208662528.0,70.114,278417.0,0.0
70,116461.0,13209333.0,105.833535,767123456.0,208662528.0,67.679,280465.0,0.0
75,116461.0,13209333.0,117.074044,750075904.0,208662528.0,70.114,281973.0,0.0
81,116461.0,13209333.0,127.213991,756400128.0,208662528.0,70.114,283468.0,0.0
86,116461.0,13209333.0,140.735527,632729600.0,208662528.0,69.14,288007.0,0.0
91,116461.0,13209333.0,150.393225,668418048.0,208662528.0,68.653,296967.0,0.0
96,116461.0,13209333.0,159.26307,676110336.0,208662528.0,67.192,298919.0,0.0
101,13104626.0,13225886.0,160.266958,659439616.0,208662528.0,64.757,331988.0,0.0
106,13104710.0,13225970.0,160.287617,659439616.0,208662528.0,64.27,331988.0,0.0
111,13104710.0,13226040.0,160.308555,659439616.0,208662528.0,64.757,331988.0,0.0
116,13209363.0,26415539.0,168.28248,751435776.0,208662528.0,68.166,354485.0,0.0
121,13209363.0,26415539.0,179.177017,751640576.0,208662528.0,69.627,354645.0,0.0
126,13209363.0,26415539.0,192.286935,754016256.0,208662528.0,70.114,355216.0,0.0
131,13209363.0,26415539.0,203.801356,754356224.0,208662528.0,70.601,355319.0,0.0
136,13209363.0,26415539.0,215.364732,628047872.0,208662528.0,68.653,355881.0,0.0
141,13313921.0,39579634.0,219.921991,774172672.0,208662528.0,69.14,402434.0,0.0
147,13313963.0,39579676.0,230.349812,792059904.0,208662528.0,70.114,406849.0,0.0
152,13313963.0,39579676.0,244.601834,797368320.0,208662528.0,70.114,408127.0,0.0
157,13313963.0,39579676.0,256.812442,803618816.0,208662528.0,69.14,409715.0,0.0
162,13313963.0,39579676.0,268.152342,803819520.0,208662528.0,68.166,409763.0,0.0
167,13313963.0,39579676.0,281.272809,803844096.0,208662528.0,69.627,409769.0,0.0
172,13313963.0,39579676.0,289.499947,804392960.0,208662528.0,69.14,409777.0,0.0
177,13313963.0,39579676.0,304.345964,803901440.0,208662528.0,68.166,409783.0,0.0
182,13313963.0,39579676.0,305.154185,803811328.0,208662528.0,67.192,409784.0,0.0
187,13313963.0,39579676.0,316.422433,804466688.0,208662528.0,70.114,409907.0,0.0
192,26301461.0,39596269.0,322.739357,727937024.0,208662528.0,66.705,429193.0,0.0
198,26398962.0,52743940.0,331.683016,794800128.0,208662528.0,69.627,445387.0,0.0
203,26398962.0,52743940.0,343.636736,794648576.0,208662528.0,71.088,445413.0,0.0
208,26398962.0,52743940.0,357.15207,795451392.0,208662528.0,72.062,445621.0,0.0
213,26398962.0,52743940.0,369.36052,795742208.0,208662528.0,71.088,445629.0,0.0
218,26398962.0,52743940.0,376.289392,795836416.0,208662528.0,66.218,445739.0,0.0
223,26398962.0,52743940.0,376.318492,795836416.0,208662528.0,65.244,445739.0,0.0
228,26399263.0,52744115.0,376.83564,724262912.0,208662528.0,64.757,445739.0,0.0
233,26399347.0,52744199.0,376.854792,724262912.0,208662528.0,64.757,445739.0,0.0
238,26543864.0,65942905.0,380.384475,837312512.0,208662528.0,67.679,473249.0,0.0
243,26543864.0,65942905.0,392.151833,823144448.0,208662528.0,67.679,476740.0,0.0
248,26543864.0,65942905.0,403.299449,826707968.0,208662528.0,69.627,477544.0,0.0
253,26543864.0,65942905.0,414.866981,836923392.0,208662528.0,69.14,480042.0,0.0
258,26543864.0,65942905.0,426.042669,842362880.0,208662528.0,69.627,481433.0,0.0
264,26543864.0,65942905.0,440.492087,842399744.0,208662528.0,69.14,481442.0,0.0
269,26543864.0,65942905.0,451.375857,843497472.0,208662528.0,70.601,481710.0,0.0
274,26543864.0,65942905.0,464.922861,846888960.0,208662528.0,67.192,482551.0,0.0
279,26543864.0,65942905.0,465.029377,846958592.0,208662528.0,67.679,482553.0,0.0
284,26543864.0,65942905.0,473.78667,847093760.0,208662528.0,69.627,482614.0,0.0
289,26543864.0,65942905.0,481.606313,847056896.0,208662528.0,67.679,482629.0,0.0
294,39633406.0,79103037.0,488.304421,806592512.0,208662528.0,70.114,510071.0,0.0
299,39633490.0,79103121.0,503.748121,806727680.0,208662528.0,71.088,510109.0,0.0
304,39633490.0,79103121.0,509.296777,806490112.0,208662528.0,67.192,510126.0,0.0
309,39633490.0,79103121.0,509.330156,806457344.0,208662528.0,65.244,510126.0,0.0
314,39633490.0,79103121.0,514.40077,806604800.0,208662528.0,69.627,510148.0,0.0
319,39633490.0,79103121.0,526.415412,806633472.0,208662528.0,69.627,510155.0,0.0
324,39782466.0,92300018.0,537.432468,848150528.0,208662528.0,70.114,537599.0,0.0
329,39782508.0,92300060.0,560.234167,849346560.0,208662528.0,70.114,537891.0,0.0
335,39782508.0,92300060.0,573.704141,849350656.0,208662528.0,69.627,537892.0,0.0
340,39782508.0,92300060.0,586.590257,849375232.0,208662528.0,70.601,537898.0,0.0
345,39782508.0,92300060.0,597.755512,849391616.0,208662528.0,70.114,537902.0,0.0
350,39782508.0,92300060.0,609.188464,850448384.0,208662528.0,70.114,538160.0,0.0
355,39782508.0,92300060.0,619.183101,850477056.0,208662528.0,70.114,538167.0,0.0
360,39782508.0,92300060.0,631.605246,850509824.0,208662528.0,70.601,538211.0,0.0
365,52769641.0,92315837.0,640.867182,743976960.0,208662528.0,68.166,549588.0,0.0
370,52918094.0,105513166.0,641.544245,809824256.0,208662528.0,68.166,565701.0,0.0
375,52918094.0,105513166.0,653.216379,810074112.0,208662528.0,71.575,565738.0,0.0
380,52918094.0,105513166.0,665.414575,810635264.0,208662528.0,72.062,565770.0,0.0
385,52918094.0,105513166.0,677.333999,810278912.0,208662528.0,70.114,565802.0,0.0
390,52918094.0,105513166.0,689.372682,810303488.0,208662528.0,69.14,565808.0,0.0
396,52918395.0,105513341.0,694.035738,739024896.0,208662528.0,66.218,565849.0,0.0
401,52918395.0,105513341.0,694.060967,739020800.0,208662528.0,65.731,565849.0,0.0
406,53063572.0,118709733.0,697.01974,852238336.0,208662528.0,67.192,593400.0,0.0
411,53063614.0,118709775.0,709.636321,852246528.0,208662528.0,70.601,593402.0,0.0
416,53063614.0,118709775.0,721.546537,852258816.0,208662528.0,69.627,593405.0,0.0
421,53063614.0,118709775.0,732.17156,852262912.0,208662528.0,69.627,593406.0,0.0
426,53063614.0,118709775.0,746.898077,852279296.0,208662528.0,69.14,593410.0,0.0
431,53063614.0,118709775.0,757.652927,852291584.0,208662528.0,69.14,593413.0,0.0
436,53063614.0,118709775.0,769.314454,852865024.0,208662528.0,69.627,593553.0,0.0
441,53063614.0,118709775.0,780.937829,855232512.0,208662528.0,67.679,594127.0,0.0
446,53063614.0,118709775.0,782.92092,855437312.0,208662528.0,69.14,594148.0,0.0
452,53063614.0,118709775.0,795.160685,724533248.0,208662528.0,70.114,601166.0,0.0
457,66056334.0,119944696.0,799.081267,690999296.0,208662528.0,70.114,627383.0,0.0
462,66163098.0,131904269.0,810.332638,783630336.0,208662528.0,69.627,650012.0,0.0
467,66163098.0,131904269.0,825.101238,783958016.0,208662528.0,70.114,650148.0,0.0
472,66163098.0,131904269.0,833.15738,784728064.0,208662528.0,72.062,650286.0,0.0
477,66163098.0,131904269.0,849.821636,784916480.0,208662528.0,70.601,650336.0,0.0
482,66163399.0,131904444.0,851.639992,712949760.0,208662528.0,66.218,650412.0,0.0
487,66163399.0,131904444.0,851.672554,712949760.0,208662528.0,65.731,650412.0,0.0
492,66293792.0,145078664.0,856.042202,846569472.0,208662528.0,68.166,682910.0,0.0
497,66293792.0,145078664.0,867.98867,851120128.0,208662528.0,70.601,684054.0,0.0
502,66293792.0,145078664.0,878.983528,851529728.0,208662528.0,69.627,684100.0,0.0
507,66293792.0,145078664.0,890.657026,851369984.0,208662528.0,69.627,684115.0,0.0
513,66293792.0,145078664.0,904.33324,852430848.0,208662528.0,70.114,684374.0,0.0
518,66293792.0,145078664.0,915.71073,852729856.0,208662528.0,71.088,684388.0,0.0
523,66293792.0,145078664.0,929.121176,852516864.0,208662528.0,70.114,684394.0,0.0
528,66293792.0,145078664.0,939.992273,852606976.0,208662528.0,71.575,684428.0,0.0
533,66293792.0,145078664.0,953.977651,852770816.0,208662528.0,70.114,684480.0,0.0
538,79280991.0,145094507.0,956.029765,747622400.0,208662528.0,67.679,696214.0,0.0
543,79422118.0,158281078.0,964.082975,787992576.0,208662528.0,70.601,713424.0,0.0
548,79422118.0,158281078.0,978.312891,788385792.0,208662528.0,69.627,713458.0,0.0
553,79422118.0,158281078.0,988.958644,788504576.0,208662528.0,71.575,713497.0,0.0
558,79422118.0,158281078.0,1002.244325,788529152.0,208662528.0,73.036,713504.0,0.0
564,79422419.0,158281253.0,1008.992424,717000704.0,208662528.0,67.192,713545.0,0.0
569,79422419.0,158281253.0,1009.010592,717000704.0,208662528.0,66.705,713545.0,0.0
574,79422419.0,158281253.0,1009.05246,717000704.0,208662528.0,65.244,713545.0,0.0
579,79422419.0,158281253.0,1009.072817,717000704.0,208662528.0,65.731,713545.0,0.0
584,79571490.0,171478305.0,1011.04193,829906944.0,208662528.0,67.679,741026.0,0.0
589,79571532.0,171478347.0,1024.35521,849399808.0,208662528.0,69.14,745790.0,0.0
594,79571532.0,171478347.0,1035.417283,849940480.0,208662528.0,70.114,745861.0,0.0
599,79571532.0,171478347.0,1048.905307,852582400.0,208662528.0,69.627,746567.0,0.0
604,79571532.0,171478347.0,1061.560634,852885504.0,208662528.0,70.601,746578.0,0.0
609,79571532.0,171478347.0,1072.980976,851046400.0,208662528.0,69.14,752723.0,0.0
614,79571532.0,171478347.0,1084.789723,851058688.0,208662528.0,69.627,752726.0,0.0
619,79571532.0,171478347.0,1110.156426,851206144.0,208662528.0,71.088,752850.0,0.0
625,92558863.0,171494520.0,1113.721694,745172992.0,208662528.0,67.192,764556.0,0.0
630,92704676.0,184692179.0,1117.831807,798040064.0,208662528.0,69.627,777421.0,0.0
635,92704676.0,184692179.0,1132.428846,798171136.0,208662528.0,71.575,777453.0,0.0
640,92704676.0,184692179.0,1144.594969,798318592.0,208662528.0,71.088,777501.0,0.0
645,92704676.0,184692179.0,1157.026096,798736384.0,208662528.0,71.088,777603.0,0.0
650,92704676.0,184692179.0,1166.301,799207424.0,208662528.0,68.653,777711.0,0.0
655,92704676.0,184692179.0,1166.330787,799080448.0,208662528.0,66.218,777711.0,0.0
660,92704977.0,184692354.0,1166.894635,736382976.0,208662528.0,66.218,777711.0,0.0
665,92705019.0,184692396.0,1166.920151,736382976.0,208662528.0,65.244,777711.0,0.0
670,92853298.0,197889712.0,1167.256268,767295488.0,208662528.0,66.218,785221.0,0.0
675,92853298.0,197889712.0,1175.571265,849534976.0,208662528.0,68.653,805244.0,0.0
680,92853298.0,197889712.0,1190.72177,849838080.0,208662528.0,68.653,805318.0,0.0
685,92853298.0,197889712.0,1201.671401,849850368.0,208662528.0,69.627,805321.0,0.0
691,92853298.0,197889712.0,1213.877495,850915328.0,208662528.0,70.601,805581.0,0.0
696,92853298.0,197889712.0,1224.752365,827019264.0,208662528.0,70.114,806908.0,0.0
701,92853298.0,197889712.0,1239.463085,845168640.0,208662528.0,71.575,818594.0,0.0
706,92853298.0,197889712.0,1248.173067,848769024.0,208662528.0,71.575,819494.0,0.0
711,92853298.0,197889712.0,1261.931356,849125376.0,208662528.0,71.088,819534.0,0.0
716,105840629.0,197905819.0,1272.13726,745152512.0,208662528.0,66.705,831727.0,0.0
721,105840671.0,197905861.0,1272.155912,745152512.0,208662528.0,68.166,831727.0,0.0
726,105988752.0,211101366.0,1282.876127,811118592.0,208662528.0,70.114,847771.0,0.0
731,105988752.0,211101366.0,1296.639649,811651072.0,208662528.0,71.088,847838.0,0.0
736,105988752.0,211101366.0,1305.832648,811458560.0,208662528.0,71.575,847866.0,0.0
742,105988752.0,211101366.0,1318.273521,811618304.0,208662528.0,71.575,847905.0,0.0
747,105988752.0,211101366.0,1324.839994,811692032.0,208662528.0,66.218,847947.0,0.0
752,105988752.0,211101366.0,1324.872526,811692032.0,208662528.0,65.244,847947.0,0.0
757,106129412.0,224296811.0,1327.557081,853843968.0,208662528.0,68.653,875479.0,0.0
762,106129454.0,224296853.0,1341.33213,856059904.0,208662528.0,68.653,876030.0,0.0
767,106129454.0,224296853.0,1348.916006,863293440.0,208662528.0,70.114,877824.0,0.0
772,106129454.0,224296853.0,1365.724262,837820416.0,208662528.0,69.627,878868.0,0.0
777,106129454.0,224296853.0,1377.11645,854241280.0,208662528.0,71.575,882941.0,0.0
782,106129454.0,224296853.0,1387.046726,861167616.0,208662528.0,71.088,884633.0,0.0
787,106129454.0,224296853.0,1399.555559,861270016.0,208662528.0,72.062,884658.0,0.0
792,106129454.0,224296853.0,1412.158687,861278208.0,208662528.0,70.114,884660.0,0.0
798,106129454.0,224296853.0,1423.401404,861433856.0,208662528.0,70.601,884723.0,0.0
803,119116653.0,224312630.0,1430.213025,754466816.0,208662528.0,66.705,896131.0,0.0
808,119254876.0,237050644.0,1430.38613,754999296.0,208662528.0,67.679,896209.0,0.0
813,119257450.0,237497287.0,1442.612093,821252096.0,208662528.0,70.601,912380.0,0.0
818,119257450.0,237497287.0,1453.408365,821370880.0,208662528.0,70.601,912409.0,0.0
823,119257450.0,237497287.0,1456.929104,821313536.0,208662528.0,65.731,912420.0,0.0
828,119257450.0,237497287.0,1456.960074,821313536.0,208662528.0,66.218,912420.0,0.0
833,119257450.0,237497287.0,1468.155053,821456896.0,208662528.0,70.114,912443.0,0.0
838,119257450.0,237497287.0,1481.086629,821493760.0,208662528.0,70.601,912452.0,0.0
843,119399562.0,250681710.0,1487.543064,862539776.0,208662528.0,70.601,939898.0,0.0
848,119399646.0,250681794.0,1501.726302,862535680.0,208662528.0,69.627,939902.0,0.0
854,119399646.0,250681794.0,1514.189445,862543872.0,208662528.0,70.601,939904.0,0.0
859,119399646.0,250681794.0,1526.004321,862552064.0,208662528.0,69.627,939906.0,0.0
864,119399646.0,250681794.0,1537.371391,862851072.0,208662528.0,71.575,939979.0,0.0
869,119399646.0,250681794.0,1550.964398,862875648.0,208662528.0,71.088,939985.0,0.0
874,119399646.0,250681794.0,1561.877437,862883840.0,208662528.0,70.601,939987.0,0.0
879,119399646.0,250681794.0,1573.367737,863125504.0,208662528.0,70.601,940060.0,0.0
884,119399646.0,250681794.0,1586.152727,863518720.0,208662528.0,70.114,940105.0,0.0
889,132386911.0,250697769.0,1588.993179,756396032.0,208662528.0,66.218,951507.0,0.0
894,132386995.0,250697853.0,1589.005991,756396032.0,208662528.0,68.653,951507.0,0.0
899,132526430.0,263878838.0,1603.674791,822665216.0,208662528.0,70.601,967555.0,0.0
904,132526430.0,263878838.0,1615.688557,822476800.0,208662528.0,68.166,967589.0,0.0
909,132526430.0,263878838.0,1615.724613,822452224.0,208662528.0,67.192,967589.0,0.0
915,132526430.0,263878838.0,1625.187098,822845440.0,208662528.0,69.14,967612.0,0.0
920,132526430.0,263878838.0,1639.580918,822878208.0,208662528.0,69.14,967620.0,0.0
925,132675010.0,277077055.0,1645.643458,765386752.0,208662528.0,69.14,1007199.0,0.0
930,132675052.0,277077097.0,1660.096924,779341824.0,208662528.0,69.627,1010674.0,0.0
935,132675052.0,277077097.0,1671.502733,782409728.0,208662528.0,70.114,1011392.0,0.0
940,132675052.0,277077097.0,1683.839534,782311424.0,208662528.0,69.627,1011399.0,0.0
945,132675052.0,277077097.0,1695.304607,782626816.0,208662528.0,70.114,1011476.0,0.0
950,132675052.0,277077097.0,1706.540288,782663680.0,208662528.0,69.14,1011485.0,0.0
955,132675052.0,277077097.0,1721.022309,782680064.0,208662528.0,70.601,1011489.0,0.0
960,132675052.0,277077097.0,1730.956434,782843904.0,208662528.0,72.062,1011520.0,0.0
966,132675052.0,277077167.0,1738.306883,783220736.0,208662528.0,70.114,1011576.0,0.0
971,145662317.0,277093142.0,1747.059753,737820672.0,208662528.0,67.679,1035039.0,0.0
976,145662401.0,277093226.0,1747.080696,737562624.0,208662528.0,69.14,1035039.0,0.0
981,145763886.0,290270185.0,1760.756036,819183616.0,208662528.0,70.601,1054895.0,0.0
986,145763886.0,290270185.0,1771.82081,819503104.0,208662528.0,70.601,1054922.0,0.0
991,145763886.0,290270185.0,1784.064708,819421184.0,208662528.0,72.549,1054966.0,0.0
996,145763886.0,290270185.0,1796.692807,819449856.0,208662528.0,70.114,1054973.0,0.0
1001,145764187.0,290270360.0,1801.129628,748388352.0,208662528.0,66.705,1055017.0,0.0
1006,145764229.0,290270402.0,1801.169406,748384256.0,208662528.0,66.218,1055017.0,0.0
1011,145893764.0,303447588.0,1805.558399,864628736.0,208662528.0,68.166,1083304.0,0.0
1016,145893764.0,303447588.0,1818.588832,864645120.0,208662528.0,69.14,1083308.0,0.0
1021,145893764.0,303447588.0,1828.124868,864653312.0,208662528.0,70.601,1083310.0,0.0
1026,145893764.0,303447588.0,1840.520783,864661504.0,208662528.0,71.088,1083312.0,0.0
1031,145893764.0,303447588.0,1854.284118,864669696.0,208662528.0,71.088,1083314.0,0.0
1036,145893764.0,303447588.0,1862.376791,864690176.0,208662528.0,70.601,1083319.0,0.0
1042,145893764.0,303447588.0,1878.489324,864702464.0,208662528.0,70.601,1083322.0,0.0
1047,145893764.0,303447588.0,1889.964678,864731136.0,208662528.0,70.601,1083342.0,0.0
1052,145893764.0,303447588.0,1901.081501,864862208.0,208662528.0,72.062,1083386.0,0.0
1057,158881095.0,303463563.0,1905.944902,757858304.0,208662528.0,66.705,1094906.0,0.0
1062,159029854.0,316661924.0,1908.627546,824459264.0,208662528.0,70.114,1111183.0,0.0
1067,159029854.0,316661924.0,1917.151639,824770560.0,208662528.0,70.601,1111201.0,0.0
1072,159029854.0,316661924.0,1932.885886,824922112.0,208662528.0,72.062,1111242.0,0.0
1077,159029854.0,316661924.0,1944.816655,825536512.0,208662528.0,72.062,1111396.0,0.0
1082,159029854.0,316661924.0,1958.128628,825311232.0,208662528.0,71.088,1111404.0,0.0
1087,159030155.0,316662099.0,1960.212678,754225152.0,208662528.0,67.679,1111443.0,0.0
1092,159030155.0,316662099.0,1960.250618,754225152.0,208662528.0,66.218,1111443.0,0.0
1098,159174144.0,329860537.0,1964.546844,870858752.0,208662528.0,68.166,1139767.0,0.0
1103,159174144.0,329860537.0,1977.178082,870612992.0,208662528.0,69.14,1139767.0,0.0
1108,159174144.0,329860537.0,1986.526663,870612992.0,208662528.0,69.627,1139767.0,0.0
1113,159174144.0,329860537.0,2000.361874,870875136.0,208662528.0,70.114,1139768.0,0.0
1118,159174144.0,329860537.0,2011.003747,870879232.0,208662528.0,70.114,1139770.0,0.0
1123,159174144.0,329860537.0,2024.680474,870895616.0,208662528.0,71.088,1139773.0,0.0
1128,159174144.0,329860537.0,2034.769569,870649856.0,208662528.0,69.627,1139776.0,0.0
1133,159174144.0,329860537.0,2048.126836,870674432.0,208662528.0,72.062,1139794.0,0.0
1138,159174144.0,329860537.0,2061.235581,870817792.0,208662528.0,70.601,1139841.0,0.0
1143,172161409.0,329876512.0,2064.946084,764387328.0,208662528.0,66.218,1151352.0,0.0
1148,172306892.0,343070145.0,2065.243594,794980352.0,208662528.0,70.114,1158825.0,0.0
1154,172306892.0,343070145.0,2077.095924,831156224.0,208662528.0,72.062,1167523.0,0.0
1159,172306892.0,343070145.0,2089.421053,831025152.0,208662528.0,71.088,1167554.0,0.0
1164,172306892.0,343070145.0,2103.181924,831102976.0,208662528.0,72.549,1167586.0,0.0
1169,172306892.0,343070145.0,2115.683933,831131648.0,208662528.0,71.575,1167593.0,0.0
1174,172449202.0,356266184.0,2120.22678,872566784.0,208662528.0,70.114,1194992.0,0.0
1179,172449202.0,356266184.0,2131.011733,872103936.0,208662528.0,71.088,1194992.0,0.0
1184,172449202.0,356266184.0,2143.220509,872103936.0,208662528.0,71.088,1194992.0,0.0
1189,172449202.0,356266184.0,2156.443635,872108032.0,208662528.0,72.062,1194993.0,0.0
1194,172449202.0,356266184.0,2169.908532,872128512.0,208662528.0,71.088,1194998.0,0.0
1199,172449202.0,356266184.0,2180.679744,872148992.0,208662528.0,71.575,1195003.0,0.0
1204,172449202.0,356266184.0,2193.298387,872558592.0,208662528.0,70.601,1195040.0,0.0
1209,172449202.0,356266184.0,2205.151105,872316928.0,208662528.0,71.575,1195044.0,0.0
1214,172449202.0,356266184.0,2217.744775,872472576.0,208662528.0,71.575,1195107.0,0.0
1219,185436599.0,356282093.0,2224.045672,766787584.0,208662528.0,68.653,1206827.0,0.0
1224,185436599.0,356282093.0,2224.076531,766783488.0,208662528.0,67.192,1206827.0,0.0
1230,185568882.0,369460546.0,2246.383042,833601536.0,208662528.0,71.088,1223070.0,0.0
1235,185568882.0,369460546.0,2258.563292,833708032.0,208662528.0,71.088,1223109.0,0.0
1240,185568882.0,369460546.0,2270.245651,833736704.0,208662528.0,72.549,1223116.0,0.0
1245,185569183.0,369460721.0,2278.052676,762318848.0,208662528.0,67.679,1223158.0,0.0
1250,185569183.0,369460721.0,2278.077644,762257408.0,208662528.0,65.731,1223158.0,0.0
1255,185569183.0,369460721.0,2278.092034,762257408.0,208662528.0,67.679,1223158.0,0.0
1260,185712776.0,382650249.0,2288.46739,875130880.0,208662528.0,69.14,1250625.0,0.0
1265,185712776.0,382650249.0,2301.836175,875130880.0,208662528.0,69.627,1250625.0,0.0
1270,185712776.0,382650249.0,2315.051897,875147264.0,208662528.0,69.627,1250629.0,0.0
1275,185712776.0,382650249.0,2327.956306,875155456.0,208662528.0,70.601,1250631.0,0.0
1280,185712776.0,382650249.0,2336.930417,875163648.0,208662528.0,70.114,1250633.0,0.0
1285,185712776.0,382650249.0,2350.717869,875184128.0,208662528.0,71.088,1250638.0,0.0
1290,185712776.0,382650249.0,2361.406469,875192320.0,208662528.0,71.088,1250640.0,0.0
1296,185712776.0,382650249.0,2376.343226,875622400.0,208662528.0,71.575,1250708.0,0.0
1301,188598322.0,382652932.0,2382.987303,802009088.0,208662528.0,68.166,1262102.0,0.0
1306,198842710.0,395861003.0,2383.330034,799531008.0,208662528.0,70.114,1269814.0,0.0
1311,198842752.0,395861045.0,2395.351796,835571712.0,208662528.0,71.575,1278512.0,0.0
1316,198842752.0,395861045.0,2405.310827,835670016.0,208662528.0,71.575,1278536.0,0.0
1321,198842752.0,395861045.0,2418.965034,835534848.0,208662528.0,72.062,1278578.0,0.0
1326,198842752.0,395861045.0,2431.218961,835559424.0,208662528.0,71.575,1278584.0,0.0
1331,198991398.0,409058800.0,2439.282635,877182976.0,208662528.0,70.601,1306113.0,0.0
1336,198991398.0,409058800.0,2450.358339,876982272.0,208662528.0,70.114,1306113.0,0.0
1341,198991398.0,409058800.0,2463.356434,876994560.0,208662528.0,71.575,1306115.0,0.0
1346,198991398.0,409058800.0,2474.724436,876994560.0,208662528.0,70.114,1306115.0,0.0
1351,198991398.0,409058800.0,2485.372073,877264896.0,208662528.0,71.575,1306118.0,0.0
1357,198991398.0,409058800.0,2496.614702,877015040.0,208662528.0,71.575,1306120.0,0.0
1362,198991398.0,409058800.0,2512.141043,877027328.0,208662528.0,71.575,1306123.0,0.0
1367,198991398.0,409058800.0,2523.496428,877039616.0,208662528.0,71.575,1306126.0,0.0
1372,198991398.0,409058800.0,2535.839094,877449216.0,208662528.0,72.062,1306189.0,0.0
1377,211978861.0,409074709.0,2542.383826,769220608.0,208662528.0,68.653,1317544.0,0.0
1382,212121350.0,422270562.0,2543.08882,835883008.0,208662528.0,69.627,1333600.0,0.0
1387,212121350.0,422270562.0,2556.209232,835629056.0,208662528.0,71.088,1333627.0,0.0
1392,212121350.0,422270562.0,2569.507762,835526656.0,208662528.0,72.062,1333665.0,0.0
1397,212121350.0,422270562.0,2580.065717,728891392.0,208662528.0,73.523,1345272.0,0.0
1402,212121350.0,422270562.0,2593.937796,728780800.0,208662528.0,71.575,1345304.0,0.0
1407,212241550.0,435458483.0,2598.312751,839614464.0,208662528.0,70.601,1386493.0,0.0
1412,212241550.0,435458483.0,2609.458746,859291648.0,208662528.0,71.575,1391341.0,0.0
1417,212241550.0,435458483.0,2622.727884,860291072.0,208662528.0,71.088,1391478.0,0.0
1423,212241550.0,435458483.0,2635.758308,859992064.0,208662528.0,71.088,1391515.0,0.0
1428,212241550.0,435458483.0,2647.251708,860016640.0,208662528.0,71.575,1391521.0,0.0
1433,212241550.0,435458483.0,2660.706793,860065792.0,208662528.0,72.062,1391533.0,0.0
1438,212241550.0,435458483.0,2672.27508,860606464.0,208662528.0,71.088,1391543.0,0.0
1443,212241550.0,435458483.0,2682.404257,860483584.0,208662528.0,71.575,1391572.0,0.0
1448,212241550.0,435458483.0,2697.232424,862494720.0,208662528.0,73.036,1392152.0,0.0
1453,225229013.0,435474788.0,2701.309664,765018112.0,208662528.0,68.166,1406270.0,0.0
1458,225309444.0,448558423.0,2702.003473,832368640.0,208662528.0,70.114,1422573.0,0.0
1463,225309486.0,448558465.0,2714.398887,832278528.0,208662528.0,72.062,1422622.0,0.0
1468,225309486.0,448558465.0,2726.586276,832413696.0,208662528.0,72.549,1422655.0,0.0
1473,225309486.0,448558465.0,2741.111089,832516096.0,208662528.0,72.062,1422693.0,0.0
1478,225309486.0,448558465.0,2751.102233,832536576.0,208662528.0,71.088,1422698.0,0.0
1483,225309787.0,448558640.0,2755.351828,761466880.0,208662528.0,67.679,1422740.0,0.0
1488,225309787.0,448558640.0,2755.375317,761466880.0,208662528.0,67.192,1422740.0,0.0
1494,225455426.0,461758728.0,2762.34615,876343296.0,208662528.0,70.114,1450705.0,0.0
1499,225455426.0,461758728.0,2774.655554,879222784.0,208662528.0,71.088,1451362.0,0.0
1504,225455426.0,461758728.0,2784.400174,879034368.0,208662528.0,71.088,1451362.0,0.0
1509,225455426.0,461758728.0,2796.070982,879038464.0,208662528.0,71.088,1451363.0,0.0
1514,225455426.0,461758728.0,2809.730729,879054848.0,208662528.0,71.575,1451367.0,0.0
1519,225455426.0,461758728.0,2821.229713,879063040.0,208662528.0,72.062,1451369.0,0.0
1524,225455426.0,461758728.0,2835.071492,879075328.0,208662528.0,72.062,1451372.0,0.0
1529,225455426.0,461758728.0,2847.271184,879411200.0,208662528.0,72.549,1451404.0,0.0
1534,225455426.0,461758728.0,2859.014526,879263744.0,208662528.0,70.114,1451442.0,0.0
1539,238442691.0,461774769.0,2860.340653,771850240.0,208662528.0,68.653,1462815.0,0.0
1544,238554910.0,474942464.0,2868.039137,847724544.0,208662528.0,71.088,1481204.0,0.0
1549,238554910.0,474942464.0,2880.913276,847585280.0,208662528.0,72.062,1481281.0,0.0
1554,238554910.0,474942464.0,2905.991125,848031744.0,208662528.0,72.062,1481353.0,0.0
1560,238555211.0,474942639.0,2914.527599,776568832.0,208662528.0,70.601,1481395.0,0.0
1565,238674912.0,488109595.0,2924.908215,888737792.0,208662528.0,71.088,1508776.0,0.0
1570,238674912.0,488109595.0,2936.723298,888737792.0,208662528.0,72.062,1508776.0,0.0
1575,238674912.0,488109595.0,2948.300037,888741888.0,208662528.0,71.088,1508777.0,0.0
1580,238674912.0,488109595.0,2960.573055,888754176.0,208662528.0,72.062,1508780.0,0.0
1585,238674912.0,488109595.0,2972.954835,888770560.0,208662528.0,71.088,1508784.0,0.0
1590,238674912.0,488109595.0,2984.205154,888782848.0,208662528.0,72.062,1508787.0,0.0
1595,238674912.0,488109595.0,2994.141385,889049088.0,208662528.0,71.088,1508790.0,0.0
1600,238674912.0,488109595.0,3001.902649,888725504.0,208662528.0,67.192,1508797.0,0.0
1605,238674912.0,488109595.0,3005.327659,888864768.0,208662528.0,71.575,1508820.0,0.0
1610,238674912.0,488109595.0,3018.910471,806912000.0,208662528.0,68.653,1508873.0,0.0
1615,251799236.0,501313287.0,3023.57496,850350080.0,208662528.0,71.575,1537078.0,0.0
1620,251799278.0,501313329.0,3036.123178,850440192.0,208662528.0,72.549,1537105.0,0.0
1625,251799278.0,501313329.0,3049.128904,850358272.0,208662528.0,72.062,1537156.0,0.0
1630,251799278.0,501313329.0,3061.966415,850382848.0,208662528.0,72.549,1537162.0,0.0
1636,251799278.0,501313329.0,3072.819705,850317312.0,208662528.0,69.627,1537208.0,0.0
1641,251799579.0,501313504.0,3073.294892,778215424.0,208662528.0,68.166,1537208.0,0.0
1646,251799579.0,501313504.0,3073.330214,778215424.0,208662528.0,67.192,1537208.0,0.0
1651,251946340.0,514508048.0,3083.057243,808620032.0,208662528.0,71.088,1564592.0,0.0
1656,251946340.0,514508048.0,3094.750005,808620032.0,208662528.0,71.088,1564592.0,0.0
1661,251946340.0,514508048.0,3106.484451,808620032.0,208662528.0,71.575,1564592.0,0.0
1666,251946340.0,514508048.0,3119.335368,808636416.0,208662528.0,70.114,1564595.0,0.0
1671,251946340.0,514508048.0,3127.996434,808648704.0,208662528.0,70.601,1564598.0,0.0
1676,251946340.0,514508048.0,3143.169953,808660992.0,208662528.0,71.088,1564601.0,0.0
1681,251946340.0,514508048.0,3153.396486,808931328.0,208662528.0,72.549,1564604.0,0.0
1686,251946340.0,514508048.0,3167.958908,809017344.0,208662528.0,72.062,1564642.0,0.0
1692,264933737.0,514524155.0,3177.877994,784392192.0,208662528.0,68.653,1576047.0,0.0
1697,264933737.0,514524155.0,3177.890648,783982592.0,208662528.0,69.627,1576047.0,0.0
1702,265060410.0,527698318.0,3192.482514,851267584.0,208662528.0,71.575,1592349.0,0.0
1707,265060410.0,527698318.0,3201.213391,851111936.0,208662528.0,73.036,1592371.0,0.0
1712,265060410.0,527698318.0,3212.966533,851222528.0,208662528.0,72.549,1592411.0,0.0
1717,265060410.0,527698318.0,3228.542968,851255296.0,208662528.0,71.575,1592419.0,0.0
1722,265060410.0,527698318.0,3231.211888,851329024.0,208662528.0,67.192,1592460.0,0.0
1727,265060410.0,527698318.0,3231.234958,851329024.0,208662528.0,66.218,1592460.0,0.0
1732,265191566.0,540879375.0,3235.380051,892239872.0,208662528.0,69.627,1619982.0,0.0
1737,265191608.0,540879417.0,3245.593282,892239872.0,208662528.0,71.575,1619982.0,0.0
1742,265191608.0,540879417.0,3258.759424,892239872.0,208662528.0,70.601,1619982.0,0.0
1747,265191608.0,540879417.0,3270.967172,892239872.0,208662528.0,70.601,1619982.0,0.0
1752,265191608.0,540879417.0,3282.372444,892239872.0,208662528.0,70.601,1619982.0,0.0
1757,265191608.0,540879417.0,3297.364355,892256256.0,208662528.0,71.575,1619986.0,0.0
1763,265191608.0,540879417.0,3309.540343,893579264.0,208662528.0,71.575,1620309.0,0.0
1768,265191608.0,540879417.0,3319.646146,893812736.0,208662528.0,72.549,1620327.0,0.0
1773,265191608.0,540879417.0,3327.739878,894169088.0,208662528.0,71.575,1620373.0,0.0
1778,265191608.0,540879417.0,3335.800813,893726720.0,208662528.0,68.653,1620387.0,0.0
1783,278263792.0,553992557.0,3337.376951,855556096.0,208662528.0,68.166,1648338.0,0.0
1788,278263834.0,553992599.0,3348.017393,855138304.0,208662528.0,71.575,1648360.0,0.0
1793,278263834.0,553992599.0,3360.001949,855257088.0,208662528.0,72.062,1648389.0,0.0
1798,278263834.0,553992599.0,3373.586365,855355392.0,208662528.0,73.036,1648424.0,0.0
1803,278263834.0,553992599.0,3387.958032,855392256.0,208662528.0,72.062,1648433.0,0.0
1808,278264135.0,553992774.0,3390.622663,781324288.0,208662528.0,68.166,1648471.0,0.0
1813,278264135.0,553992774.0,3390.648506,781324288.0,208662528.0,66.705,1648471.0,0.0
1818,278264135.0,553992774.0,3390.667453,781324288.0,208662528.0,65.731,1648471.0,0.0
1824,278264135.0,553992774.0,3390.687039,781324288.0,208662528.0,64.757,1648471.0,0.0
1829,278400402.0,567172864.0,3395.058287,894009344.0,208662528.0,69.14,1675891.0,0.0
1834,278400444.0,567172906.0,3406.4994,894009344.0,208662528.0,70.114,1675891.0,0.0
1839,278400444.0,567172906.0,3422.103627,894013440.0,208662528.0,70.114,1675892.0,0.0
1844,278400444.0,567172906.0,3434.163101,894021632.0,208662528.0,70.601,1675894.0,0.0
1849,278400444.0,567172906.0,3445.705449,894046208.0,208662528.0,71.088,1675900.0,0.0
1854,278400444.0,567172906.0,3456.948286,894066688.0,208662528.0,70.114,1675905.0,0.0
1859,278400444.0,567172906.0,3469.962934,894341120.0,208662528.0,71.575,1675909.0,0.0
1864,278400444.0,567172906.0,3477.993743,894033920.0,208662528.0,67.192,1675913.0,0.0
1869,278400444.0,567172906.0,3478.965201,894119936.0,208662528.0,70.601,1675930.0,0.0
1874,278400444.0,567172906.0,3490.228411,894517248.0,208662528.0,70.114,1675976.0,0.0
1879,291521666.0,580364124.0,3500.15111,758452224.0,208662528.0,71.575,1713123.0,0.0
1884,291521708.0,580364166.0,3522.865302,758816768.0,208662528.0,67.679,1713228.0,0.0
1890,291521708.0,580364166.0,3522.88709,758779904.0,208662528.0,65.731,1713228.0,0.0
1895,291521708.0,580364166.0,3528.764465,759201792.0,208662528.0,70.601,1713258.0,0.0
1900,291521708.0,580364166.0,3540.36875,758988800.0,208662528.0,71.088,1713268.0,0.0
1905,291522009.0,580364341.0,3550.061749,701079552.0,208662528.0,69.627,1713388.0,0.0
1910,291641710.0,593568851.0,3558.985356,873074688.0,208662528.0,69.627,1755197.0,0.0
1915,291641710.0,593568851.0,3573.496486,875159552.0,208662528.0,71.088,1755745.0,0.0
1920,291641710.0,593568851.0,3583.617032,875003904.0,208662528.0,70.601,1755766.0,0.0
1925,291641710.0,593568851.0,3595.784799,875036672.0,208662528.0,71.088,1755774.0,0.0
1930,291641710.0,593568921.0,3609.021066,875352064.0,208662528.0,71.575,1755851.0,0.0
1935,291641710.0,593568921.0,3620.554633,875372544.0,208662528.0,72.062,1755856.0,0.0
1941,291641710.0,593568921.0,3633.645279,878473216.0,208662528.0,71.088,1756613.0,0.0
1946,291641710.0,593568921.0,3646.382469,878600192.0,208662528.0,73.036,1756656.0,0.0
1951,304628975.0,593584566.0,3655.561383,787374080.0,208662528.0,69.14,1771981.0,0.0
1956,304629059.0,593584650.0,3655.581795,787030016.0,208662528.0,66.705,1771981.0,0.0
1961,304718796.0,606697985.0,3665.533341,854355968.0,208662528.0,71.088,1788348.0,0.0
1966,304718796.0,606697985.0,3676.875891,854462464.0,208662528.0,71.088,1788374.0,0.0
1971,304718796.0,606697985.0,3689.560807,854728704.0,208662528.0,72.062,1788450.0,0.0
1976,304718796.0,606697985.0,3702.845226,854757376.0,208662528.0,73.036,1788457.0,0.0
1981,304719097.0,606698160.0,3709.804349,782696448.0,208662528.0,69.14,1788507.0,0.0
1986,304861238.0,619895410.0,3717.353841,898494464.0,208662528.0,71.088,1816740.0,0.0
1992,304861238.0,619895410.0,3731.102424,898502656.0,208662528.0,70.601,1816742.0,0.0
1997,304861238.0,619895410.0,3743.909243,898506752.0,208662528.0,71.088,1816743.0,0.0
2002,304861238.0,619895410.0,3755.071416,898519040.0,208662528.0,71.575,1816746.0,0.0
2007,304861238.0,619895410.0,3769.051056,898535424.0,208662528.0,70.114,1816750.0,0.0
2012,304861238.0,619895410.0,3779.901814,898555904.0,208662528.0,71.575,1816754.0,0.0
2017,304861238.0,619895410.0,3793.191009,898572288.0,208662528.0,71.575,1816758.0,0.0
2022,304861238.0,619895410.0,3805.355146,898674688.0,208662528.0,71.575,1816795.0,0.0
2027,317848569.0,619911517.0,3815.096655,822538240.0,208662528.0,69.14,1828354.0,0.0
2032,317848611.0,619911559.0,3815.112981,822538240.0,208662528.0,67.679,1828354.0,0.0
2037,317967124.0,633074724.0,3826.195723,858783744.0,208662528.0,72.062,1837071.0,0.0
2042,317967124.0,633074724.0,3836.552505,858624000.0,208662528.0,72.062,1837095.0,0.0
2047,317967124.0,633074724.0,3848.501254,858746880.0,208662528.0,71.575,1837138.0,0.0
2053,317967124.0,633074724.0,3860.700429,858775552.0,208662528.0,72.062,1837145.0,0.0
2058,317967425.0,633074899.0,3869.537463,785182720.0,208662528.0,68.166,1837187.0,0.0
2063,317967425.0,633074899.0,3869.565583,785182720.0,208662528.0,66.218,1837187.0,0.0
2068,317967425.0,633074899.0,3869.590531,785182720.0,208662528.0,66.218,1837187.0,0.0
2073,317967425.0,633074899.0,3869.619862,785182720.0,208662528.0,66.218,1837187.0,0.0
2078,318104220.0,646255517.0,3874.051138,905744384.0,208662528.0,68.653,1866533.0,0.0
2083,318104262.0,646255559.0,3885.303853,905752576.0,208662528.0,69.627,1866535.0,0.0
2088,318104262.0,646255559.0,3896.355606,905756672.0,208662528.0,70.601,1866536.0,0.0
2093,318104262.0,646255559.0,3909.333654,905773056.0,208662528.0,70.114,1866540.0,0.0
2098,318104262.0,646255559.0,3922.520961,906055680.0,208662528.0,71.088,1866546.0,0.0
2103,318104262.0,646255559.0,3934.213724,905826304.0,208662528.0,69.14,1866553.0,0.0
2109,318104262.0,646255559.0,3944.846913,905834496.0,208662528.0,70.601,1866555.0,0.0
2114,318104262.0,646255559.0,3956.665536,905846784.0,208662528.0,69.14,1866558.0,0.0
2119,318104262.0,646255559.0,3957.663636,905760768.0,208662528.0,69.14,1866560.0,0.0
2124,318104262.0,646255559.0,3967.21588,906215424.0,208662528.0,69.627,1866620.0,0.0
2129,331224098.0,659449483.0,3975.675628,830550016.0,208662528.0,70.114,1887319.0,0.0
2134,331224140.0,659449525.0,3989.079784,844615680.0,208662528.0,72.062,1890693.0,0.0
2139,331224140.0,659449525.0,4000.148323,844992512.0,208662528.0,71.088,1890722.0,0.0
2144,331224140.0,659449525.0,4011.7896,844812288.0,208662528.0,72.549,1890752.0,0.0
2149,331224140.0,659449525.0,4025.523082,844845056.0,208662528.0,71.575,1890760.0,0.0
2154,331224441.0,659449700.0,4029.418742,775352320.0,208662528.0,67.679,1890803.0,0.0
2159,331224441.0,659449700.0,4029.451623,775303168.0,208662528.0,66.218,1890803.0,0.0
2164,331371112.0,672646728.0,4043.815067,890007552.0,208662528.0,69.627,1918714.0,0.0
2170,331371112.0,672646728.0,4057.320927,890007552.0,208662528.0,70.601,1918714.0,0.0
2175,331371112.0,672646728.0,4067.012656,890007552.0,208662528.0,71.088,1918714.0,0.0
2180,331371112.0,672646728.0,4083.046845,890019840.0,208662528.0,71.575,1918717.0,0.0
2185,331371112.0,672646728.0,4093.330678,890032128.0,208662528.0,70.601,1918720.0,0.0
2190,331371112.0,672646728.0,4106.994642,890044416.0,208662528.0,72.062,1918723.0,0.0
2195,331371112.0,672646728.0,4117.612008,890015744.0,208662528.0,68.166,1918726.0,0.0
2200,331371112.0,672646728.0,4117.624472,889966592.0,208662528.0,69.627,1918726.0,0.0
2205,331371112.0,672646728.0,4128.945955,890208256.0,208662528.0,71.088,1918787.0,0.0
2210,344445672.0,685753664.0,4135.295256,816414720.0,208662528.0,69.627,1938259.0,0.0
2215,344445714.0,685753706.0,4145.35568,852303872.0,208662528.0,72.062,1946954.0,0.0
2220,344445714.0,685753706.0,4158.925972,852664320.0,208662528.0,71.088,1946988.0,0.0
2225,344445714.0,685753706.0,4162.199384,852402176.0,208662528.0,67.192,1946998.0,0.0
2230,344445714.0,685753706.0,4162.216871,852389888.0,208662528.0,66.705,1946998.0,0.0
2235,344445714.0,685753706.0,4170.434139,852779008.0,208662528.0,69.627,1947021.0,0.0
2241,344445714.0,685753706.0,4185.403589,852553728.0,208662528.0,70.601,1947028.0,0.0
2246,344569676.0,698920969.0,4191.956665,892612608.0,208662528.0,71.088,1974429.0,0.0
2251,344569676.0,698920969.0,4201.818009,892612608.0,208662528.0,70.601,1974429.0,0.0
2256,344569676.0,698920969.0,4213.085066,892612608.0,208662528.0,71.575,1974429.0,0.0
2261,344569676.0,698920969.0,4228.007276,892616704.0,208662528.0,70.114,1974430.0,0.0
2266,344569676.0,698920969.0,4241.882009,892887040.0,208662528.0,69.627,1974433.0,0.0
2271,344569676.0,698920969.0,4252.917052,892641280.0,208662528.0,70.601,1974436.0,0.0
2276,344569676.0,698920969.0,4266.175212,892653568.0,208662528.0,71.575,1974439.0,0.0
2281,344569676.0,698920969.0,4276.580321,892657664.0,208662528.0,71.575,1974440.0,0.0
2286,344569676.0,698920969.0,4288.753158,892813312.0,208662528.0,71.575,1974504.0,0.0
2291,357556875.0,698936746.0,4294.114519,785829888.0,208662528.0,67.192,1985861.0,0.0
2297,357693250.0,712120677.0,4294.734105,862158848.0,208662528.0,70.601,2004457.0,0.0
2302,357693250.0,712120677.0,4308.178816,862445568.0,208662528.0,71.088,2004497.0,0.0
2307,357693250.0,712120677.0,4320.157403,862756864.0,208662528.0,68.166,2004527.0,0.0
2312,357693250.0,712120677.0,4321.578993,862494720.0,208662528.0,66.218,2004533.0,0.0
2317,357693250.0,712120677.0,4323.76725,862744576.0,208662528.0,68.653,2004554.0,0.0
2322,357693250.0,712120677.0,4334.75702,862646272.0,208662528.0,71.088,2004559.0,0.0
2327,357693250.0,712120677.0,4347.06467,862670848.0,208662528.0,69.627,2004565.0,0.0
2332,357693551.0,712120852.0,4348.607785,791183360.0,208662528.0,65.731,2004604.0,0.0
2337,357693635.0,712120936.0,4348.636889,791183360.0,208662528.0,66.218,2004604.0,0.0
2342,357825942.0,725302346.0,4356.061279,903835648.0,208662528.0,69.627,2031986.0,0.0
2347,357825942.0,725302346.0,4368.588626,903720960.0,208662528.0,70.114,2031988.0,0.0
2352,357825942.0,725302346.0,4379.94153,903720960.0,208662528.0,70.601,2031988.0,0.0
2357,357825942.0,725302346.0,4392.672228,903725056.0,208662528.0,71.088,2031989.0,0.0
2362,357825942.0,725302346.0,4405.182411,903737344.0,208662528.0,71.088,2031992.0,0.0
2367,357825942.0,725302346.0,4416.631851,904192000.0,208662528.0,70.114,2032040.0,0.0
2373,357825942.0,725302346.0,4431.831344,904208384.0,208662528.0,71.088,2032044.0,0.0
2378,357825942.0,725302346.0,4441.595471,904028160.0,208662528.0,70.114,2032075.0,0.0
2383,357825942.0,725302346.0,4450.761988,753954816.0,208662528.0,69.627,2039419.0,0.0
2388,370833479.0,725318345.0,4454.253333,734261248.0,208662528.0,66.705,2069215.0,0.0
2393,370946688.0,738517060.0,4461.800057,825077760.0,208662528.0,71.088,2091259.0,0.0
2398,370946688.0,738517060.0,4471.779588,825163776.0,208662528.0,71.575,2091280.0,0.0
2403,370946688.0,738517060.0,4486.083947,825204736.0,208662528.0,71.575,2091364.0,0.0
2408,370946688.0,738517060.0,4497.500931,825229312.0,208662528.0,72.549,2091370.0,0.0
2413,370946989.0,738517235.0,4507.766444,753594368.0,208662528.0,69.627,2091474.0,0.0
2418,370946989.0,738517235.0,4507.805617,753590272.0,208662528.0,66.705,2091474.0,0.0
2423,370946989.0,738517235.0,4507.820682,753590272.0,208662528.0,67.192,2091474.0,0.0
2428,371016002.0,751609479.0,4515.501987,891703296.0,208662528.0,69.627,2124980.0,0.0
2433,371016044.0,751609521.0,4529.922622,895950848.0,208662528.0,70.601,2126083.0,0.0
2438,371016044.0,751609521.0,4540.04294,896241664.0,208662528.0,70.601,2126154.0,0.0
2443,371016044.0,751609521.0,4554.426001,896454656.0,208662528.0,71.088,2126242.0,0.0
2449,371016044.0,751609521.0,4565.2549,896614400.0,208662528.0,69.627,2126248.0,0.0
2454,371016044.0,751609521.0,4577.131795,896651264.0,208662528.0,71.088,2126254.0,0.0
2459,371016044.0,751609521.0,4591.584801,896438272.0,208662528.0,70.601,2126265.0,0.0
2464,371016044.0,751609521.0,4602.01974,896798720.0,208662528.0,72.549,2126303.0,0.0
2469,371016044.0,751609521.0,4611.379367,896618496.0,208662528.0,71.088,2126336.0,0.0
2474,384003309.0,751625166.0,4612.285006,789929984.0,208662528.0,67.192,2137766.0,0.0
2479,384108598.0,764757221.0,4620.9615,863776768.0,208662528.0,71.088,2155729.0,0.0
2484,384108598.0,764757221.0,4634.898256,864161792.0,208662528.0,72.549,2155761.0,0.0
2489,384108598.0,764757221.0,4645.497195,864280576.0,208662528.0,72.062,2155802.0,0.0
2494,384108598.0,764757221.0,4658.939276,864051200.0,208662528.0,71.575,2155809.0,0.0
2499,384108899.0,764757396.0,4665.918944,786386944.0,208662528.0,68.166,2155855.0,0.0
2504,384192036.0,777844162.0,4673.397858,899825664.0,208662528.0,70.601,2183477.0,0.0
2509,384192078.0,777844204.0,4685.599368,899825664.0,208662528.0,70.601,2183477.0,0.0
2514,384192078.0,777844204.0,4699.354546,899825664.0,208662528.0,71.575,2183477.0,0.0
2519,384192078.0,777844204.0,4711.295908,899825664.0,208662528.0,70.601,2183477.0,0.0
2524,384192078.0,777844204.0,4735.553531,899850240.0,208662528.0,71.088,2183483.0,0.0
2530,384192078.0,777844204.0,4748.475894,900132864.0,208662528.0,72.549,2183489.0,0.0
2535,384192078.0,777844204.0,4753.430673,899792896.0,208662528.0,67.679,2183492.0,0.0
2540,384192078.0,777844204.0,4756.564462,899928064.0,208662528.0,70.601,2183514.0,0.0
2545,384192078.0,777844204.0,4767.961854,900042752.0,208662528.0,68.166,2183555.0,0.0
2550,397300298.0,791029218.0,4778.069776,859291648.0,208662528.0,72.062,2210970.0,0.0
2555,397300340.0,791029260.0,4791.592866,859418624.0,208662528.0,71.575,2211001.0,0.0
2560,397300340.0,791029260.0,4802.559544,859291648.0,208662528.0,73.523,2211041.0,0.0
2565,397300340.0,791029260.0,4813.954332,859316224.0,208662528.0,73.036,2211047.0,0.0
2570,397300641.0,791029435.0,4824.252604,787193856.0,208662528.0,69.14,2211090.0,0.0
2575,397423312.0,804203981.0,4832.965776,899723264.0,208662528.0,71.088,2238471.0,0.0
2580,397423312.0,804203981.0,4844.984865,899989504.0,208662528.0,71.088,2238473.0,0.0
2585,397423312.0,804203981.0,4856.149387,899739648.0,208662528.0,71.575,2238475.0,0.0
2591,397423312.0,804203981.0,4866.311627,899743744.0,208662528.0,71.575,2238476.0,0.0
2596,397423312.0,804203981.0,4881.647276,899764224.0,208662528.0,71.575,2238481.0,0.0
2601,397423312.0,804203981.0,4893.150338,899780608.0,208662528.0,70.601,2238485.0,0.0
2606,397423312.0,804203981.0,4902.376974,899784704.0,208662528.0,71.575,2238486.0,0.0
2611,397423312.0,804203981.0,4911.369038,899706880.0,208662528.0,67.679,2238491.0,0.0
2616,397423312.0,804203981.0,4914.229639,899842048.0,208662528.0,71.575,2238512.0,0.0
2621,397423312.0,804203981.0,4926.854345,900210688.0,208662528.0,68.653,2238553.0,0.0
2626,410513118.0,817384441.0,4934.323793,859996160.0,208662528.0,71.575,2266204.0,0.0
2631,410513160.0,817384483.0,4947.977932,860114944.0,208662528.0,72.549,2266233.0,0.0
2636,410513160.0,817384483.0,4961.359727,860254208.0,208662528.0,71.575,2266279.0,0.0
2641,410513160.0,817384483.0,4973.305325,860278784.0,208662528.0,73.036,2266285.0,0.0
2646,410513461.0,817384658.0,4982.050281,788246528.0,208662528.0,69.627,2266354.0,0.0
2651,410513503.0,817384700.0,4982.074478,788246528.0,208662528.0,67.679,2266354.0,0.0
2656,410572880.0,827068158.0,4982.245402,788873216.0,208662528.0,68.166,2266354.0,0.0
2662,410593076.0,830470146.0,4992.178276,897454080.0,208662528.0,70.601,2292931.0,0.0
2667,410593076.0,830470146.0,5001.776336,897454080.0,208662528.0,71.575,2292931.0,0.0
2672,410593076.0,830470146.0,5016.632434,897462272.0,208662528.0,70.601,2292933.0,0.0
2677,410593076.0,830470146.0,5029.04221,897466368.0,208662528.0,71.088,2292934.0,0.0
2682,410593076.0,830470146.0,5040.517079,897740800.0,208662528.0,71.088,2292940.0,0.0
2687,410593076.0,830470146.0,5053.997659,897503232.0,208662528.0,71.575,2292943.0,0.0
2692,410593076.0,830470146.0,5062.314085,897773568.0,208662528.0,70.601,2292947.0,0.0
2697,410593076.0,830470146.0,5069.472688,897437696.0,208662528.0,67.679,2292950.0,0.0
2702,410593076.0,830470146.0,5075.712188,897863680.0,208662528.0,71.575,2292982.0,0.0
2707,410593076.0,830470146.0,5086.334165,815685632.0,208662528.0,71.088,2293025.0,0.0
2712,423728002.0,843684110.0,5098.777348,861220864.0,208662528.0,71.575,2314174.0,0.0
2717,423728002.0,843684110.0,5109.032204,861323264.0,208662528.0,72.062,2314199.0,0.0
2722,423728002.0,843684110.0,5120.124745,861417472.0,208662528.0,72.549,2314235.0,0.0
2727,423728002.0,843684110.0,5135.712122,861454336.0,208662528.0,73.036,2314244.0,0.0
2732,423728303.0,843684285.0,5140.00671,789749760.0,208662528.0,68.653,2314290.0,0.0
2738,423728345.0,843684327.0,5140.050689,789749760.0,208662528.0,66.705,2314290.0,0.0
2743,423865602.0,856879993.0,5141.065829,902385664.0,208662528.0,67.679,2341652.0,0.0
2748,423865602.0,856879993.0,5152.633288,902180864.0,208662528.0,71.088,2341652.0,0.0
2753,423865602.0,856879993.0,5166.043853,902447104.0,208662528.0,70.114,2341656.0,0.0
2758,423865602.0,856879993.0,5179.05746,902201344.0,208662528.0,71.088,2341657.0,0.0
2763,423865602.0,856879993.0,5190.498147,902205440.0,208662528.0,69.627,2341658.0,0.0
2768,423865602.0,856879993.0,5203.623083,902225920.0,208662528.0,71.575,2341663.0,0.0
2773,423865602.0,856879993.0,5213.11453,902234112.0,208662528.0,71.575,2341665.0,0.0
2778,423865602.0,856879993.0,5227.574023,902250496.0,208662528.0,69.627,2341669.0,0.0
2783,423865602.0,856879993.0,5227.66475,902164480.0,208662528.0,69.627,2341671.0,0.0
2788,423865602.0,856879993.0,5237.009823,902406144.0,208662528.0,71.088,2341732.0,0.0
2793,436986956.0,870076491.0,5247.031179,861585408.0,208662528.0,71.575,2369113.0,0.0
2798,436986998.0,870076533.0,5258.203522,861679616.0,208662528.0,72.549,2369137.0,0.0
2803,436986998.0,870076533.0,5270.787012,861564928.0,208662528.0,73.036,2369170.0,0.0
2808,436986998.0,870076533.0,5285.425331,861638656.0,208662528.0,73.523,2369199.0,0.0
2814,436986998.0,870076533.0,5296.741708,861659136.0,208662528.0,70.601,2369204.0,0.0
2819,436986998.0,870076533.0,5297.75636,861716480.0,208662528.0,67.192,2369243.0,0.0
2824,436986998.0,870076533.0,5297.772831,861716480.0,208662528.0,66.705,2369243.0,0.0
2829,437134060.0,883275278.0,5304.358953,811511808.0,208662528.0,69.627,2411653.0,0.0
2834,437134102.0,883275320.0,5315.893598,828145664.0,208662528.0,70.114,2415729.0,0.0
2839,437134102.0,883275320.0,5327.46527,830676992.0,208662528.0,71.575,2416288.0,0.0
2844,437134102.0,883275320.0,5341.107582,830218240.0,208662528.0,70.114,2416297.0,0.0
2849,437134102.0,883275320.0,5354.288053,830238720.0,208662528.0,71.575,2416302.0,0.0
2854,437134102.0,883275320.0,5363.924322,830504960.0,208662528.0,70.601,2416304.0,0.0
2859,437134102.0,883275320.0,5379.115569,830296064.0,208662528.0,71.575,2416316.0,0.0
2865,437134102.0,883275320.0,5400.255672,830521344.0,208662528.0,71.575,2416395.0,0.0
2870,450121433.0,883291295.0,5404.219927,783634432.0,208662528.0,67.192,2439463.0,0.0
2875,450193500.0,896379700.0,5406.951037,857239552.0,208662528.0,69.627,2457391.0,0.0
2880,450193500.0,896379700.0,5416.647313,857452544.0,208662528.0,71.575,2457443.0,0.0
2885,450193500.0,896379700.0,5428.912818,857579520.0,208662528.0,72.062,2457474.0,0.0
2890,450193500.0,896379700.0,5440.960816,857677824.0,208662528.0,72.549,2457511.0,0.0
2895,450193500.0,896379700.0,5454.98262,857706496.0,208662528.0,72.062,2457518.0,0.0
2900,450322016.0,909560097.0,5462.267371,903188480.0,208662528.0,71.088,2485976.0,0.0
2905,450322058.0,909560139.0,5472.845986,903483392.0,208662528.0,69.14,2485985.0,0.0
2910,450322058.0,909560139.0,5484.003388,903225344.0,208662528.0,71.575,2485985.0,0.0
2915,450322058.0,909560139.0,5497.974062,903233536.0,208662528.0,70.601,2485987.0,0.0
2920,450322058.0,909560139.0,5509.78665,903499776.0,208662528.0,71.575,2485989.0,0.0
2925,450322058.0,909560139.0,5522.875993,903270400.0,208662528.0,70.601,2485996.0,0.0
2930,450322058.0,909560139.0,5535.740062,903385088.0,208662528.0,71.088,2486024.0,0.0
2935,450322058.0,909560139.0,5546.66805,904519680.0,208662528.0,72.549,2486292.0,0.0
2941,450322058.0,909560139.0,5557.983392,904617984.0,208662528.0,73.523,2486351.0,0.0
2946,463309323.0,909576048.0,5563.886793,795086848.0,208662528.0,68.166,2497708.0,0.0
2951,463309323.0,909576048.0,5563.902656,795086848.0,208662528.0,69.14,2497708.0,0.0
2956,463455598.0,922771133.0,5572.008894,861310976.0,208662528.0,72.062,2513805.0,0.0
2961,463455598.0,922771133.0,5587.29548,861458432.0,208662528.0,72.062,2513841.0,0.0
2966,463455598.0,922771133.0,5599.983402,861552640.0,208662528.0,72.062,2513876.0,0.0
2971,463455598.0,922771133.0,5612.45149,861577216.0,208662528.0,72.549,2513882.0,0.0
2976,463455899.0,922771308.0,5617.97533,790478848.0,208662528.0,68.166,2513928.0,0.0
2981,463455941.0,922771350.0,5618.001744,790474752.0,208662528.0,67.192,2513928.0,0.0
2986,463599402.0,935968666.0,5619.949628,904986624.0,208662528.0,70.114,2541793.0,0.0
2991,463599402.0,935968666.0,5631.602281,904990720.0,208662528.0,71.088,2541794.0,0.0
2996,463599402.0,935968666.0,5642.715734,904998912.0,208662528.0,70.114,2541796.0,0.0
3002,463599402.0,935968666.0,5657.033708,904998912.0,208662528.0,71.088,2541796.0,0.0
3007,463599402.0,935968666.0,5668.603181,904998912.0,208662528.0,70.601,2541796.0,0.0
3012,463599402.0,935968666.0,5680.902568,905011200.0,208662528.0,72.549,2541799.0,0.0
3017,463599402.0,935968666.0,5692.566213,905019392.0,208662528.0,71.575,2541801.0,0.0
3022,463599402.0,935968666.0,5706.008328,904921088.0,208662528.0,72.062,2541807.0,0.0
3027,463599402.0,935968666.0,5714.230714,905084928.0,208662528.0,71.088,2541845.0,0.0
3032,476586733.0,935984707.0,5723.386491,798355456.0,208662528.0,69.627,2553221.0,0.0
3037,476727002.0,949173060.0,5733.11022,864497664.0,208662528.0,72.549,2569282.0,0.0
3042,476727002.0,949173060.0,5744.498921,864358400.0,208662528.0,73.523,2569308.0,0.0
3047,476727002.0,949173060.0,5755.575098,864489472.0,208662528.0,72.549,2569353.0,0.0
3052,476727002.0,949173060.0,5769.5425,864518144.0,208662528.0,72.549,2569360.0,0.0
3057,476727002.0,949173060.0,5776.782736,864600064.0,208662528.0,69.14,2569403.0,0.0
3062,476727002.0,949173060.0,5776.814977,864600064.0,208662528.0,67.192,2569403.0,0.0
3067,476727303.0,949173235.0,5777.327713,792248320.0,208662528.0,70.114,2569403.0,0.0
3072,476826916.0,962307827.0,5788.275658,906199040.0,208662528.0,69.627,2597143.0,0.0
3077,476826916.0,962307827.0,5802.563774,906219520.0,208662528.0,70.601,2597148.0,0.0
3083,476826916.0,962307827.0,5811.736172,906219520.0,208662528.0,72.062,2597148.0,0.0
3088,476826916.0,962307827.0,5825.269444,906235904.0,208662528.0,71.575,2597152.0,0.0
3093,476826916.0,962307827.0,5836.848348,906244096.0,208662528.0,71.088,2597154.0,0.0
3098,476826916.0,962307827.0,5847.699737,906252288.0,208662528.0,71.575,2597156.0,0.0
3103,476826916.0,962307827.0,5862.415423,906264576.0,208662528.0,70.601,2597159.0,0.0
3108,476826916.0,962307827.0,5865.25985,906178560.0,208662528.0,66.705,2597162.0,0.0
3113,476826916.0,962307827.0,5873.755576,906522624.0,208662528.0,72.062,2597209.0,0.0
3118,489814181.0,962323934.0,5882.654404,802299904.0,208662528.0,68.166,2609276.0,0.0
3123,489961182.0,975520207.0,5886.512989,872669184.0,208662528.0,70.601,2626345.0,0.0
3128,489961182.0,975520207.0,5899.239424,872775680.0,208662528.0,71.575,2626372.0,0.0
3133,489961182.0,975520207.0,5909.704141,872890368.0,208662528.0,71.575,2626400.0,0.0
3138,489961182.0,975520207.0,5925.1198,872706048.0,208662528.0,73.036,2626429.0,0.0
3143,489961182.0,975520207.0,5935.535032,872726528.0,208662528.0,70.601,2626434.0,0.0
3149,489961182.0,975520207.0,5936.346177,872783872.0,208662528.0,67.679,2626473.0,0.0
3154,489961182.0,975520207.0,5936.365031,872783872.0,208662528.0,68.166,2626473.0,0.0
3159,490054190.0,988640478.0,5946.321217,912437248.0,208662528.0,70.114,2653831.0,0.0
3164,490054232.0,988640520.0,5957.853199,912437248.0,208662528.0,71.575,2653831.0,0.0
3169,490054232.0,988640520.0,5969.110792,912445440.0,208662528.0,69.627,2653833.0,0.0
3174,490054232.0,988640520.0,5979.892026,912445440.0,208662528.0,71.575,2653833.0,0.0
3179,490054232.0,988640520.0,5995.392353,912457728.0,208662528.0,71.575,2653836.0,0.0
3184,490054232.0,988640520.0,6006.898702,912470016.0,208662528.0,72.549,2653839.0,0.0
3189,490054232.0,988640520.0,6018.824892,912486400.0,208662528.0,72.062,2653843.0,0.0
3194,490054232.0,988640520.0,6032.135577,912850944.0,208662528.0,72.549,2653882.0,0.0
3199,490054232.0,988640520.0,6041.732868,830390272.0,208662528.0,67.192,2665536.0,0.0
3205,503041605.0,988656537.0,6052.559865,872685568.0,208662528.0,71.088,2681573.0,0.0
3210,503138116.0,1001771762.0,6064.521896,873062400.0,208662528.0,72.549,2681603.0,0.0
3215,503138116.0,1001771762.0,6076.67324,873168896.0,208662528.0,71.575,2681640.0,0.0
3220,503138116.0,1001771762.0,6086.552487,872927232.0,208662528.0,72.549,2681644.0,0.0
3225,503138417.0,1001771937.0,6096.187288,801890304.0,208662528.0,68.166,2681692.0,0.0
3230,503138417.0,1001771937.0,6096.213243,801890304.0,208662528.0,67.192,2681692.0,0.0
3235,503138417.0,1001771937.0,6096.240365,801890304.0,208662528.0,69.14,2681692.0,0.0
3240,503226768.0,1014870451.0,6108.853213,914321408.0,208662528.0,71.088,2709052.0,0.0
3245,503226768.0,1014870451.0,6119.234769,914321408.0,208662528.0,70.601,2709052.0,0.0
3250,503226768.0,1014870451.0,6131.927195,914321408.0,208662528.0,70.114,2709052.0,0.0
3255,503226768.0,1014870451.0,6144.48725,914321408.0,208662528.0,71.088,2709052.0,0.0
3260,503226768.0,1014870451.0,6158.164514,914792448.0,208662528.0,71.088,2709104.0,0.0
3265,503226768.0,1014870451.0,6167.380344,914538496.0,208662528.0,71.575,2709105.0,0.0
3271,503226768.0,1014870451.0,6183.148529,914554880.0,208662528.0,71.088,2709109.0,0.0
3276,503226768.0,1014870451.0,6194.381248,914964480.0,208662528.0,73.036,2709171.0,0.0
3281,516213901.0,1014886294.0,6201.432011,803663872.0,208662528.0,69.14,2719398.0,0.0
3286,516322424.0,1028023497.0,6201.961651,843771904.0,208662528.0,70.114,2729138.0,0.0
3291,516322424.0,1028023497.0,6215.180292,869666816.0,208662528.0,71.575,2735443.0,0.0
3296,516322424.0,1028023497.0,6225.469437,869777408.0,208662528.0,70.114,2735470.0,0.0
3301,516322424.0,1028023497.0,6228.50429,869711872.0,208662528.0,67.679,2735479.0,0.0
3306,516322424.0,1028023497.0,6228.522824,869711872.0,208662528.0,68.166,2735479.0,0.0
3311,516322424.0,1028023497.0,6237.655374,739786752.0,208662528.0,71.575,2747143.0,0.0
3316,516322424.0,1028023497.0,6248.771997,739823616.0,208662528.0,72.062,2747152.0,0.0
3321,516440446.0,1041227588.0,6260.155445,792465408.0,208662528.0,70.114,2794164.0,0.0
3326,516440446.0,1041227588.0,6274.575439,810156032.0,208662528.0,70.114,2798443.0,0.0
3331,516440446.0,1041227588.0,6285.673445,811245568.0,208662528.0,72.062,2798750.0,0.0
3337,516440446.0,1041227588.0,6298.735391,812769280.0,208662528.0,70.601,2799117.0,0.0
3342,516440446.0,1041227588.0,6309.141501,812544000.0,208662528.0,71.575,2799125.0,0.0
3347,516440446.0,1041227588.0,6321.133883,812810240.0,208662528.0,71.088,2799127.0,0.0
3352,516440446.0,1041227588.0,6332.492359,812589056.0,208662528.0,71.088,2799136.0,0.0
3357,516440446.0,1041227588.0,6345.969569,812863488.0,208662528.0,72.549,2799162.0,0.0
3362,516440446.0,1041227588.0,6356.883012,812756992.0,208662528.0,70.601,2799203.0,0.0
3367,529427711.0,1041243365.0,6361.081769,802267136.0,208662528.0,68.166,2814276.0,0.0
3372,529512276.0,1054333180.0,6366.641307,868728832.0,208662528.0,70.114,2830438.0,0.0
3377,529512276.0,1054333180.0,6375.04758,869048320.0,208662528.0,71.088,2830456.0,0.0
3382,529512276.0,1054333180.0,6388.416186,868855808.0,208662528.0,68.653,2830492.0,0.0
3387,529512276.0,1054333180.0,6388.440963,868855808.0,208662528.0,67.192,2830492.0,0.0
3392,529512276.0,1054333180.0,6389.184126,868978688.0,208662528.0,70.601,2830512.0,0.0
3397,529512276.0,1054333180.0,6401.56491,869007360.0,208662528.0,70.601,2830519.0,0.0
3403,529512276.0,1054333180.0,6415.275508,868982784.0,208662528.0,69.627,2830570.0,0.0
3408,529629902.0,1067503611.0,6423.797763,910700544.0,208662528.0,70.601,2858121.0,0.0
3413,529629902.0,1067503611.0,6435.736896,910716928.0,208662528.0,72.062,2858125.0,0.0
3418,529629902.0,1067503611.0,6449.719888,910716928.0,208662528.0,69.627,2858125.0,0.0
3423,529629902.0,1067503611.0,6462.856731,910745600.0,208662528.0,72.062,2858132.0,0.0
3428,529629902.0,1067503611.0,6474.540185,910753792.0,208662528.0,71.088,2858134.0,0.0
3433,529629902.0,1067503611.0,6486.428259,910770176.0,208662528.0,71.575,2858138.0,0.0
3438,529629902.0,1067503611.0,6495.153185,911519744.0,208662528.0,72.062,2858259.0,0.0
3443,529629902.0,1067503611.0,6503.175479,911228928.0,208662528.0,67.679,2858262.0,0.0
3448,529629902.0,1067503611.0,6509.350558,911351808.0,208662528.0,71.575,2858293.0,0.0
3453,529629902.0,1067503611.0,6519.481742,911429632.0,208662528.0,70.601,2858324.0,0.0
3459,542740804.0,1080687545.0,6531.14856,872124416.0,208662528.0,71.088,2886151.0,0.0
3464,542740804.0,1080687545.0,6539.951133,872206336.0,208662528.0,72.062,2886171.0,0.0
3469,542740804.0,1080687545.0,6555.000465,872361984.0,208662528.0,73.036,2886220.0,0.0
3474,542740804.0,1080687545.0,6563.843996,872382464.0,208662528.0,73.523,2886225.0,0.0
3479,542741105.0,1080687720.0,6575.136597,801333248.0,208662528.0,70.114,2886272.0,0.0
3484,542840742.0,1093811380.0,6583.124916,913788928.0,208662528.0,72.062,2913636.0,0.0
3489,542840742.0,1093811380.0,6594.63411,913793024.0,208662528.0,70.601,2913637.0,0.0
3494,542840742.0,1093811380.0,6606.818669,913805312.0,208662528.0,70.601,2913640.0,0.0
3499,542840742.0,1093811380.0,6617.35446,913817600.0,208662528.0,71.575,2913643.0,0.0
3504,542840742.0,1093811380.0,6633.40969,914079744.0,208662528.0,72.062,2913645.0,0.0
3509,542840742.0,1093811380.0,6643.559148,913833984.0,208662528.0,71.575,2913647.0,0.0
3514,542840742.0,1093811380.0,6657.837886,913854464.0,208662528.0,72.549,2913652.0,0.0
3519,542840742.0,1093811380.0,6677.485286,914022400.0,208662528.0,71.575,2913718.0,0.0
3525,555827875.0,1093827025.0,6679.794525,808185856.0,208662528.0,68.166,2925293.0,0.0
3530,555937784.0,1106964294.0,6685.568462,873996288.0,208662528.0,71.575,2941355.0,0.0
3535,555937784.0,1106964294.0,6701.264214,874135552.0,208662528.0,72.062,2941389.0,0.0
3540,555937784.0,1106964294.0,6713.34832,874295296.0,208662528.0,73.036,2941441.0,0.0
3545,555937784.0,1106964294.0,6724.402637,874315776.0,208662528.0,73.036,2941446.0,0.0
3550,555938085.0,1106964469.0,6734.184567,803262464.0,208662528.0,68.653,2941490.0,0.0
3555,555938085.0,1106964469.0,6734.218264,803262464.0,208662528.0,67.192,2941490.0,0.0
3560,556022674.0,1120052489.0,6734.456085,810377216.0,208662528.0,68.166,2943151.0,0.0
3565,556022716.0,1120052531.0,6744.843028,916193280.0,208662528.0,70.601,2968971.0,0.0
3570,556022716.0,1120052531.0,6755.767308,916193280.0,208662528.0,71.088,2968971.0,0.0
3575,556022716.0,1120052531.0,6768.532363,916197376.0,208662528.0,71.088,2968972.0,0.0
3580,556022716.0,1120052531.0,6779.247622,916205568.0,208662528.0,71.575,2968974.0,0.0
3585,556022716.0,1120052531.0,6790.737427,916217856.0,208662528.0,71.575,2968977.0,0.0
3591,556022716.0,1120052531.0,6805.014038,916230144.0,208662528.0,72.549,2968980.0,0.0
3596,556022716.0,1120052531.0,6817.544775,916242432.0,208662528.0,71.088,2968983.0,0.0
3601,556022716.0,1120052531.0,6830.120416,916434944.0,208662528.0,70.114,2969058.0,0.0
3606,556022716.0,1120052531.0,6836.094388,916660224.0,208662528.0,70.114,2969081.0,0.0
3611,569010113.0,1120068770.0,6839.169569,809553920.0,208662528.0,67.679,2980440.0,0.0
3616,569156166.0,1133264821.0,6844.833392,875835392.0,208662528.0,71.575,2996489.0,0.0
3621,569156166.0,1133264821.0,6857.420467,875945984.0,208662528.0,71.575,2996515.0,0.0
3626,569156166.0,1133264821.0,6868.812461,876060672.0,208662528.0,72.062,2996565.0,0.0
3631,569156166.0,1133264821.0,6881.805194,875859968.0,208662528.0,73.036,2996570.0,0.0
3636,569156166.0,1133264821.0,6893.228134,834875392.0,208662528.0,70.114,2996615.0,0.0
3641,569156467.0,1133264996.0,6893.374133,804802560.0,208662528.0,67.679,2996615.0,0.0
3647,569156467.0,1133264996.0,6893.415761,804802560.0,208662528.0,66.218,2996615.0,0.0
3652,569299796.0,1146455844.0,6900.563408,917438464.0,208662528.0,69.627,3023973.0,0.0
3657,569299838.0,1146455886.0,6915.028995,917237760.0,208662528.0,70.601,3023973.0,0.0
3662,569299838.0,1146455886.0,6924.534412,917245952.0,208662528.0,71.088,3023975.0,0.0
3667,569299838.0,1146455886.0,6935.443662,917245952.0,208662528.0,70.601,3023975.0,0.0
3672,569299838.0,1146455886.0,6947.001898,917258240.0,208662528.0,71.575,3023978.0,0.0
3677,569299838.0,1146455886.0,6963.425841,917274624.0,208662528.0,71.088,3023982.0,0.0
3682,569299838.0,1146455886.0,6975.836761,917286912.0,208662528.0,71.575,3023985.0,0.0
3687,569299838.0,1146455886.0,6981.041488,917204992.0,208662528.0,67.679,3023988.0,0.0
3692,569299838.0,1146455886.0,6984.115371,917336064.0,208662528.0,70.601,3024010.0,0.0
3697,569299838.0,1146455886.0,6997.603907,917667840.0,208662528.0,68.653,3024063.0,0.0
3702,582431554.0,1159668620.0,7003.813972,876634112.0,208662528.0,70.601,3051439.0,0.0
3708,582431596.0,1159668662.0,7012.945382,876716032.0,208662528.0,72.549,3051458.0,0.0
3713,582431596.0,1159668662.0,7028.443709,876658688.0,208662528.0,72.549,3051517.0,0.0
3718,582431596.0,1159668662.0,7039.763691,876679168.0,208662528.0,73.036,3051522.0,0.0
3723,582431596.0,1159668662.0,7051.883402,876711936.0,208662528.0,70.114,3051530.0,0.0
3728,582431596.0,1159668662.0,7052.039186,876777472.0,208662528.0,67.192,3051569.0,0.0
3733,582431596.0,1159668662.0,7052.063723,876777472.0,208662528.0,68.166,3051569.0,0.0
3738,582554964.0,1172839093.0,7060.025238,918081536.0,208662528.0,69.14,3078931.0,0.0
3743,582555006.0,1172839135.0,7074.798486,918085632.0,208662528.0,72.549,3078932.0,0.0
3748,582555006.0,1172839135.0,7084.154583,918106112.0,208662528.0,71.575,3078937.0,0.0
3753,582555006.0,1172839135.0,7097.549774,918110208.0,208662528.0,71.575,3078938.0,0.0
3758,582555006.0,1172839135.0,7110.780324,918118400.0,208662528.0,71.088,3078940.0,0.0
3763,582555006.0,1172839135.0,7123.054647,918134784.0,208662528.0,72.549,3078944.0,0.0
3768,582555006.0,1172839135.0,7136.093269,918147072.0,208662528.0,71.575,3078947.0,0.0
3773,582555006.0,1172839135.0,7148.156131,918515712.0,208662528.0,73.036,3078987.0,0.0
3779,595542205.0,1172854846.0,7157.171489,811655168.0,208662528.0,68.653,3090386.0,0.0
3784,595542205.0,1172854846.0,7157.188811,811397120.0,208662528.0,68.166,3090386.0,0.0
3789,595664366.0,1186028919.0,7166.873654,773832704.0,208662528.0,72.062,3117070.0,0.0
3794,595664366.0,1186028919.0,7179.877366,773697536.0,208662528.0,72.549,3117100.0,0.0
3799,595664366.0,1186028919.0,7187.640359,774205440.0,208662528.0,72.062,3117237.0,0.0
3804,595664366.0,1186028919.0,7203.235385,774377472.0,208662528.0,72.549,3117279.0,0.0
3809,595664667.0,1186029094.0,7210.952504,716566528.0,208662528.0,68.166,3117422.0,0.0
3814,595664709.0,1186029136.0,7210.975954,716566528.0,208662528.0,66.218,3117422.0,0.0
3819,595770352.0,1197615208.0,7211.144972,721928192.0,208662528.0,68.166,3118654.0,0.0
3824,595777282.0,1199203356.0,7221.704421,902094848.0,208662528.0,70.601,3162568.0,0.0
3829,595777282.0,1199203356.0,7233.678756,904044544.0,208662528.0,70.114,3162984.0,0.0
3834,595777282.0,1199203356.0,7245.319655,905650176.0,208662528.0,71.088,3163499.0,0.0
3839,595777282.0,1199203356.0,7259.414381,906006528.0,208662528.0,70.601,3163524.0,0.0
3845,595777282.0,1199203356.0,7282.04245,906264576.0,208662528.0,71.088,3163649.0,0.0
3850,595777282.0,1199203356.0,7294.877503,906350592.0,208662528.0,71.575,3163670.0,0.0
3855,595777282.0,1199203356.0,7306.247322,906461184.0,208662528.0,73.523,3163710.0,0.0
3860,608764613.0,1199219529.0,7316.483348,810876928.0,208662528.0,69.627,3178006.0,0.0
3865,608764613.0,1199219529.0,7316.503326,810618880.0,208662528.0,69.627,3178006.0,0.0
3870,608902614.0,1212405350.0,7328.061389,876945408.0,208662528.0,72.062,3194132.0,0.0
3875,608902614.0,1212405350.0,7337.593318,877031424.0,208662528.0,70.114,3194153.0,0.0
3880,608902614.0,1212405350.0,7343.619131,877019136.0,208662528.0,66.705,3194173.0,0.0
3885,608902614.0,1212405350.0,7343.638321,877019136.0,208662528.0,68.166,3194173.0,0.0
3890,608902614.0,1212405350.0,7351.965215,877178880.0,208662528.0,71.575,3194202.0,0.0
3895,608902614.0,1212405350.0,7367.574857,877211648.0,208662528.0,70.601,3194210.0,0.0
3900,608902614.0,1212405350.0,7370.096821,877342720.0,208662528.0,66.705,3194265.0,0.0
3905,608902614.0,1212405350.0,7370.127112,877342720.0,208662528.0,66.218,3194265.0,0.0
3911,609047630.0,1225603237.0,7375.622712,920563712.0,208662528.0,70.114,3222107.0,0.0
3916,609047714.0,1225603321.0,7388.525205,920698880.0,208662528.0,70.114,3222140.0,0.0
3921,609047714.0,1225603321.0,7399.724598,920711168.0,208662528.0,71.088,3222143.0,0.0
3926,609047714.0,1225603321.0,7411.130033,920973312.0,208662528.0,70.601,3222144.0,0.0
3931,609047714.0,1225603321.0,7424.306007,920727552.0,208662528.0,72.062,3222147.0,0.0
3936,609047714.0,1225603321.0,7436.711286,920465408.0,208662528.0,71.575,3222224.0,0.0
3941,609047714.0,1225603321.0,7448.289604,920481792.0,208662528.0,70.601,3222228.0,0.0
3946,609047714.0,1225603321.0,7460.009195,920526848.0,208662528.0,72.549,3222251.0,0.0
3951,609047714.0,1225603321.0,7470.19529,920666112.0,208662528.0,72.062,3222295.0,0.0
3956,622035111.0,1225619362.0,7476.223179,813658112.0,208662528.0,67.679,3233777.0,0.0
3961,622107994.0,1238693403.0,7477.806443,884047872.0,208662528.0,69.627,3250851.0,0.0
3966,622108036.0,1238693445.0,7489.717198,883961856.0,208662528.0,71.088,3250876.0,0.0
3971,622108036.0,1238693445.0,7499.719235,884064256.0,208662528.0,71.088,3250901.0,0.0
3977,622108036.0,1238693445.0,7513.690857,884187136.0,208662528.0,71.575,3250943.0,0.0
3982,622108036.0,1238693445.0,7527.491265,884219904.0,208662528.0,70.601,3250951.0,0.0
3987,622225134.0,1251861830.0,7530.743276,864047104.0,208662528.0,70.601,3263712.0,0.0
3992,622225134.0,1251861830.0,7544.450715,924147712.0,208662528.0,72.062,3278363.0,0.0
3997,622225134.0,1251861830.0,7554.737349,924151808.0,208662528.0,71.088,3278364.0,0.0
4002,622225134.0,1251861830.0,7567.486787,924155904.0,208662528.0,71.088,3278365.0,0.0
4007,622225134.0,1251861830.0,7581.488355,924164096.0,208662528.0,71.088,3278367.0,0.0
4012,622225134.0,1251861830.0,7591.934921,924176384.0,208662528.0,71.575,3278370.0,0.0
4017,622225134.0,1251861830.0,7603.788344,924184576.0,208662528.0,72.062,3278372.0,0.0
4022,622225134.0,1251861830.0,7615.395139,924192768.0,208662528.0,72.062,3278374.0,0.0
4027,622225134.0,1251861830.0,7626.603931,924213248.0,208662528.0,71.088,3278415.0,0.0
4032,635212531.0,1251877871.0,7635.653767,813568000.0,208662528.0,68.166,3288809.0,0.0
4037,635346092.0,1265072452.0,7636.834572,884703232.0,208662528.0,70.601,3306156.0,0.0
4042,635346134.0,1265072494.0,7652.936128,884805632.0,208662528.0,72.062,3306189.0,0.0
4048,635346134.0,1265072494.0,7664.326542,885211136.0,208662528.0,72.549,3306239.0,0.0
4053,635346134.0,1265072494.0,7673.824579,884965376.0,208662528.0,72.549,3306242.0,0.0
4058,635346134.0,1265072494.0,7689.316023,885272576.0,208662528.0,70.114,3306282.0,0.0
4063,635346435.0,1265072669.0,7689.869738,812736512.0,208662528.0,67.192,3306292.0,0.0
4068,635346435.0,1265072669.0,7689.896666,812736512.0,208662528.0,66.218,3306292.0,0.0
4073,635459800.0,1278236985.0,7696.489069,925163520.0,208662528.0,69.14,3333650.0,0.0
4078,635459800.0,1278236985.0,7707.662203,925163520.0,208662528.0,71.575,3333650.0,0.0
4083,635459800.0,1278236985.0,7723.008321,925163520.0,208662528.0,71.088,3333650.0,0.0
4088,635459800.0,1278236985.0,7733.225316,925167616.0,208662528.0,71.575,3333651.0,0.0
4093,635459800.0,1278236985.0,7745.350506,925437952.0,208662528.0,69.627,3333654.0,0.0
4098,635459800.0,1278236985.0,7755.667322,925188096.0,208662528.0,71.575,3333656.0,0.0
4103,635459800.0,1278236985.0,7770.78627,925204480.0,208662528.0,72.062,3333660.0,0.0
4108,635459800.0,1278236985.0,7780.592023,925515776.0,208662528.0,73.036,3333686.0,0.0
4114,635459800.0,1278236985.0,7792.032836,925376512.0,208662528.0,69.627,3333728.0,0.0
4119,648447329.0,1278253224.0,7794.997732,814252032.0,208662528.0,67.192,3343902.0,0.0
4124,648525204.0,1291338725.0,7801.894197,884649984.0,208662528.0,71.575,3360956.0,0.0
4129,648525204.0,1291338725.0,7813.481268,884490240.0,208662528.0,71.575,3360980.0,0.0
4134,648525204.0,1291338725.0,7828.234913,884649984.0,208662528.0,71.575,3361032.0,0.0
4139,648525204.0,1291338725.0,7838.094367,884666368.0,208662528.0,72.549,3361036.0,0.0
4144,648525505.0,1291338900.0,7848.983331,813613056.0,208662528.0,69.14,3361082.0,0.0
4149,648655502.0,1304519716.0,7857.924844,934268928.0,208662528.0,72.062,3390458.0,0.0
4154,648655544.0,1304519758.0,7868.944285,934268928.0,208662528.0,72.549,3390458.0,0.0
4159,648655544.0,1304519758.0,7882.294202,934268928.0,208662528.0,71.575,3390458.0,0.0
4164,648655544.0,1304519758.0,7893.662153,934531072.0,208662528.0,71.575,3390459.0,0.0
4169,648655544.0,1304519758.0,7905.113718,934297600.0,208662528.0,71.088,3390465.0,0.0
4175,648655544.0,1304519758.0,7927.661304,934305792.0,208662528.0,71.088,3390467.0,0.0
4180,648655544.0,1304519758.0,7937.110094,934481920.0,208662528.0,69.14,3390471.0,0.0
4185,648655544.0,1304519758.0,7942.814664,934395904.0,208662528.0,71.575,3390501.0,0.0
4190,648655544.0,1304519758.0,7953.43994,934473728.0,208662528.0,68.653,3390533.0,0.0
4195,661776040.0,1317704046.0,7957.538476,885788672.0,208662528.0,72.062,3417782.0,0.0
4200,661776124.0,1317704130.0,7969.92428,885899264.0,208662528.0,73.036,3417809.0,0.0
4205,661776124.0,1317704130.0,7982.282208,886214656.0,208662528.0,73.036,3417863.0,0.0
4210,661776124.0,1317704130.0,7996.085405,886087680.0,208662528.0,73.036,3417869.0,0.0
4215,661776124.0,1317704130.0,8006.718128,886108160.0,208662528.0,71.088,3417874.0,0.0
4220,661776425.0,1317704305.0,8008.767365,815054848.0,208662528.0,68.166,3417915.0,0.0
4225,661776425.0,1317704305.0,8008.785416,815054848.0,208662528.0,66.705,3417915.0,0.0
4230,661920150.0,1330895945.0,8015.217733,927498240.0,208662528.0,70.114,3445279.0,0.0
4235,661920192.0,1330895987.0,8026.549436,927498240.0,208662528.0,71.575,3445279.0,0.0
4240,661920192.0,1330895987.0,8039.68534,927498240.0,208662528.0,72.062,3445279.0,0.0
4246,661920192.0,1330895987.0,8052.215901,927498240.0,208662528.0,71.575,3445279.0,0.0
4251,661920192.0,1330895987.0,8064.18823,927510528.0,208662528.0,71.575,3445282.0,0.0
4256,661920192.0,1330895987.0,8076.471941,927526912.0,208662528.0,72.062,3445286.0,0.0
4261,661920192.0,1330895987.0,8086.81306,927793152.0,208662528.0,72.062,3445289.0,0.0
4266,661920192.0,1330895987.0,8098.640011,927580160.0,208662528.0,73.036,3445311.0,0.0
4271,661920192.0,1330895987.0,8110.876988,776085504.0,208662528.0,70.114,3454273.0,0.0
4276,674907457.0,1330912028.0,8113.919008,740519936.0,208662528.0,67.679,3480196.0,0.0
4281,675024626.0,1344113713.0,8121.383672,836046848.0,208662528.0,70.601,3503448.0,0.0
4286,675024626.0,1344113713.0,8132.436919,836153344.0,208662528.0,72.549,3503474.0,0.0
4291,675024626.0,1344113713.0,8144.016637,836808704.0,208662528.0,72.549,3503646.0,0.0
4296,675024626.0,1344113713.0,8156.797952,837099520.0,208662528.0,73.523,3503659.0,0.0
4301,675024927.0,1344113888.0,8167.574735,765673472.0,208662528.0,68.653,3503710.0,0.0
4306,675024927.0,1344113888.0,8167.611696,765673472.0,208662528.0,67.679,3503710.0,0.0
4311,675024927.0,1344113888.0,8167.631031,765673472.0,208662528.0,66.705,3503710.0,0.0
4317,675110836.0,1357231014.0,8176.091448,905396224.0,208662528.0,70.114,3537709.0,0.0
4322,675110878.0,1357231056.0,8189.512152,921505792.0,208662528.0,71.575,3541612.0,0.0
4327,675110878.0,1357231056.0,8199.607373,921595904.0,208662528.0,71.088,3541634.0,0.0
4332,675110878.0,1357231056.0,8212.727885,921477120.0,208662528.0,71.575,3541667.0,0.0
4337,675110878.0,1357231056.0,8226.430022,921538560.0,208662528.0,70.114,3541682.0,0.0
4342,675110878.0,1357231056.0,8238.984083,921567232.0,208662528.0,72.062,3541689.0,0.0
4347,675110878.0,1357231056.0,8250.334648,921595904.0,208662528.0,71.575,3541696.0,0.0
4352,675110878.0,1357231056.0,8255.099369,921509888.0,208662528.0,68.166,3541699.0,0.0
4357,675110878.0,1357231056.0,8262.805137,921964544.0,208662528.0,69.14,3541736.0,0.0
4362,675110878.0,1357231056.0,8270.419171,921767936.0,208662528.0,70.114,3541762.0,0.0
4367,688235400.0,1370429204.0,8278.124497,881192960.0,208662528.0,71.088,3569028.0,0.0
4372,688235442.0,1370429246.0,8287.155052,881254400.0,208662528.0,73.523,3569047.0,0.0
4378,688235442.0,1370429246.0,8299.35802,881672192.0,208662528.0,72.549,3569082.0,0.0
4383,688235442.0,1370429246.0,8315.302333,881479680.0,208662528.0,72.062,3569110.0,0.0
4388,688235442.0,1370429246.0,8325.514001,881360896.0,208662528.0,69.627,3569157.0,0.0
4393,688373000.0,1383627529.0,8332.154958,924237824.0,208662528.0,71.088,3596915.0,0.0
4398,688373000.0,1383627529.0,8343.706945,924254208.0,208662528.0,72.549,3596919.0,0.0
4403,688373000.0,1383627529.0,8356.909511,924278784.0,208662528.0,72.062,3596925.0,0.0
4408,688373000.0,1383627529.0,8368.08773,924291072.0,208662528.0,72.062,3596928.0,0.0
4413,688373000.0,1383627529.0,8379.13442,924311552.0,208662528.0,71.575,3596933.0,0.0
4418,688373000.0,1383627529.0,8392.786965,924332032.0,208662528.0,72.062,3596938.0,0.0
4423,688373000.0,1383627529.0,8406.346786,924356608.0,208662528.0,72.549,3596944.0,0.0
4428,688373000.0,1383627529.0,8413.491529,924270592.0,208662528.0,68.166,3596947.0,0.0
4433,688373000.0,1383627529.0,8414.132116,924381184.0,208662528.0,71.575,3596962.0,0.0
4438,688373000.0,1383627529.0,8428.838778,924516352.0,208662528.0,70.114,3597009.0,0.0
4443,701447560.0,1396766211.0,8433.915105,882774016.0,208662528.0,70.601,3624270.0,0.0
4449,701447602.0,1396766253.0,8445.515743,882630656.0,208662528.0,72.062,3624295.0,0.0
4454,701447602.0,1396766253.0,8456.04991,882745344.0,208662528.0,69.627,3624323.0,0.0
4459,701447602.0,1396766253.0,8457.63076,882671616.0,208662528.0,68.166,3624329.0,0.0
4464,701447602.0,1396766253.0,8457.646542,882671616.0,208662528.0,69.627,3624329.0,0.0
4469,701447602.0,1396766253.0,8469.808024,882819072.0,208662528.0,71.575,3624353.0,0.0
4474,701447602.0,1396766253.0,8483.923359,883113984.0,208662528.0,71.088,3624398.0,0.0
4479,701447602.0,1396766253.0,8483.950447,882905088.0,208662528.0,66.705,3624399.0,0.0
4484,701447602.0,1396766253.0,8483.970066,882905088.0,208662528.0,66.218,3624399.0,0.0
4489,701577768.0,1409943152.0,8490.576796,925970432.0,208662528.0,70.114,3652239.0,0.0
4494,701577852.0,1409943236.0,8502.933934,925974528.0,208662528.0,70.114,3652240.0,0.0
4499,701577852.0,1409943236.0,8513.789581,925982720.0,208662528.0,70.114,3652242.0,0.0
4504,701577852.0,1409943236.0,8530.05596,925982720.0,208662528.0,70.601,3652242.0,0.0
4509,701577852.0,1409943236.0,8540.867223,925986816.0,208662528.0,71.575,3652243.0,0.0
4514,701577852.0,1409943236.0,8552.660549,925999104.0,208662528.0,70.601,3652246.0,0.0
4519,701577852.0,1409943236.0,8575.023068,926064640.0,208662528.0,72.062,3652274.0,0.0
4524,701577852.0,1409943236.0,8588.873693,926121984.0,208662528.0,70.114,3652327.0,0.0
4530,714565117.0,1409959013.0,8589.673524,815955968.0,208662528.0,67.679,3662707.0,0.0
4535,714668228.0,1423099450.0,8600.117301,882106368.0,208662528.0,71.575,3678732.0,0.0
4540,714668228.0,1423099450.0,8611.642851,882225152.0,208662528.0,71.575,3678759.0,0.0
4545,714668228.0,1423099450.0,8620.510097,882094080.0,208662528.0,73.036,3678801.0,0.0
4550,714668228.0,1423099450.0,8636.267104,882130944.0,208662528.0,73.036,3678810.0,0.0
4555,714668529.0,1423099625.0,8643.554661,841400320.0,208662528.0,67.679,3678852.0,0.0
4560,714668529.0,1423099625.0,8643.57996,841142272.0,208662528.0,67.679,3678852.0,0.0
4565,714753844.0,1436187843.0,8645.110076,927662080.0,208662528.0,68.166,3699789.0,0.0
4570,714753886.0,1436187885.0,8657.240721,927260672.0,208662528.0,70.601,3699789.0,0.0
4575,714753886.0,1436187885.0,8669.261621,927264768.0,208662528.0,71.575,3699790.0,0.0
4580,714753886.0,1436187885.0,8680.726644,927264768.0,208662528.0,71.088,3699790.0,0.0
4585,714753886.0,1436187885.0,8691.243362,927277056.0,208662528.0,72.062,3699793.0,0.0
4590,714753886.0,1436187885.0,8706.307511,927301632.0,208662528.0,71.088,3699799.0,0.0
4595,714753886.0,1436187885.0,8716.489683,927313920.0,208662528.0,71.088,3699802.0,0.0
4601,714753886.0,1436187885.0,8726.782121,927322112.0,208662528.0,72.062,3699804.0,0.0
4606,714753886.0,1436187885.0,8739.090443,927436800.0,208662528.0,71.575,3699844.0,0.0
4611,727741019.0,1436203464.0,8748.288628,818413568.0,208662528.0,67.679,3710837.0,0.0
4616,727741019.0,1436203464.0,8748.300509,818155520.0,208662528.0,69.14,3710837.0,0.0
4621,727879110.0,1449386009.0,8759.539215,888336384.0,208662528.0,72.549,3727900.0,0.0
4626,727879110.0,1449386009.0,8771.899727,888717312.0,208662528.0,72.549,3727932.0,0.0
4631,727879110.0,1449386009.0,8784.151598,888553472.0,208662528.0,73.036,3727965.0,0.0
4636,727879110.0,1449386009.0,8795.914216,888582144.0,208662528.0,72.062,3727972.0,0.0
4641,727879411.0,1449386184.0,8801.85223,817508352.0,208662528.0,68.166,3728014.0,0.0
4646,727879411.0,1449386184.0,8801.878976,817508352.0,208662528.0,66.705,3728014.0,0.0
4651,728025644.0,1462583236.0,8802.890462,931082240.0,208662528.0,69.14,3755652.0,0.0
4656,728025686.0,1462583278.0,8815.740837,931082240.0,208662528.0,71.088,3755652.0,0.0
4662,728025686.0,1462583278.0,8825.91819,931082240.0,208662528.0,70.601,3755652.0,0.0
4667,728025686.0,1462583278.0,8840.778244,931082240.0,208662528.0,72.062,3755652.0,0.0
4672,728025686.0,1462583278.0,8852.539268,931348480.0,208662528.0,70.601,3755654.0,0.0
4677,728025686.0,1462583278.0,8864.575475,931115008.0,208662528.0,70.601,3755660.0,0.0
4682,728025686.0,1462583278.0,8875.234302,931381248.0,208662528.0,71.575,3755662.0,0.0
4687,728025686.0,1462583278.0,8887.674828,931147776.0,208662528.0,72.549,3755668.0,0.0
4692,728025686.0,1462583278.0,8899.120662,931295232.0,208662528.0,73.036,3755729.0,0.0
4697,741012951.0,1462599253.0,8906.967144,820076544.0,208662528.0,68.166,3765886.0,0.0
4702,741135754.0,1475778654.0,8911.700994,890511360.0,208662528.0,70.114,3782960.0,0.0
4707,741135796.0,1475778696.0,8924.530705,890388480.0,208662528.0,72.549,3782986.0,0.0
4712,741135796.0,1475778696.0,8936.345521,890540032.0,208662528.0,72.062,3783035.0,0.0
4718,741135796.0,1475778696.0,8948.274355,890560512.0,208662528.0,72.549,3783040.0,0.0
4723,741135796.0,1475778696.0,8959.656744,890585088.0,208662528.0,70.114,3783046.0,0.0
4728,741136097.0,1475778871.0,8960.965985,818409472.0,208662528.0,67.679,3783087.0,0.0
4733,741136097.0,1475778871.0,8960.999183,818409472.0,208662528.0,65.731,3783087.0,0.0
4738,741253950.0,1488951239.0,8967.118027,833482752.0,208662528.0,69.14,3832348.0,0.0
4743,741253950.0,1488951239.0,8979.002201,847695872.0,208662528.0,70.601,3835881.0,0.0
4748,741253950.0,1488951239.0,8992.4078,849223680.0,208662528.0,71.575,3836254.0,0.0
4753,741253950.0,1488951239.0,9004.417633,850907136.0,208662528.0,71.088,3836617.0,0.0
4758,741253950.0,1488951239.0,9016.547377,852070400.0,208662528.0,71.088,3836949.0,0.0
4763,741253950.0,1488951239.0,9029.181064,852123648.0,208662528.0,71.575,3836963.0,0.0
4768,741253950.0,1488951239.0,9038.615294,852131840.0,208662528.0,70.601,3836965.0,0.0
4773,741253950.0,1488951239.0,9050.06173,852537344.0,208662528.0,73.523,3837077.0,0.0
4778,741253950.0,1488951239.0,9064.84802,770441216.0,208662528.0,70.114,3837148.0,0.0
4783,754241149.0,1488967214.0,9065.395981,809996288.0,208662528.0,66.705,3860211.0,0.0
4788,754375940.0,1502168371.0,9065.744549,846897152.0,208662528.0,70.601,3869188.0,0.0
4794,754375940.0,1502168371.0,9080.639042,888004608.0,208662528.0,72.062,3879191.0,0.0
4799,754375940.0,1502168371.0,9092.119178,888631296.0,208662528.0,71.575,3879226.0,0.0
4804,754375940.0,1502168371.0,9104.465285,888512512.0,208662528.0,71.575,3879265.0,0.0
4809,754375940.0,1502168371.0,9115.853549,888283136.0,208662528.0,70.114,3879272.0,0.0
4814,754376241.0,1502168546.0,9119.150172,816881664.0,208662528.0,66.705,3879315.0,0.0
4819,754376241.0,1502168546.0,9119.186882,816881664.0,208662528.0,66.218,3879315.0,0.0
4824,754523200.0,1515363882.0,9126.174993,929427456.0,208662528.0,70.114,3906698.0,0.0
4829,754523200.0,1515363882.0,9134.767165,929427456.0,208662528.0,70.601,3906698.0,0.0
4834,754523200.0,1515363882.0,9148.433277,929427456.0,208662528.0,71.088,3906698.0,0.0
4839,754523200.0,1515363882.0,9163.466963,929443840.0,208662528.0,70.601,3906702.0,0.0
4844,754523200.0,1515363882.0,9174.788311,929452032.0,208662528.0,70.114,3906704.0,0.0
4849,754523200.0,1515363882.0,9185.561877,929468416.0,208662528.0,71.575,3906708.0,0.0
4854,754523200.0,1515363882.0,9198.995556,929779712.0,208662528.0,71.575,3906721.0,0.0
4859,754523200.0,1515363882.0,9208.544843,929832960.0,208662528.0,72.062,3906746.0,0.0
4864,754523200.0,1515363882.0,9222.806329,847454208.0,208662528.0,69.627,3906802.0,0.0
4869,767510531.0,1528579166.0,9223.789451,890658816.0,208662528.0,69.627,3934465.0,0.0
4875,767657334.0,1528579166.0,9235.55741,890695680.0,208662528.0,71.088,3934502.0,0.0
4880,767657334.0,1528579166.0,9247.515197,890818560.0,208662528.0,69.627,3934532.0,0.0
4885,767657334.0,1528579166.0,9250.324991,890765312.0,208662528.0,66.218,3934542.0,0.0
4890,767657334.0,1528579166.0,9250.62304,891457536.0,208662528.0,68.653,3934561.0,0.0
4895,767657334.0,1528579166.0,9262.576516,890904576.0,208662528.0,72.062,3934565.0,0.0
4900,767657334.0,1528579166.0,9275.21632,890937344.0,208662528.0,69.14,3934573.0,0.0
4905,767805188.0,1541778109.0,9279.657221,849534976.0,208662528.0,72.549,3962103.0,0.0
4910,767805188.0,1541778109.0,9293.691536,849235968.0,208662528.0,70.114,3962103.0,0.0
4915,767805188.0,1541778109.0,9304.702746,849240064.0,208662528.0,71.575,3962104.0,0.0
4920,767805188.0,1541778109.0,9318.628104,849248256.0,208662528.0,71.088,3962106.0,0.0
4925,767805188.0,1541778109.0,9332.644284,849522688.0,208662528.0,72.549,3962110.0,0.0
4930,767805188.0,1541778109.0,9341.312064,849268736.0,208662528.0,70.601,3962111.0,0.0
4935,767805188.0,1541778109.0,9355.392676,849281024.0,208662528.0,72.062,3962114.0,0.0
4941,767805188.0,1541778109.0,9367.64476,849600512.0,208662528.0,72.062,3962141.0,0.0
4946,767805188.0,1541778109.0,9380.749365,849432576.0,208662528.0,71.088,3962192.0,0.0
4951,780792387.0,1541793886.0,9381.528403,820588544.0,208662528.0,66.705,3972525.0,0.0
4956,780932434.0,1554984393.0,9382.177478,895655936.0,208662528.0,68.653,3990837.0,0.0
4961,780932434.0,1554984393.0,9393.055552,896024576.0,208662528.0,71.088,3990873.0,0.0
4966,780932434.0,1554984393.0,9408.308856,896196608.0,208662528.0,69.627,3990915.0,0.0
4971,780932434.0,1554984393.0,9408.430809,896106496.0,208662528.0,67.192,3990917.0,0.0
4976,780932434.0,1554984393.0,9408.456662,896106496.0,208662528.0,68.166,3990917.0,0.0
4981,780932434.0,1554984393.0,9418.991518,896245760.0,208662528.0,71.575,3990940.0,0.0
4986,780932434.0,1554984393.0,9432.679303,896282624.0,208662528.0,70.601,3990949.0,0.0
4991,781081806.0,1568185646.0,9440.711843,937869312.0,208662528.0,69.627,4018656.0,0.0
4996,781081806.0,1568185646.0,9453.402124,937873408.0,208662528.0,72.062,4018657.0,0.0
5001,781081806.0,1568185646.0,9464.395502,937873408.0,208662528.0,71.088,4018657.0,0.0
5006,781081806.0,1568185646.0,9479.721572,937885696.0,208662528.0,71.088,4018660.0,0.0
5012,781081806.0,1568185646.0,9490.732634,937897984.0,208662528.0,71.088,4018663.0,0.0
5017,781081806.0,1568185646.0,9501.227531,938905600.0,208662528.0,71.575,4018909.0,0.0
5022,781081806.0,1568185646.0,9515.064651,938913792.0,208662528.0,71.088,4018911.0,0.0
5027,781081806.0,1568185646.0,9521.929078,938860544.0,208662528.0,68.166,4018914.0,0.0
5032,781081806.0,1568185646.0,9526.268992,939241472.0,208662528.0,70.114,4018941.0,0.0
5037,781081806.0,1568185646.0,9538.14619,939077632.0,208662528.0,70.601,4018976.0,0.0
5042,794200256.0,1581377194.0,9547.834579,895733760.0,208662528.0,71.088,4045821.0,0.0
5047,794200298.0,1581377236.0,9559.343223,896094208.0,208662528.0,72.062,4045846.0,0.0
5052,794200298.0,1581377236.0,9570.970894,896212992.0,208662528.0,71.575,4045889.0,0.0
5057,794200298.0,1581377236.0,9584.599019,895983616.0,208662528.0,73.036,4045896.0,0.0
5062,794200599.0,1581377411.0,9592.786086,824918016.0,208662528.0,68.653,4045938.0,0.0
